RNA31_F	104	7	1
RNA8	133	6	1
RNA23t_F	82	7	2
RNA42	95	6	2
RNA8	133	8	6
SSUB	145	19	6
RNA23t_F	82	9	3
RNA31_F	73	0	13
RNA31_F	73	1	1
RNA42	120	11	1
RNA31_F	73	3	2
RNA11_F	57	10	3
RNA31_F	73	4	3
RNA31_F	73	6	1
RNA40	86	0	1
RNA31_F	73	7	1
RNA31_F	73	8	196
RNA31_F	73	9	2
RNA16	140	6	2
RNA18	64	12	1
RNA7	94	21	3
RNA7	94	22	1
RNA15_F	52	0	5
SSUD	78	0	39926
RNA15_F	52	1	1
SSUD	78	1	5498
RNA15_F	52	2	1
SSUD	78	2	2796
SSUD	118	15	1
SSUD	78	3	195
SSUD	78	4	493
RNA15_F	52	5	1
RNA33_1	41	21	1
SSUD	78	5	3886
SSUD	78	6	441700
SSUD	78	7	2756
SSUD	78	8	198
SSUD	78	9	3835
RNA32_F	40	10	2
RNA10_1	50	10	1
RNA32_F	40	12	1
RNA10_1	50	11	3
RNA5_F	115	32	1
RNA10_1	50	13	2
SSUD	141	0	1
RNA16	55	12	6
RNA10_1	50	17	5
RNA16	55	13	1
RNA16	55	15	1
RNA29	72	0	5
RNA29	72	2	1
RNA9	141	10	78
RNA29	72	3	1
RNA29	72	5	1
RNA29	72	6	1
RNA31_F	107	0	2
RNA29	72	8	1
RNA23t_F	85	0	1
RNA29	72	9	1
RNA28	61	0	6
RNA8	136	2	2
RNA28	61	1	1
RNA8	136	3	1
RNA8	136	4	2
RNA23t_F	85	5	1
RNA8	136	5	4
RNA14	46	10	128
RNA28	61	6	1
RNA14	46	11	36897
SSUD	150	14	1
RNA23t_F	87	10	3
RNA14	46	12	525
RNA23t_F	87	11	1
RNA14	46	13	112
RNA31_F	76	0	30
RNA28	61	9	1
RNA14	46	14	37
RNA31_F	76	1	8
RNA33_F	91	0	3
RNA14	46	15	145
RNA31_F	76	2	2
RNA23t_F	87	14	2
RNA14	46	16	46
RNA31_F	76	3	1
RNA23t_F	87	15	1
RNA14	46	17	25
RNA31_F	76	4	1
RNA31_F	76	6	3
RNA40	89	0	1
RNA31_F	76	7	2
RNA43	90	0	2
RNA31_F	76	8	1
RNA10_F	117	12	4
RNA42	120	20	1
RNA11_1	87	5	1
RNA43	33	10	15
RNA43	33	11	1
SSUA	114	19	1
RNA43	33	14	1
RNA33_2	57	12	5
RNA29	55	10	175761
RNA29	55	11	227
RNA33_2	57	15	4
RNA29	55	12	115
RNA33_2	57	16	5
RNA29	55	13	1872
RNA32_F	85	0	2
RNA33_2	57	17	3
RNA29	55	14	31
RNA29	55	15	3
RNA5_F	114	12	1
RNA29	55	16	60
RNA29	55	17	6
RNA29	55	18	2
RNA29	55	19	672
RNA33_F	125	15	1
RNA29	75	0	5
SSUF_2	43	10	845
SSUF_2	43	11	103
SSUD	62	0	396
SSUD	62	1	16
SSUF_2	43	12	62
RNA29	75	5	1
SSUF_2	43	13	6
SSUD	62	2	21
SSUD	62	3	32
SSUF_2	43	14	43
SSUD	62	4	262
SSUF_2	43	15	48
RNA8	139	0	13
SSUF_2	43	16	3
RNA29	75	9	1
RNA8	139	1	1
RNA28	64	0	3
RNA3	101	10	206
RNA28	64	2	1
RNA8	139	4	2
RNA3	101	11	6
RNA8	139	5	2
RNA3	101	12	11
RNA3	101	13	2
RNA23t_F	88	7	1
RNA15_F	45	16	1
RNA3	101	15	1
RNA23t_F	88	8	3
RNA15_F	45	17	6
RNA28	64	8	2
RNA31_F	79	0	35
RNA15_F	45	18	5
RNA28	64	9	2
RNA31_F	79	1	10
RNA31_F	104	16	1
RNA31_F	79	2	3
RNA31_F	79	3	8
RNA33_F	94	1	7
RNA31_F	79	4	4
RNA31_F	79	5	3
RNA8	110	10	2
RNA8	110	11	15
RNA31_F	79	6	3
RNA10_1	62	0	3
RNA8	110	12	5
RNA31_F	79	7	4
RNA10_1	62	1	3
RNA31_F	79	8	2
RNA33_F	94	6	2
RNA43	93	0	1
RNA10_1	62	2	1
RNA8	110	13	7
RNA31_F	79	9	2
RNA43	93	1	1
RNA10_1	62	4	2
RNA8	110	16	3
RNA43	93	4	2
RNA8	110	18	14
RNA43	93	5	1
RNA10_1	62	8	1
RNA10_1	62	9	1
RNA23t_2	60	11	20
RNA8	120	0	96
RNA23t_2	60	12	3
RNA8	120	1	25
RNA42	82	0	1
RNA8	120	2	6
RNA23t_2	60	14	2
RNA8	120	3	9
RNA42	82	2	1
RNA23t_2	60	15	4
RNA8	120	4	7
RNA23t_2	60	16	138
RNA15_F	58	3	3
RNA8	120	5	8
RNA23t_2	60	17	1
RNA8	120	6	20
RNA23t_2	60	18	6
RNA8	120	7	3
RNA8	120	8	11
RNA8	120	9	9
RNA9	109	10	3
RNA31_F	60	0	14
RNA9	109	11	1
RNA31_F	60	1	6
RNA31_F	60	2	4
RNA9	109	13	19
RNA7	93	10	25
RNA9	109	15	2
RNA7	93	11	17
RNA9	109	16	1
RNA7	93	12	51
RNA7	93	13	2825
RNA7	93	14	6658
RNA31_F	60	8	1
RNA7	93	15	70
SSUA	150	0	252
SSUD	147	0	1
RNA7	93	16	5
SSUA	150	1	33
RNA7	93	17	1
RNA33_1	40	10	10
RNA11_1	71	0	2
SSUA	150	2	11
RNA33_1	40	11	1
RNA11_1	71	1	2
SSUA	150	3	11
RNA7	93	19	1
RNA33_1	40	12	2
SSUA	150	4	12
RNA33_1	40	13	2
SSUA	150	5	10
SSUD	147	5	1
RNA33_1	40	14	8
SSUA	150	6	6
RNA29	78	0	3
RNA33_1	40	15	22
SSUA	150	7	8
RNA29	78	1	1
RNA33_1	40	16	271
RNA11_1	71	6	4
RNA33_1	40	17	34
SSUA	150	9	1
RNA33_1	40	18	5
SSUD	65	0	1857
SSUD	118	34	1
SSUD	65	1	50
SSUD	65	2	9
SSUD	65	3	40
RNA29	78	7	2
SSUD	65	4	70
SSUD	65	5	98
SSUD	65	6	59
SSUD	65	7	451
RNA28	67	0	1
RNA28	67	1	2
RNA16	55	30	3
RNA11_F	150	0	24
RNA11_F	150	1	183
RNA11_F	150	2	36
RNA11_F	150	3	1
RNA3	101	20	1
RNA33_F	97	4	1
RNA10_1	65	0	5
RNA10_1	65	1	2
RNA43	96	0	2
RNA10_1	65	2	1
RNA31_F	77	11	1
RNA11_F	150	7	1
RNA10_1	65	3	19
RNA31_F	77	12	481
RNA10_1	65	4	4
RNA31_F	77	13	2
RNA5_1	46	10	19
RNA10_1	65	5	1
RNA31_F	77	14	5
RNA31_F	77	15	1
RNA5_1	46	12	7
RNA5_1	46	13	2
RNA31_F	77	17	2
RNA5_1	46	14	8
RNA31_F	77	18	1
RNA23t_F	72	0	22
RNA8	123	0	47
RNA23t_F	72	1	8
RNA8	123	1	4
RNA42	85	0	3
RNA23t_F	72	2	75
RNA8	123	2	6
RNA23t_F	72	3	4
RNA8	123	3	4
RNA23t_F	72	4	5
RNA8	123	4	2
RNA8	123	5	2
RNA23t_F	72	6	3
RNA8	123	6	5
RNA23t_F	72	7	3
RNA43	89	18	3
RNA8	123	8	5
RNA23t_F	72	9	1
LSUB	105	79	1
RNA8	123	9	11
RNA31_F	63	0	75
RNA31_F	63	1	30
RNA31_F	63	2	1
RNA31_F	63	3	3
RNA40	76	0	1
RNA31_F	63	7	1
RNA11_1	74	0	1
RNA40	76	7	2
RNA31_1	58	19	1
RNA7	93	20	2
RNA11_1	74	6	1
RNA7	93	21	1
RNA15_F	42	0	21
RNA15_F	42	1	5
SSUD	68	0	5572
RNA15_F	42	2	2
SSUD	68	1	189
SSUD	68	2	35530
SSUD	68	3	167
SSUD	68	4	56
RNA15_F	42	5	1
SSUD	68	5	114
RNA15_F	42	6	2
SSUD	68	6	77
SSUD	68	7	25
SSUD	68	8	35
RNA15_F	42	9	2
SSUD	68	9	36
RNA5_F	114	31	1
RNA34_F	119	10	1
RNA32_F	72	1	1
RNA29	149	0	1
SSUD	118	46	1
SSUD	131	0	2
RNA34_F	119	15	2
RNA16	54	11	3
RNA16	54	12	5
RNA29	149	5	1
RNA10_1	68	0	4
SSUD	131	6	1
RNA43	99	0	2
RNA10_1	68	2	1
RNA29	62	0	86
RNA10_1	68	3	5
RNA29	62	1	23
RNA16	54	18	2
RNA10_1	68	4	12
RNA29	62	2	7
RNA43	99	3	1
RNA10_1	68	5	23
RNA29	62	3	6
RNA10_1	68	6	24
RNA29	62	4	11
RNA43	99	5	1
RNA10_1	68	7	1
RNA29	62	5	3
RNA43	99	6	1
RNA29	62	6	4
RNA13	85	15	1
RNA10_1	68	9	3
RNA29	62	7	4
RNA29	62	8	2
RNA8	126	0	11
RNA23t_F	75	0	2
RNA29	62	9	2
RNA8	126	1	1
RNA23t_F	75	1	2
RNA42	88	0	1
RNA28	51	0	25
RNA8	126	2	1
RNA42	88	1	2
RNA28	51	1	3
RNA8	126	3	5
RNA23t_F	75	3	3
RNA28	51	2	10
RNA23t_F	75	4	1
RNA8	126	5	1
RNA28	51	3	3
RNA42	88	4	2
RNA8	126	6	2
RNA23t_F	75	6	2
RNA28	51	5	5
RNA8	126	7	1
RNA14	45	10	15033
RNA28	51	6	1
RNA8	126	8	2
RNA14	45	11	283
RNA8	126	9	2
RNA14	45	12	84
RNA28	51	8	2
RNA31_F	66	0	1599
RNA14	45	13	39
RNA28	51	9	103
RNA31_F	66	1	5160
RNA14	45	14	170
RNA31_F	66	2	1
RNA29	130	2	1
RNA14	45	15	68
RNA31_F	66	3	69
RNA33_F	81	1	1
RNA14	45	16	39
RNA31_F	66	6	2
RNA40	79	0	2
RNA31_F	66	8	3
RNA43	80	0	4
RNA10_F	116	11	3
RNA10_F	116	12	2
SSUD	150	48	1
RNA17	147	106	1
SSUA	113	15	2
SSUA	113	16	1
RNA43	80	9	3
RNA43	32	10	2
RNA15_F	45	0	9
RNA43	32	12	1
RNA15_F	45	1	2
RNA43	32	13	2
RNA15_F	45	2	1
RNA15_F	45	4	1
RNA15_F	45	5	1
RNA15_F	45	6	1
RNA15_F	45	7	2
RNA29	54	10	275
RNA14	122	11	1
RNA29	54	11	221
RNA2	141	0	2
RNA29	54	12	899
RNA29	54	13	38
RNA29	54	14	9
RNA32_F	75	1	2
RNA29	54	15	44
RNA5_F	113	12	1
RNA34_F	90	0	1354
RNA29	54	16	6
RNA34_F	90	1	120
RNA29	54	17	1
RNA34_F	90	2	201
RNA29	54	18	359
RNA34_F	90	3	170
SSUD	134	1	1
RNA34_F	90	4	238
RNA34_F	90	5	160
RNA34_F	90	6	115
RNA34_F	90	7	67
RNA34_F	90	8	81
RNA29	65	0	18
RNA34_F	90	9	62
RNA29	65	1	12
RNA29	65	2	3
RNA29	65	3	7
SSUF_2	42	10	73
RNA29	65	4	3
SSUF_2	42	11	70
RNA29	65	5	1
SSUF_2	42	12	8
SSUF_2	42	13	47
LSUB	103	12	2
SSUF_2	42	14	56
RNA29	65	8	1
RNA16	54	21	1
SSUF_2	42	15	6
RNA29	65	9	1
RNA8	129	0	3
RNA23t_F	78	0	1
RNA28	54	0	48
RNA8	129	2	3
RNA23t_F	78	2	1
RNA28	54	1	8
RNA8	129	3	2
RNA3	100	10	23
RNA23t_F	78	3	1
RNA28	54	2	2
RNA8	129	4	4
RNA3	100	11	20
RNA28	54	3	4
RNA8	129	5	5
RNA28	54	4	2
RNA15_F	44	14	1
RNA3	100	13	1
RNA23t_F	78	6	7
RNA31_F	103	11	1
RNA28	54	5	1
RNA16	54	29	1
RNA8	129	7	1
RNA15_F	44	15	7
RNA28	54	6	4
RNA15_F	44	16	11
RNA31_F	103	13	1
RNA28	54	7	4
RNA15_F	44	17	4
RNA3	100	16	1
RNA23t_F	78	9	3
RNA28	54	8	2
RNA31_F	69	0	15
RNA15_F	44	18	1
RNA28	54	9	1
RNA15_F	44	19	1
RNA33_F	84	0	1
RNA31_F	69	3	9
RNA33_F	84	1	2
RNA31_F	69	4	91
RNA31_F	69	5	1
RNA7	135	16	1
RNA31_F	69	6	1
RNA10_1	52	0	3
RNA31_F	69	7	1
RNA10_1	52	1	1
RNA43	83	0	2
RNA31_F	69	9	1
RNA10_1	52	4	2
RNA10_1	52	9	2
RNA8	110	0	12152
RNA34_F	150	12	1
SSUB	144	18	12
RNA8	110	1	386
RNA15_F	48	0	5
RNA8	110	2	4
RNA15_F	48	1	11
RNA8	110	3	109767
RNA8	110	4	1008
RNA8	110	5	923
RNA8	110	6	428
RNA40	113	11	1
RNA34_F	150	18	1
RNA8	110	7	124
RNA8	110	8	77
RNA8	110	9	8
RNA28	94	20	1
RNA15_F	48	8	1
RNA9	108	12	28
RNA9	108	13	2
RNA19	127	0	1
RNA9	108	14	2
RNA7	92	10	13
RNA9	108	15	3
RNA7	92	11	70
RNA7	92	12	3437
RNA7	92	13	9753
RNA34_F	93	0	465
RNA40	63	0	1
RNA9	108	18	1
RNA7	92	14	86
RNA34_F	93	1	172
SSUA	140	0	15
RNA7	92	15	8
RNA34_F	93	2	1244
SSUA	140	1	7
RNA7	92	16	2
RNA34_F	93	3	341
SSUA	140	2	39
RNA7	92	17	3
RNA34_F	93	4	210
RNA11_1	61	0	17
SSUD	117	11	1
SSUA	140	3	28
RNA34_F	93	5	110
RNA11_1	61	1	4
SSUA	140	4	51
RNA7	92	19	1
RNA34_F	93	6	32
RNA11_1	61	2	2
SSUA	140	5	22
RNA34_F	93	7	16
RNA11_1	61	3	3
SSUA	140	6	3
RNA34_F	93	8	17
RNA11_1	61	4	2
RNA29	68	0	10
RNA34_F	93	9	11
RNA11_1	61	5	1
RNA29	68	1	1
RNA11_1	61	6	2
SSUA	140	9	1
RNA29	68	2	3
RNA11_1	61	7	3
SSUF_2	99	18	1
RNA29	68	5	2
RNA29	68	7	4
RNA29	68	8	2
RNA29	68	9	2
RNA28	57	0	12
RNA28	57	1	5
RNA28	57	2	1
RNA28	57	3	2
RNA28	57	4	1
RNA28	57	7	2
RNA28	57	9	3
RNA11_F	140	1	1
RNA33_F	87	2	2
RNA15_F	44	20	1
RNA10_1	55	1	1
RNA31_F	76	10	2
RNA43	86	0	2
RNA10_1	55	2	1
RNA31_F	76	11	417
RNA43	86	1	4
RNA10_1	55	3	3
RNA31_F	76	12	9
RNA31_F	76	13	2
RNA10_1	55	5	1
RNA7	135	21	1
RNA31_F	76	16	1
RNA10_1	55	8	1
RNA31_F	76	17	1
RNA10_1	55	9	1
RNA8	113	0	35074
RNA33_2	150	0	1
RNA8	113	1	2866
RNA8	113	2	3132
RNA43	88	12	1
RNA8	113	3	1262
RNA23t_F	86	11	2
RNA8	113	4	2168
RNA8	113	5	2416
RNA23t_F	86	13	1
RNA8	113	6	444054
RNA8	113	7	3835
RNA43	88	17	2
RNA8	113	8	803
RNA8	113	9	269
RNA31_F	53	0	9
RNA34_F	150	22	1
RNA34_F	150	23	2
RNA2	147	2	1
RNA34_F	150	24	1
RNA34_F	96	0	771
RNA34_F	96	1	68
SSUA	143	0	92
RNA34_F	96	2	469
SSUD	150	64	1
SSUA	143	1	17
RNA34_F	96	3	498
RNA11_1	64	0	4
SSUA	143	2	4
RNA34_F	96	4	3918
RNA11_1	64	1	1
SSUA	143	3	3
RNA34_F	96	5	3173
RNA11_1	64	2	1
SSUA	143	4	39
RNA34_F	96	6	562
SSUA	143	5	27
RNA34_F	96	7	71
SSUA	143	6	3
RNA34_F	96	8	9
RNA11_1	64	5	1
RNA34_F	96	9	18
RNA11_1	64	7	2
RNA33_2	56	11	2
SSUD	58	0	507
SSUD	58	1	80
SSUD	58	2	10
RNA33_2	56	14	2
RNA33_2	56	15	3
RNA33_2	56	16	4
RNA42	39	11	5
RNA42	39	12	148
RNA42	39	13	531
RNA42	39	14	10
RNA42	39	15	4
RNA5_F	113	30	1
RNA42	39	16	28
RNA42	39	17	7
RNA34_F	118	12	1
RNA16	53	10	4
RNA11_F	143	0	2
RNA16	53	11	1
RNA16	53	13	2
RNA10_1	58	0	3
RNA16	53	14	1
RNA13	92	0	1
RNA10_1	58	2	1
RNA29	52	0	114
RNA43	89	0	6
RNA29	52	1	15
RNA16	53	17	2
RNA43	89	1	1
RNA10_1	58	4	4
RNA29	52	2	6
RNA10_1	58	5	2
RNA29	52	3	10
RNA16	53	19	2
RNA29	52	5	2
RNA29	52	6	10
RNA29	52	7	2359
RNA29	52	8	14
RNA29	52	9	61
RNA8	116	0	5344
RNA8	116	1	470
RNA28	41	0	8
RNA8	116	2	298
RNA28	41	1	1
RNA8	116	3	204
RNA8	116	4	139
RNA8	116	5	147
RNA8	116	6	61
RNA14	44	10	161
RNA8	116	7	133
RNA14	44	11	72
RNA8	116	8	253
RNA14	44	12	30
RNA8	116	9	30275
RNA14	44	13	200
RNA31_F	56	0	3
RNA14	44	14	91
RNA31_F	56	1	2
RNA14	44	15	51
RNA33_F	71	0	12
RNA34_F	99	0	6678
RNA34_F	99	1	311
SSUA	146	0	29
RNA34_F	99	2	116
RNA10_F	115	10	17
SSUA	146	1	4
RNA34_F	99	3	226
RNA11_1	67	0	2
SSUA	146	2	4
RNA34_F	99	4	1450
RNA10_F	115	12	3
RNA34_F	99	5	1840
SSUA	146	4	3
RNA34_F	99	6	643
RNA42	72	2	1
RNA11_1	67	3	2
SSUA	112	13	1
SSUA	146	5	5
RNA34_F	99	7	202
SSUA	146	6	3
RNA34_F	99	8	14
RNA10_F	115	16	1
RNA34_F	99	9	5
RNA11_1	67	9	1
SSUD	150	78	18
RNA29	53	10	224
RNA29	53	11	411
RNA9	108	33	1
RNA29	53	12	52
RNA29	53	13	14
RNA29	53	14	11
RNA29	53	15	3
RNA29	53	16	2
RNA5_F	112	12	1
RNA29	53	17	128
RNA2	131	6	1
RNA11_F	146	0	3
RNA33_F	141	1	1
RNA5_F	112	18	1
RNA29	55	0	4521
RNA29	55	1	1041
RNA29	55	2	650
RNA29	55	3	820
RNA34_F	118	21	1
RNA29	55	4	645
RNA29	55	5	623
RNA29	55	6	610
RNA29	55	7	27
RNA16	53	20	1
RNA29	55	8	35
RNA16	53	21	1
RNA29	55	9	1093
RNA16	53	22	1
RNA8	119	0	207
RNA8	119	1	36
RNA28	44	0	3
RNA8	119	2	16
RNA15_F	43	10	1
RNA28	44	1	5
RNA8	119	3	14
RNA8	119	4	16
RNA28	44	3	2
RNA8	119	5	47
RNA16	53	28	4
RNA8	119	6	16
RNA15_F	43	14	13
RNA28	44	5	2
RNA8	119	7	12
RNA15_F	43	15	21
RNA28	44	6	1
RNA8	119	8	13
RNA15_F	43	16	3
RNA8	119	9	2
RNA15_F	43	17	1
RNA31_F	102	14	1
RNA28	44	8	1
RNA31_F	59	0	25
RNA31_F	59	1	3
RNA15_F	43	19	1
RNA31_F	59	2	1
RNA33_F	74	0	1
RNA31_F	59	3	5
RNA7	134	15	1
RNA5_1	45	11	2
RNA33_F	74	3	2
RNA10_1	42	0	154
RNA5_1	45	13	5
RNA10_1	42	1	42
RNA10_1	42	2	11
SSUA	149	0	144
RNA10_1	42	3	19
RNA23t_F	62	0	2506
SSUA	149	1	8
RNA10_1	42	4	16
RNA23t_F	62	1	79
SSUA	149	2	2
RNA10_1	42	5	50
RNA23t_F	62	2	17432
SSUA	149	3	1
RNA10_1	42	6	17
RNA23t_F	62	3	71
SSUA	149	4	4
RNA10_1	42	7	8
RNA23t_F	62	4	3
SSUA	149	5	3
RNA10_1	42	8	13
RNA23t_F	62	5	19
SSUA	149	6	3
RNA10_1	42	9	1751
RNA23t_F	62	6	4
SSUA	149	7	3
RNA23t_F	62	7	19
SSUB	143	17	25
RNA23t_F	62	8	1
RNA42	71	23	1
RNA23t_F	62	9	60
SSUB	143	19	1
RNA9	107	10	1
RNA9	107	11	30
RNA9	107	12	3
RNA2	134	0	3
RNA9	107	13	2
RNA9	107	14	5
RNA7	91	10	74
RNA7	91	11	4395
RNA7	91	12	11221
RNA7	91	13	135
RNA7	91	14	12
RNA2	134	6	1
SSUA	130	0	350
RNA7	91	15	3
SSUA	130	1	94
RNA11_F	149	0	4
RNA7	91	16	2
SSUA	130	2	29
RNA11_F	149	1	2
RNA15_F	32	0	5509
SSUA	130	3	50
RNA15_F	32	1	615
SSUA	130	4	45
RNA7	91	19	1
RNA15_F	32	2	4
SSUA	130	5	57
RNA15_F	32	3	244
SSUA	130	6	55
RNA11_F	149	5	1
RNA15_F	32	4	381
SSUA	130	7	34
RNA29	58	0	2818
RNA15_F	32	5	637
SSUA	130	8	33
RNA29	58	1	335
RNA15_F	32	6	30
SSUA	130	9	43
RNA29	58	2	79
RNA15_F	32	7	39
RNA29	58	3	66
RNA15_F	32	8	72
RNA29	58	4	60
RNA29	58	5	59
RNA13	98	7	1
RNA29	58	6	54
RNA29	58	7	48
RNA29	58	8	65
RNA29	58	9	82
RNA28	47	0	20
SSUD	117	45	1
RNA28	47	1	7
RNA28	47	2	3
SSUD	121	0	6
SSUD	121	1	2
RNA28	47	4	2
RNA14	90	0	11
RNA28	47	5	9
RNA10_2	56	2	1
RNA28	47	6	25
RNA14	90	2	2
RNA28	47	7	13
RNA28	47	8	5
RNA29	126	0	1
RNA14	90	4	1
SSUD	121	6	1
RNA28	47	9	1
RNA14	90	5	2
RNA14	90	6	4
RNA14	90	7	1
RNA14	90	8	1
RNA10_1	45	0	44
RNA10_1	45	1	8
RNA10_1	45	2	4
RNA31_F	75	10	371
RNA10_1	45	3	3
RNA31_F	75	11	4
RNA10_1	45	4	10
RNA23t_F	65	0	98
RNA31_F	75	12	2
RNA10_1	45	5	19
RNA23t_F	65	1	38
RNA31_F	75	13	3
RNA10_1	45	6	3
RNA23t_F	65	2	76
RNA10_1	45	7	5
RNA23t_F	65	3	6
RNA31_F	75	15	1
SSUF_1	49	10	16
RNA10_1	45	8	3
RNA23t_F	65	4	1
RNA31_F	75	16	1
SSUF_1	49	11	650
RNA23t_F	65	5	415
SSUF_1	49	12	190
RNA23t_F	65	6	5
SSUF_1	49	13	37
RNA23t_F	65	7	2
SSUF_1	49	14	29
RNA23t_F	65	8	2
SSUF_1	49	15	11
RNA23t_F	65	9	1
SSUF_1	49	16	12
RNA23t_F	85	10	2
SSUF_1	49	17	72
RNA6	103	10	1
SSUF_1	49	18	62
RNA23t_F	85	12	1
SSUF_1	49	19	404
RNA6	103	14	4
RNA29	120	6	1
RNA43	70	0	7
RNA2	137	0	2
RNA2	137	1	1
SSUA	133	0	119
SSUA	133	1	19
SSUA	133	2	13
RNA15_F	35	0	114
SSUA	133	3	7
RNA11_F	109	16	1
RNA15_F	35	1	30
SSUF_1	97	0	1
SSUA	133	4	5
RNA31_1	56	17	3
RNA15_F	35	2	16
RNA9	107	21	1
SSUA	133	5	9
RNA31_1	56	18	1
RNA15_F	35	3	12
SSUA	133	6	12
RNA15_F	35	4	6
SSUA	133	7	7
RNA13	147	11	1
SSUA	133	8	5
RNA15_F	35	6	335
SSUA	133	9	6
RNA33_2	55	10	3
RNA15_F	35	7	422
RNA15_F	35	8	1101
RNA15_F	35	9	86
RNA33_2	55	13	2
RNA33_2	55	14	5
RNA33_2	55	15	1
RNA33_2	55	18	1
RNA34_F	80	0	1983
RNA34_F	80	1	450
RNA34_F	80	2	171
SSUD	124	0	2
RNA34_F	80	3	188
RNA34_F	80	4	174
RNA14	93	0	7
RNA34_F	80	5	170
RNA14	93	1	1
RNA6	99	10	12
RNA34_F	80	6	146
RNA14	93	2	1
RNA34_F	80	7	100
SSUD	124	5	2
RNA5_F	90	0	1174
RNA34_F	80	8	148
RNA5_F	90	1	84
RNA34_F	80	9	138
RNA14	93	5	1
RNA11_F	133	0	1
RNA5_F	90	2	83
RNA14	93	6	2
RNA5_F	90	3	178
RNA5_F	90	4	16
RNA6	99	16	1
SSUF_2	41	10	79
RNA5_F	90	5	46
SSUF_2	41	11	13
RNA14	93	9	1
RNA10_1	48	0	9
RNA5_F	90	6	83
SSUF_2	41	12	39
RNA13	82	0	1
RNA10_1	48	1	1
RNA5_F	90	7	19654
SSUF_2	41	13	65
SSUE_F	102	0	1
RNA5_F	90	8	180
RNA29	42	0	485
SSUF_2	41	14	3
RNA10_1	48	3	1
RNA5_F	90	9	62
RNA29	42	1	11
RNA23t_F	68	0	37
RNA10_1	48	5	13
RNA23t_F	68	1	10
RNA10_1	48	6	6
RNA23t_F	68	2	15
RNA10_1	48	7	3
RNA23t_F	68	3	1
RNA29	42	6	6
RNA23t_F	68	4	4
RNA10_1	48	9	3
RNA23t_F	68	5	7
RNA23t_F	68	6	2
RNA35	65	12	1
RNA23t_F	68	8	195
RNA23t_F	68	9	4
RNA14	43	10	37
RNA14	43	11	17
RNA14	43	12	219
SSUF_1	49	20	7
RNA14	43	13	87
RNA14	43	14	66
SSUF_1	49	22	5
RNA43	73	0	4
SSUF_1	49	23	1
RNA43	73	2	2
RNA10_F	114	10	3
SSUA	136	0	46
RNA8	100	0	70
SSUA	136	1	7
RNA8	100	1	947
SSUA	136	2	17
RNA15_F	38	0	91
SSUA	136	3	3
RNA8	100	3	8
RNA15_F	38	1	4
SSUA	136	4	2
RNA8	100	4	6
RNA15_F	38	2	2
SSUA	136	5	4
RNA8	100	5	3
RNA15_F	38	3	2
SSUA	136	6	2
RNA8	100	6	24
RNA15_F	38	4	3
RNA8	100	7	19
RNA15_F	38	5	1
SSUA	136	8	1
RNA43	30	10	1
RNA8	100	8	101
RNA15_F	38	6	3
RNA43	30	11	2
RNA8	100	9	14
RNA15_F	38	7	2
RNA15_F	38	9	90
RNA11_F	109	23	1
RNA34_F	83	0	2412
RNA9	107	32	1
RNA34_F	83	1	672
RNA34_F	83	2	299
SSUF_2	92	0	10
SSUD	127	0	3
RNA2	121	0	79
RNA34_F	83	3	354
RNA2	121	1	2
RNA34_F	83	4	272
SSUF_2	92	2	1
RNA14	96	0	9
RNA11_1	51	0	162
RNA34_F	83	5	296
SSUF_2	92	3	1
RNA14	96	1	1
RNA11_1	51	1	29
SSUF_1	105	3	1
RNA34_F	83	6	302
SSUF_2	92	4	3
RNA11_1	51	2	9
RNA34_F	83	7	260
SSUF_2	92	5	1
RNA14	96	3	1
RNA11_1	51	3	6
SSUD	127	5	1
RNA5_F	93	0	14699
RNA34_F	83	8	221
SSUF_2	92	6	1
RNA11_1	51	4	12
RNA5_F	93	1	2666
RNA34_F	83	9	164
RNA33_2	55	25	1
RNA11_1	51	5	24
RNA11_F	136	0	1
RNA5_F	93	2	1426
RNA11_1	51	6	13
RNA5_F	93	3	1117
RNA11_1	51	7	37
RNA5_F	93	4	1291
RNA14	96	8	1
RNA11_1	51	8	25
RNA5_F	93	5	1497
RNA11_1	51	9	65
RNA5_F	93	6	1648
RNA5_F	93	7	356
RNA5_F	93	8	872
RNA29	45	0	332
RNA5_F	93	9	1159
RNA29	45	1	1
RNA17	69	10	1
RNA17	69	11	2
RNA29	45	3	16
RNA17	69	13	1
RNA29	45	5	2
LSUB	101	10	1
RNA29	45	6	1
RNA29	45	7	3
RNA17	69	16	1
RNA29	45	8	1
RNA29	45	9	33
RNA17	69	18	1
RNA17	69	19	1
RNA31_F	101	10	1
RNA31_F	101	13	3
RNA34_F	118	54	1
RNA31_F	101	14	2
RNA31_F	101	15	1
RNA43	76	0	3
RNA35	65	20	1
RNA7	133	14	1
RNA5_1	44	10	5
RNA5_1	44	12	4
RNA43	76	5	1
SSUA	139	0	22
RNA8	103	0	986
RNA23t_F	52	0	313
SSUA	139	1	10
RNA8	103	1	29
RNA23t_F	52	1	1
SSUA	139	2	50
RNA8	103	2	6
RNA23t_F	52	2	2
SSUA	139	3	24
RNA8	103	3	2
SSUA	139	4	25
RNA8	103	4	14
SSUA	139	5	9
RNA8	103	5	5
SSUA	139	6	2
SSUB	142	16	37
RNA8	103	6	34
RNA43	87	16	3
RNA8	103	7	18
SSUB	142	18	1
RNA8	103	8	4
SSUA	139	9	1
RNA8	103	9	16
SSUF_2	109	44	1
RNA9	106	10	28
RNA34_F	86	0	7115
RNA9	106	11	4
RNA34_F	86	1	2043
SSUF_2	95	0	11
RNA9	106	12	2
RNA34_F	86	2	963
SSUF_2	95	1	1
RNA9	106	13	4
RNA34_F	86	3	1261
RNA14	99	0	3
RNA11_1	54	0	209
RNA7	90	10	5284
RNA34_F	86	4	954
RNA14	99	1	12
RNA11_1	54	1	42
RNA7	90	11	13180
RNA34_F	86	5	1311
SSUF_2	95	4	2
RNA14	99	2	1
RNA11_1	54	2	7
RNA2	124	3	3
RNA7	90	12	138
RNA34_F	86	6	1681
SSUF_2	95	5	3
RNA11_1	54	3	23
RNA7	90	13	25
RNA34_F	86	7	1171
SSUF_2	95	6	1
RNA11_1	54	4	11
RNA5_F	96	0	30922
RNA7	90	14	2
RNA34_F	86	8	972
SSUF_2	95	7	1
RNA11_1	54	5	18
RNA33_F	134	0	1
SSUA	120	0	14
RNA5_F	96	1	2529
RNA18	61	11	1
RNA7	90	15	4
RNA34_F	86	9	777
RNA11_1	54	6	8
RNA11_F	139	0	2
RNA5_F	96	2	1120
RNA7	90	16	3
RNA14	99	7	1
RNA11_1	54	7	10
SSUA	120	2	3
RNA5_F	96	3	1298
RNA18	61	13	1
RNA11_1	54	8	16
SSUA	120	3	4
RNA5_F	96	4	1219
RNA11_1	54	9	24
RNA5_F	96	5	1261
RNA5_F	96	6	1140
SSUA	120	6	6
RNA5_F	96	7	1176
SSUD	115	15	1
RNA34_F	150	73	1
SSUA	120	7	282
RNA5_F	96	8	1353
RNA29	48	0	5
RNA34_F	150	74	1
SSUA	120	8	5
RNA5_F	96	9	1121
RNA29	48	1	3
RNA34_F	150	75	1
SSUA	120	9	1
RNA29	48	2	1
RNA42	38	10	8
RNA29	48	3	282
RNA42	38	11	106
RNA13	88	5	2
RNA42	38	12	721
RNA34_F	150	78	1
RNA29	48	5	1
RNA42	38	13	15
RNA29	48	6	23
RNA42	38	14	9
RNA29	48	7	1
RNA42	38	15	43
RNA29	48	8	3
RNA42	38	16	9
RNA23t_1	66	38	1
RNA29	48	9	2
RNA42	38	17	2
SSUD	116	44	1
SSUF_2	98	43	1
SSUD	111	0	30
RNA14	80	0	4
SSUD	111	1	3
SSUD	111	2	3
SSUD	111	3	4
SSUD	111	4	5
SSUD	111	5	14
RNA14	80	4	7
SSUD	111	6	3
RNA43	79	0	3
RNA16	52	16	1
RNA14	80	5	3
RNA43	79	1	2
RNA16	52	17	1
RNA14	80	6	1
RNA17	69	28	3
RNA16	52	18	1
RNA16	52	19	3
RNA43	79	4	1
RNA31_F	74	10	3
RNA43	79	8	4
RNA31_F	74	11	1
RNA8	106	0	3785
RNA23t_F	55	0	242
RNA31_F	74	12	2
RNA8	106	1	46
RNA23t_F	55	1	8
RNA8	106	2	30
RNA23t_F	55	2	1
RNA31_F	74	14	1
RNA8	106	3	18
RNA23t_F	55	3	7
RNA31_F	74	15	6
SSUF_1	48	10	756
SSUE_2	150	132	1
RNA8	106	4	23
RNA23t_F	55	4	1
RNA31_F	74	16	2
SSUF_1	48	11	307
RNA8	106	5	25
RNA23t_F	55	5	1
SSUF_1	48	12	55
RNA8	106	6	3
SSUF_1	48	13	36
RNA8	106	7	23
SSUF_1	48	14	19
RNA8	106	8	3
SSUF_1	48	15	14
RNA8	106	9	4
SSUF_1	48	16	87
SSUF_1	48	17	69
RNA23t_F	84	11	7
RNA23t_F	145	4	2
SSUF_1	48	18	627
RNA23t_F	84	12	3
RNA33_F	61	0	3
SSUF_1	48	19	14
RNA6	102	13	6
SSUB	142	21	2
RNA34_F	89	0	2063
RNA34_F	89	1	246
RNA43	60	0	1
RNA34_F	89	2	255
SSUF_2	98	0	4
RNA34_F	89	3	254
RNA2	127	0	1
RNA43	60	2	1
RNA34_F	89	4	237
SSUF_2	98	2	1
RNA11_1	57	0	137
RNA34_F	89	5	183
SSUF_2	98	3	1
RNA11_1	57	1	21
SSUA	111	11	1
RNA34_F	89	6	264
RNA11_1	57	2	9
RNA34_F	89	7	152
RNA11_1	57	3	8
RNA34_F	89	8	145
RNA11_F	108	12	1
RNA11_1	57	4	4
RNA5_F	99	0	4540
RNA34_F	89	9	156
RNA11_F	108	13	2
RNA11_1	57	5	5
SSUA	123	0	61
RNA43	60	8	2
RNA5_F	99	1	433
RNA11_1	57	6	4
SSUA	123	1	2
RNA5_F	99	2	236
RNA11_1	57	7	4
SSUA	123	2	2
RNA5_F	99	3	222
SSUF_2	109	54	1
RNA11_1	57	8	7
RNA15_F	25	0	8466
SSUA	123	3	2
RNA5_F	99	4	192
RNA31_1	55	16	2
RNA11_1	57	9	13
SSUA	111	19	2
RNA15_F	25	1	207
SSUA	123	4	3
RNA5_F	99	5	200
RNA31_1	55	17	3
RNA15_F	25	2	54812
SSUA	123	5	2
RNA5_F	99	6	214
RNA33_F	137	6	1
SSUA	123	6	19
RNA5_F	99	7	191
RNA5_F	99	8	234
RNA5_F	99	9	201
SSUA	123	9	4
RNA33_2	54	12	1
RNA29	52	10	198
RNA33_2	54	13	4
RNA29	52	11	143
RNA14	120	11	1
RNA33_2	54	14	4
SSUD	79	10	1504
RNA29	52	12	24
SSUD	79	11	64
RNA29	52	13	12
SSUD	79	12	42
RNA29	52	14	3
SSUD	79	13	3419
RNA34_F	150	80	1
SSUD	79	14	553
RNA29	52	16	58
RNA34_F	70	0	140
SSUD	79	15	47
RNA5_F	111	13	2
RNA34_F	70	1	21
SSUD	79	16	13
RNA34_F	70	2	14
SSUD	79	17	21
SSUD	79	18	2
SSUD	114	0	23
RNA34_F	70	3	9
SSUD	114	1	1
RNA34_F	150	85	1
RNA34_F	70	4	20
RNA14	83	0	8
SSUD	79	19	5
SSUD	114	2	1
SSUD	115	28	1
RNA34_F	150	86	35
RNA34_F	70	5	75
RNA14	83	1	2
SSUD	114	3	3
RNA34_F	150	87	11
RNA6	98	10	3
RNA34_F	70	6	1151
SSUD	114	4	4
RNA34_F	70	7	516
RNA14	83	3	1
SSUD	114	5	10
RNA5_F	80	0	729
RNA34_F	70	8	35
RNA14	83	4	2
SSUD	114	6	1
RNA5_F	80	1	9
RNA6	98	13	1
RNA34_F	70	9	23
SSUD	114	7	2
RNA5_F	80	2	1
RNA14	83	6	1
RNA5_F	80	3	5
RNA14	83	7	7
SSUD	114	9	1
RNA5_F	80	4	2
SSUF_2	40	10	15
RNA14	83	8	2
SSUF_2	40	11	56
RNA14	83	9	1
RNA5_F	80	6	1
SSUF_2	40	12	59
RNA13	72	0	3
RNA5_F	80	7	3
SSUF_2	40	13	8
RNA16	52	20	1
RNA8	109	0	3720
RNA13	82	10	1
RNA23t_F	58	0	46
RNA16	52	23	1
RNA8	109	1	5
RNA23t_F	58	1	16
RNA8	109	2	18568
RNA15_F	42	10	2
RNA23t_F	58	2	26
RNA8	109	3	592
RNA15_F	42	11	1
RNA23t_F	58	3	6
RNA16	52	26	1
RNA8	109	4	487
RNA13	72	8	1
RNA16	52	27	4
RNA8	109	5	113
RNA15_F	42	13	23
RNA23t_F	58	5	8
RNA8	109	6	103
RNA15_F	42	14	57
RNA8	109	7	111
RNA15_F	42	15	21
RNA8	109	8	39
RNA15_F	42	16	2
RNA15_F	42	17	2
RNA15_F	42	18	1
RNA33_F	64	0	6
RNA10_2	30	3	1
RNA10_1	32	0	8
SSUF_1	48	20	4
RNA10_1	32	1	2
SSUF_1	48	21	4
RNA29	113	7	1
RNA10_1	32	2	3
RNA43	63	0	21
RNA29	113	9	1
RNA17	126	85	1
RNA10_F	113	10	2
RNA23t_F	84	24	1
SSUA	126	0	85
SSUA	126	1	15
RNA43	63	9	2
RNA6	102	25	1
SSUA	126	2	5
RNA42	52	0	1
RNA15_F	28	0	36195
SSUA	126	3	7
RNA15_F	28	1	2910
SSUA	126	4	13
RNA15_F	28	2	188
RNA15_1	90	6	1
SSUA	126	5	7
RNA15_F	28	3	85
SSUA	126	6	8
RNA42	52	4	1
RNA16	95	0	1
RNA15_F	28	4	135
SSUA	126	7	3
SSUA	126	8	5
RNA40	111	12	2
SSUA	126	9	14
RNA28	91	18	1
RNA34_F	73	0	280
RNA9	106	32	1
RNA34_F	73	1	47
RNA34_F	73	2	33
SSUD	117	0	13
RNA34_F	73	3	32
RNA14	86	0	5
RNA11_1	41	0	49
SSUD	117	1	3
RNA34_F	73	4	38
RNA14	86	1	1
RNA11_1	41	1	162
RNA23t_1	65	21	1
RNA34_F	73	5	45
SSUD	117	3	1
RNA14	86	2	2
RNA11_1	41	2	9
RNA2	111	3	1
SSUF_1	84	0	1
RNA34_F	73	6	10
RNA33_2	54	22	1
SSUD	117	4	1
RNA14	86	3	2
RNA11_1	41	3	4
RNA34_F	73	7	27
SSUD	79	20	3
RNA11_1	41	4	11
SSUD	117	5	5
RNA5_F	83	0	1947
RNA34_F	73	8	108
SSUD	79	21	44
RNA11_1	41	5	2
RNA5_F	83	1	53
RNA34_F	73	9	3904
RNA11_1	41	6	4
RNA5_F	83	2	5
RNA29	116	11	1
RNA14	86	7	3
RNA11_1	41	7	75
RNA5_F	83	3	7
RNA5_F	111	20	1
RNA29	116	12	1
RNA14	86	8	1
RNA11_1	41	8	121
RNA29	116	13	1
RNA11_1	41	9	21
RNA5_F	83	5	3
RNA13	75	0	1
RNA5_F	83	7	2
RNA5_F	111	24	1
RNA5_F	83	8	3
RNA5_F	83	9	7
RNA17	68	10	1
RNA28	37	0	3
RNA17	68	13	1
RNA17	68	15	1
RNA17	68	16	1
RNA14	99	11	1
RNA11_F	120	0	4
RNA10_2	33	0	2
RNA33_F	67	0	5
RNA11_F	120	1	3
RNA34_F	117	53	2
RNA10_1	35	0	4
RNA10_1	35	1	9
RNA43	66	0	12
RNA10_1	35	2	27
RNA10_2	33	6	13
RNA10_1	35	3	2
RNA10_2	33	7	1
RNA10_1	35	4	1
RNA10_1	35	5	14
RNA5_1	43	10	1
RNA5_1	43	11	4
SSUA	129	0	311
SSUB	141	10	1
SSUA	129	1	67
SSUA	129	2	36
RNA42	55	0	2
SSUA	129	3	36
SSUA	129	4	61
SSUB	141	14	1
SSUA	129	5	65
RNA42	55	3	2
RNA43	86	15	3
SSUB	141	15	46
SSUA	129	6	33
SSUA	129	7	42
SSUB	141	17	2
SSUA	129	8	33
RNA23t_F	132	1	1
SSUA	129	9	27
SSUF_2	108	44	1
RNA34_F	76	0	1341
RNA34_F	76	1	275
RNA34_F	76	2	139
RNA2	79	17	1
SSUE_2	78	59	1
RNA34_F	76	3	134
RNA16	100	1	1
RNA2	114	0	2
RNA34_F	76	4	119
RNA14	89	0	7
RNA11_1	44	0	56
RNA34_F	76	5	117
RNA11_1	44	1	13
RNA17	90	0	2
RNA34_F	76	6	141
RNA14	89	2	2
RNA11_1	44	2	4
RNA34_F	76	7	90
RNA11_1	44	3	17
RNA34_F	76	8	152
RNA11_1	44	4	90
RNA5_F	86	0	53
RNA34_F	76	9	96
RNA14	89	5	1
RNA11_1	44	5	8
SSUA	110	0	2
RNA5_F	86	1	8
RNA17	90	4	1
RNA14	89	6	1
RNA11_1	44	6	11
SSUA	110	1	14
RNA5_F	86	2	1
RNA17	90	5	2
RNA11_1	44	7	17
SSUA	110	2	2
RNA5_F	86	3	4535
RNA17	90	6	2
RNA11_1	44	8	10
RNA5_F	86	4	49
RNA11_1	44	9	33
RNA5_F	86	5	19
RNA5_F	86	6	9
SSUA	110	6	1
RNA5_F	86	7	2
RNA5_F	86	8	7
RNA29	38	0	5
RNA5_F	86	9	14
RNA29	38	1	2
RNA29	38	2	42
RNA42	37	10	81
RNA42	37	11	628
RNA42	37	12	15
RNA42	37	13	12
RNA42	37	14	32
RNA42	37	15	15
RNA23t_1	65	37	1
RNA42	37	16	2
RNA32_F	42	0	3
SSUF_2	97	42	1
SSUD	115	43	3
SSUD	101	0	66
RNA11_F	123	0	4
RNA28	59	11	1
SSUD	101	1	6
RNA16	51	11	1
RNA14	70	0	97
RNA28	59	12	1
SSUD	101	2	53
RNA14	70	1	30
SSUD	101	3	96
RNA32_F	42	8	2
RNA14	70	2	7
RNA28	59	14	1
SSUD	101	4	57
RNA10_1	38	0	181
RNA32_F	42	9	7
RNA16	51	14	1
RNA14	70	3	7
RNA28	59	15	1
SSUD	101	5	100
RNA10_1	38	1	20
RNA16	51	15	1
RNA14	70	4	3
RNA28	59	16	2
SSUD	101	6	12
RNA11_F	123	6	1
RNA10_1	38	2	1
RNA16	51	16	2
RNA14	70	5	4
SSUD	101	7	3
RNA28	59	17	5
RNA10_1	38	3	17
RNA17	68	27	11
RNA16	51	17	4
RNA14	70	6	6
SSUD	101	8	4
RNA28	59	18	10
RNA10_1	38	4	12
RNA17	68	28	1
RNA16	51	18	5
RNA14	70	7	1
SSUD	101	9	5
RNA28	59	19	1
RNA10_2	36	9	2
RNA10_1	38	5	1627
RNA14	99	21	1
RNA16	51	19	1
RNA10_1	38	6	22
RNA14	70	9	2
RNA10_1	38	7	16
RNA14	99	23	3
RNA10_1	38	8	3
RNA15_1	96	0	1
RNA31_F	73	10	7
RNA31_F	73	11	1
RNA31_F	73	12	1
RNA35	64	13	1
RNA31_F	73	14	4
RNA31_F	73	15	2
SSUF_1	47	10	358
SSUF_1	47	11	83
SSUF_1	47	12	54
SSUF_1	47	13	35
RNA14	42	10	24
RNA31_F	73	19	1
SSUF_1	47	14	23
RNA14	42	11	170
SSUF_1	47	15	115
RNA14	42	12	64
SSUF_1	47	16	79
RNA23t_F	83	10	4
RNA14	42	13	63
SSUF_1	47	17	770
RNA23t_F	83	11	4
RNA42	58	9	3
SSUF_1	47	18	20
RNA6	101	12	2
SSUF_1	47	19	7
SSUB	141	20	5
RNA29	100	6	1
RNA34_F	79	0	2100
RNA34_F	79	1	438
RNA43	50	0	1
RNA34_F	79	2	199
RNA16	103	0	1
RNA43	50	1	6
RNA34_F	79	3	217
RNA11_F	141	83	1
RNA34_F	79	4	210
RNA11_1	47	0	80
SSUA	110	10	1
RNA43	50	3	2
RNA17	93	0	6
RNA34_F	79	5	172
RNA11_1	47	1	12
RNA34_F	79	6	118
RNA11_1	47	2	8
RNA34_F	79	7	131
RNA11_F	107	11	1
RNA11_1	47	3	17
SSUA	110	13	1
RNA34_F	79	8	139
RNA11_1	47	4	8
SSUA	110	14	1
RNA5_F	89	0	824
RNA17	93	4	1
RNA34_F	79	9	136
RNA11_1	47	5	20
SSUA	113	0	95
RNA5_F	89	1	69
RNA31_1	54	13	1
RNA11_1	47	6	33
SSUA	110	16	1
SSUA	113	1	4
RNA43	50	9	1
RNA5_F	89	2	60
RNA6	102	46	1
RNA11_1	47	7	220
RNA5_F	89	3	8
RNA31_1	54	15	5
RNA11_1	47	8	49
SSUA	110	18	2
RNA5_F	89	4	30
RNA31_1	54	16	1
RNA11_1	47	9	23
RNA5_F	89	5	45
RNA5_F	89	6	9619
SSUA	113	6	1
RNA5_F	89	7	103
RNA5_F	89	8	41
RNA5_F	89	9	16
RNA33_2	53	11	1
RNA23t_1	64	11	1
RNA33_2	53	12	2
RNA23t_1	64	12	2
RNA33_2	53	13	2
RNA29	51	10	125
SSUF_2	82	0	8
SSUD	78	10	79
RNA29	51	11	52
SSUF_2	82	1	3
SSUD	78	11	68
RNA29	51	12	8
SSUF_2	82	2	4
RNA33_2	53	16	1
SSUD	78	12	8606
RNA29	51	13	6
RNA23t_1	64	16	1
SSUF_2	82	3	1
SSUD	78	13	798
RNA29	51	14	3
RNA43	114	12	1
SSUF_2	82	4	3
RNA33_2	53	18	1
SSUD	78	14	65
RNA29	51	15	45
SSUB	109	10	2
SSUD	78	15	22
RNA5_F	110	12	1
RNA34_F	60	0	97
SSUB	109	11	1
SSUF_2	82	6	1
SSUD	78	16	29
RNA34_F	60	1	445
SSUD	78	17	12
SSUF_2	82	7	3
RNA34_F	60	2	20
SSUD	78	18	14
SSUD	104	0	118
RNA5_F	110	15	2
SSUF_2	82	9	1
RNA14	73	0	28
SSUD	78	19	15
SSUD	104	1	11
RNA11_F	126	1	1
LSUC	29	10	1
RNA5_F	110	16	1
RNA14	73	1	14
SSUD	104	2	28
RNA11_F	126	2	1
RNA5_F	110	17	1
RNA14	73	2	3
SSUD	104	3	40
RNA5_F	110	18	1
RNA14	73	3	2
SSUD	104	4	17
RNA5_F	110	19	2
RNA14	73	4	4
SSUD	104	5	42
RNA5_F	70	0	2
RNA6	97	12	1
SSUD	104	6	3
RNA14	73	5	1
RNA34_F	115	15	1
SSUD	104	7	3
SSUD	104	8	1
RNA14	73	7	1
RNA5_F	70	3	55
RNA14	73	8	1
SSUD	104	9	1
RNA11_F	126	9	2
SSUF_1	71	7	1
RNA13	62	0	4
SSUD	115	57	1
RNA28	59	20	1
RNA13	62	1	1
RNA17	68	30	1
RNA34_F	99	10	5
RNA34_F	99	11	2
RNA34_F	99	12	2
RNA13	62	5	1
RNA16	51	24	1
RNA34_F	99	13	3
RNA15_F	41	10	1
RNA13	62	6	1
RNA34_F	99	14	2
RNA15_1	99	6	1
RNA16	51	26	14
RNA34_F	99	15	2
RNA15_F	41	12	26
RNA15_F	41	13	70
RNA34_F	99	17	3
RNA15_F	41	14	27
RNA31_F	100	12	1
RNA23t_F	138	0	3
RNA15_F	41	15	7
RNA31_F	100	13	1
RNA15_F	41	16	3
RNA15_F	41	17	7
RNA29	103	0	2
RNA31_F	100	15	1
RNA15_1	117	2	1
RNA14	99	37	1
SSUF_1	47	20	12
SSUF_1	47	21	1
RNA7	132	18	1
RNA7	132	19	1
SSUF_1	47	23	1
RNA17	96	0	4
RNA43	53	8	1
RNA17	96	6	2
RNA42	42	0	19
SSUA	116	3	116
RNA42	42	1	1
SSUA	116	4	5
RNA42	42	2	4
RNA15_1	80	6	1
RNA42	42	4	2
SSUA	116	7	2
RNA42	42	5	1
SSUA	116	8	3
RNA42	42	6	1
SSUA	116	9	1
RNA42	42	7	3
RNA42	42	8	1
RNA9	105	10	2
RNA9	105	11	3
SSUF_2	85	0	11
SSUF_2	85	1	4
RNA41	31	0	1
RNA11_F	107	25	1
SSUF_2	85	2	7
RNA30	85	15	2
RNA41	31	1	1
SSUF_2	85	3	3
RNA32_F	48	0	1
SSUF_2	85	4	2
RNA32_F	48	1	1
RNA34_F	63	0	1010
SSUF_2	85	5	1
RNA34_F	63	1	21
SSUF_2	85	6	2
RNA34_F	63	2	4
SSUF_2	85	7	1
RNA33_F	124	0	1
RNA34_F	63	3	1
SSUD	107	0	105
RNA34_F	63	4	22
SSUF_2	85	9	1
RNA14	76	0	25
SSUD	107	1	8
RNA34_F	63	5	11
SSUD	107	2	10
SSUD	107	3	15
SSUD	107	4	5
SSUD	78	20	104
SSUD	107	5	17
RNA5_F	73	0	73
SSUD	107	6	2
SSUD	107	7	1
SSUF_1	74	4	1
SSUD	107	8	1
RNA14	76	7	2
SSUD	107	9	1
RNA5_F	73	6	1
RNA13	65	0	4
RNA13	65	1	3
RNA5_F	110	25	1
RNA5_F	110	27	7
RNA13	65	5	1
RNA29	106	0	1
RNA11_F	110	0	23
RNA34_F	99	20	1
RNA34_F	116	51	1
RNA11_F	110	1	3
RNA34_F	99	21	1
RNA11_F	110	2	1
RNA34_F	99	22	4
RNA11_F	110	3	1
RNA29	106	5	1
RNA34_F	99	23	1
RNA11_F	110	4	1
RNA14	98	19	2
RNA43	56	0	1
RNA11_F	110	6	1
RNA11_F	110	7	2
RNA34_F	99	28	1
RNA5_1	42	10	6
RNA17	99	0	1
SSUA	119	0	20
SSUA	119	1	4
RNA17	99	5	5
SSUB	140	10	2
SSUA	119	2	2
SSUB	140	11	2
RNA42	45	0	10
RNA42	45	1	1
SSUA	119	4	2
SSUB	140	13	4
SSUA	119	5	4
RNA43	85	14	4
SSUB	140	14	84
SSUA	119	6	217
RNA42	45	4	1
SSUA	119	7	9
SSUF_2	107	20	1
SSUB	140	16	10
SSUA	119	8	1
RNA42	45	6	3
SSUE_2	60	1	1
SSUB	140	19	6
SSUF_2	88	0	6
SSUF_2	88	3	6
RNA13	49	10	27
SSUF_2	88	4	5
RNA34_F	66	0	74
RNA13	49	11	36
SSUF_2	88	5	2
RNA34_F	66	1	36
RNA13	49	12	1
RNA34_F	66	2	335
RNA13	49	13	33
RNA34_F	66	3	343
RNA13	49	14	70
RNA34_F	66	4	130
RNA13	49	15	6005
RNA14	79	0	9
RNA11_1	34	0	43
RNA34_F	66	5	8
RNA13	49	16	259
RNA14	79	1	1
RNA11_1	34	1	47
RNA34_F	66	6	4
RNA13	49	17	34
RNA11_1	34	2	3
RNA34_F	66	7	8
RNA13	49	18	129
RNA14	79	3	2
RNA34_F	66	8	11
RNA13	49	19	10
RNA5_F	76	0	90
SSUA	100	0	4
RNA5_F	76	1	1
SSUA	100	1	1
SSUA	100	2	39
RNA5_F	76	4	2
RNA10_F	89	10	13
RNA10_F	89	11	3
RNA13	68	1	1
SSUD	113	16	1
RNA10_F	89	13	3
SSUA	100	9	2
RNA42	36	10	444
SSUF_2	95	17	1
RNA42	36	11	10
RNA10_F	89	15	1
RNA42	36	12	13
RNA10_F	89	16	1
RNA13	68	6	3
RNA42	36	13	54
RNA30	86	55	1
RNA13	68	7	1
RNA42	36	14	20
RNA13	68	9	1
SSUD	114	42	4
SSUF_2	96	41	2
RNA32_F	32	0	1
RNA32_F	32	4	4
RNA28	58	10	2
RNA11_F	113	0	11
RNA16	50	10	1
RNA28	58	11	1
RNA14	60	0	291
RNA16	50	11	3
RNA28	58	12	1
RNA14	60	1	53
RNA16	50	12	1
RNA28	58	13	2
RNA14	60	2	52
RNA28	58	14	1
RNA14	60	3	53
RNA11_F	113	4	1
RNA16	50	14	1
RNA28	58	15	3
RNA14	60	4	25
RNA16	50	15	2
RNA28	58	16	24
RNA14	60	5	23
RNA43	59	0	1
RNA11_F	113	6	1
RNA16	50	16	7
RNA28	58	17	5
RNA14	60	6	10
RNA11_F	113	7	2
RNA16	50	17	6
RNA28	58	18	1
RNA14	60	7	13
RNA11_F	113	8	1
RNA16	50	18	1
RNA14	60	8	12
RNA14	60	9	9
RNA43	59	4	1
RNA14	98	22	1
RNA43	59	7	2
RNA35	63	11	1
RNA35	63	12	1
RNA42	48	0	2
RNA42	48	1	1
RNA34_F	99	35	30
SSUF_1	46	10	82
RNA34_F	99	36	7
SSUF_1	46	11	96
SSUF_1	46	12	39
SSUF_1	46	13	39
RNA14	41	10	115
RNA35	63	18	1
SSUF_1	46	14	165
RNA23t_F	125	1	1
RNA14	41	11	30
SSUF_1	46	15	125
RNA23t_F	82	10	9
RNA14	41	12	53
SSUF_1	46	16	929
SSUF_1	46	17	19
RNA42	48	9	7
RNA6	100	11	10
SSUF_1	46	18	9
SSUF_1	46	19	4
RNA41	37	0	1
RNA6	100	13	1
RNA34_F	69	0	217
SSUE_1	52	0	3
RNA34_F	69	1	20
SSUE_1	52	1	2
RNA34_F	69	2	2
RNA34_F	69	3	10
RNA34_F	69	4	268
RNA11_1	37	0	37
RNA34_F	69	5	1502
RNA11_1	37	1	10
RNA34_F	69	6	417
RNA11_1	37	2	1
RNA34_F	69	7	21
RNA11_F	106	11	2
RNA11_1	37	3	28
RNA5_F	79	0	277
RNA34_F	69	8	11
RNA11_1	37	4	38
RNA5_F	79	1	2
RNA34_F	69	9	22
RNA11_F	106	13	1
RNA11_1	37	5	4
SSUA	103	0	1
RNA5_F	79	2	1
RNA13	49	20	2
RNA5_F	79	6	1
SSUA	103	5	9
RNA33_2	52	10	4
LSUB	68	11	5
RNA33_2	52	11	5
RNA7	150	0	263
RNA23t_1	63	11	2
LSUB	68	12	3
RNA33_2	52	12	3
RNA7	150	1	2
RNA33_2	52	13	1
RNA7	150	2	4
RNA29	50	10	60
RNA23t_1	63	13	1
SSUF_2	72	0	305
SSUD	77	10	103
RNA7	150	3	1
RNA29	50	11	23
SSUF_2	72	1	54
SSUD	77	11	18486
RNA7	150	4	1
RNA29	50	12	12
SSUF_2	72	2	19
SSUD	77	12	1023
RNA7	150	5	1
RNA29	50	13	6
SSUF_2	72	3	26
RNA33_2	52	17	1
SSUD	77	13	123
RNA7	150	6	2
RNA29	50	14	42
RNA32_F	35	0	1
LSUB	68	18	1
SSUF_2	72	4	23
SSUD	77	14	30
SSUB	108	10	6
SSUF_2	72	5	27
SSUD	77	15	38
RNA32_F	35	2	1
SSUD	77	16	9
SSUF_2	72	6	53
RNA30	147	10	1
SSUF_2	72	7	25
SSUD	77	17	15
RNA33_F	111	0	13
RNA32_F	35	4	20
SSUD	77	18	15
SSUF_2	72	8	43
RNA11_F	116	0	6
RNA32_F	35	5	20
SSUD	77	19	191
SSUF_2	72	9	44
RNA14	63	0	85
RNA32_F	35	6	2
RNA14	63	1	39
RNA11_F	116	2	1
RNA14	63	2	130
SSUF_1	61	0	11
RNA14	63	3	62
SSUF_1	61	1	1
RNA14	63	4	29
SSUF_1	61	2	1
RNA14	63	5	20
RNA11_F	116	6	2
RNA14	63	6	84
SSUF_1	61	4	3
RNA17	67	10	1
RNA14	63	7	5
SSUF_1	61	5	1
RNA17	67	11	1
RNA14	63	8	1
RNA17	67	12	7
RNA14	63	9	1
SSUF_1	61	7	1
RNA17	67	13	1
RNA13	52	0	544
RNA15_1	89	0	1
RNA13	52	1	228
RNA17	67	16	2
RNA16	50	20	1
RNA13	52	2	65
RNA16	50	21	1
RNA13	52	3	82
RNA13	52	4	89
RNA17	67	19	1
RNA13	52	5	77
RNA15_F	40	11	48
RNA34_F	115	44	1
RNA13	52	6	85
RNA16	50	25	24
RNA15_F	40	12	98
RNA13	52	7	52
RNA15_F	40	13	50
RNA34_F	115	46	1
RNA13	52	8	51
RNA15_F	40	14	8
RNA13	52	9	34
RNA15_F	40	15	2
RNA33_2	113	0	2
RNA23t_F	128	0	1
RNA15_F	40	16	6
RNA23t_F	128	1	3
RNA15_1	107	0	1
RNA15_1	78	22	1
SSUF_1	46	20	2
SSUE_1	55	0	1
RNA43	43	0	4
RNA14	99	64	2
SSUF_2	106	12	1
RNA34_1	79	10	4
SSUA	106	0	25
RNA34_1	79	11	1
RNA16	88	0	2
SSUA	106	1	4
RNA34_1	79	12	3
RNA34_1	79	13	5
RNA42	32	0	1
RNA34_1	79	14	4
RNA34_1	79	15	4
RNA34_1	79	16	1
RNA34_1	79	17	3
RNA34_1	79	18	5
RNA42	32	5	3
SSUA	106	8	2
RNA34_1	79	19	3
RNA42	32	6	8
RNA42	32	7	3
RNA42	32	8	2
RNA9	104	10	2
RNA42	32	9	12
RNA2	78	16	1
RNA9	104	11	2
SSUF_2	75	0	74
RNA11_F	106	23	1
SSUF_2	75	1	13
RNA30	84	14	1
SSUF_2	75	2	13
RNA17	80	0	1
RNA32_F	38	0	1
SSUF_2	75	3	18
RNA39	102	0	1
SSUF_2	75	4	8
SSUF_2	75	5	7
SSUF_2	75	6	18
RNA30	84	19	1
SSUF_2	75	7	16
RNA33_F	114	0	1
RNA32_F	38	5	15
SSUF_2	75	8	23
RNA11_F	119	0	6
RNA17	80	6	1
RNA32_F	38	6	3
SSUF_2	75	9	12
RNA14	66	0	79
RNA32_F	38	7	1
RNA14	66	1	22
RNA11_F	119	2	1
RNA17	80	8	1
RNA39	102	8	1
RNA14	66	2	30
SSUF_1	64	0	5
RNA32_F	38	9	2
RNA14	66	3	27
RNA11_F	119	4	1
RNA14	66	4	60
RNA14	66	5	44
RNA14	66	6	15
RNA29	114	11	1
RNA14	66	7	4
RNA29	114	12	2
RNA14	66	8	1
SSUF_1	64	6	1
RNA14	66	9	11
SSUF_1	64	8	2
RNA13	55	0	66
RNA13	55	1	33
RNA13	55	2	12
RNA13	55	3	13
RNA13	55	4	6
RNA13	55	5	7
RNA13	55	6	6
RNA13	55	7	3
RNA13	55	8	5
RNA17	67	20	3
RNA13	55	9	9
LSUB	90	0	3
RNA17	67	26	16
RNA14	97	14	1
RNA11_F	100	0	199
RNA11_F	100	1	4
RNA34_F	115	52	1
RNA11_F	100	2	4
RNA11_F	100	3	3
RNA14	97	18	2
RNA11_F	100	4	11
RNA11_F	100	5	51
RNA43	46	0	1
RNA11_F	100	6	17
RNA31_F	72	10	2
RNA43	46	1	4
RNA11_F	100	7	4
RNA11_F	100	8	1
RNA31_F	72	12	3
RNA31_F	72	13	4
RNA31_F	72	14	4
RNA43	46	5	1
RNA43	46	7	2
SSUA	109	0	18
RNA43	46	8	2
SSUA	109	1	1
RNA43	46	9	1
SSUA	109	2	1
RNA42	35	0	8
RNA42	35	1	2
RNA43	84	13	5
RNA42	35	2	1
SSUA	109	5	1
RNA43	84	14	1
RNA42	35	3	1
RNA42	35	4	1
SSUE_2	50	0	6
SSUA	109	8	2
RNA23t_F	112	0	6
RNA42	35	7	1
RNA42	35	8	13
SSUE_2	50	3	1
RNA23t_F	112	3	3
RNA42	35	9	169
SSUF_2	78	0	19
SSUF_2	78	1	8
RNA34_1	79	22	278
SSUF_2	78	2	2
RNA34_1	79	23	129
RNA2	107	1	3
RNA17	83	0	1
SSUF_2	78	3	2
RNA34_1	79	24	5
RNA13	48	10	41
SSUF_2	78	4	1
RNA34_1	79	25	1
RNA17	83	2	2
SSUF_2	78	5	4
RNA13	48	12	14
SSUF_2	78	6	3
RNA31_1	53	11	1
RNA34_1	79	27	1
RNA13	48	13	48
SSUF_2	78	7	1
SSUF_2	107	52	1
RNA13	48	14	3925
RNA31_1	53	13	1
RNA13	48	15	208
SSUF_2	78	9	30
RNA31_1	53	14	1
RNA14	69	0	59
RNA13	48	16	29
RNA31_1	53	15	2
RNA14	69	1	17
RNA13	48	17	101
RNA14	69	2	12
RNA13	48	18	12
RNA14	69	3	4
SSUF_1	67	1	3
RNA13	48	19	3
RNA14	69	4	8
RNA14	69	5	7
RNA14	69	6	3
RNA14	69	7	2
SSUF_1	67	5	2
RNA14	69	8	1
RNA14	69	9	2
SSUD	112	13	3
RNA9	104	29	1
RNA13	58	0	10
RNA13	58	1	5
RNA13	58	2	7
SSUD	112	17	1
RNA13	58	3	2
RNA42	35	10	16
RNA13	58	4	2
RNA42	35	11	10
RNA13	58	5	4
RNA42	35	12	45
RNA30	85	54	1
RNA13	58	6	3
RNA42	35	13	31
RNA13	58	7	8
SSUD	113	41	1
RNA13	58	9	1
RNA34_F	114	10	1
RNA10_2	29	3	1
LSUB	93	0	1
RNA11_F	103	0	145
RNA14	50	0	11905
RNA11_F	103	1	3
RNA14	50	1	2004
RNA11_F	103	2	1
RNA11_F	103	3	1
RNA14	50	2	914
RNA28	57	14	5
RNA14	50	3	982
RNA11_F	103	4	5
RNA28	57	15	48
RNA14	50	4	851
RNA11_F	103	5	17
RNA28	57	16	19
RNA14	50	5	722
RNA43	49	0	6
RNA11_F	103	6	18
RNA30	90	0	2
RNA28	57	17	2
RNA14	50	6	875
RNA11_F	103	7	2
RNA34_F	98	10	2
RNA14	50	7	822
RNA11_F	103	8	1
RNA34_F	98	11	7
RNA28	57	19	1
RNA11_F	103	9	1
RNA14	50	8	750
RNA14	97	21	9
RNA34_F	98	12	6
RNA14	50	9	991
RNA43	49	4	4
RNA34_F	98	13	4
RNA34_F	98	14	5
RNA30	90	5	1
RNA34_F	98	15	3
RNA43	49	7	2
RNA34_F	98	16	1
RNA35	62	10	1
RNA34_F	98	17	1
RNA43	49	9	1
RNA34_F	98	18	1
RNA34_F	98	19	5
RNA13	80	18	1
RNA42	38	0	51
RNA13	80	19	1
RNA42	38	1	5
RNA42	38	2	4
RNA42	38	3	4
RNA42	38	4	1
SSUE_2	53	0	1
RNA14	40	10	28
RNA14	40	11	28
RNA42	38	7	2
RNA42	38	8	3
RNA42	38	9	1
RNA23t_F	115	6	2
RNA17	86	0	2
RNA34_F	59	0	348
SSUE_1	42	0	29
RNA43	30	0	1
RNA34_F	59	1	191
RNA15_1	70	0	1
SSUE_1	42	1	8
RNA34_F	59	2	2
SSUE_1	42	3	7
RNA17	86	6	1
SSUE_1	42	4	2
SSUE_1	42	5	3
SSUE_1	42	7	5
RNA43	30	7	1
RNA5_F	69	0	1
SSUE_1	42	8	2
RNA5_F	69	1	1
SSUE_1	42	9	5
RNA5_F	69	2	16
RNA13	48	20	1
RNA16	75	7	1
LSUB	67	10	1
RNA33_2	51	13	1
SSUF_2	62	0	24949
SSUD	76	10	19053
SSUF_2	62	1	2731
SSUD	76	11	1116
SSUF_2	62	2	1505
RNA33_2	51	16	1
SSUD	76	12	119
SSUD	76	13	24
SSUF_2	62	3	2448
RNA23t_1	62	17	1
SSUD	76	14	43
LSUB	67	19	2
SSUF_2	62	4	1109
RNA11_F	106	48	1
SSUD	76	15	16
SSUF_2	62	5	1303
SSUD	112	24	1
SSUF_2	62	6	1628
SSUD	76	16	14
SSUD	76	17	32
SSUF_2	62	7	465985
RNA33_F	101	0	1
SSUD	76	18	382
SSUF_2	62	8	5684
RNA11_F	106	0	59
SSUF_2	62	9	764
RNA14	53	0	7236
RNA11_F	106	1	3
RNA14	53	1	1416
LSUB	96	6	1
RNA14	53	2	722
SSUF_1	51	0	113
RNA14	53	3	943
SSUF_1	51	1	21
RNA14	53	4	924
SSUF_1	51	2	20
RNA11_F	106	5	12
RNA30	93	0	2
RNA14	53	5	909
SSUF_1	51	3	16
RNA11_F	106	6	9
RNA14	53	6	913
SSUF_1	51	4	20
RNA11_F	106	7	3
RNA14	53	7	635
SSUF_1	51	5	70
RNA17	66	11	2
RNA14	53	8	526
SSUF_1	51	6	73
RNA14	53	9	581
SSUF_1	51	7	136
RNA17	66	13	2
SSUF_1	51	8	493
RNA17	66	14	6
SSUF_1	51	9	118
RNA17	66	15	1
RNA19	98	0	1
RNA6	96	40	1
RNA17	66	18	1
RNA2	121	18	1
RNA34_F	98	20	1
RNA34_F	98	23	2
RNA34_F	98	25	2
RNA34_F	98	26	2
RNA23t_F	118	5	1
RNA32_F	59	25	1
RNA34_F	98	28	1
SSUE_2	56	7	1
RNA17	89	0	3
RNA15_1	77	21	1
SSUE_1	45	0	23
RNA43	33	0	5
RNA17	89	3	1
SSUE_1	45	1	5
RNA43	33	1	2
RNA17	89	4	1
RNA17	89	5	4
SSUE_1	45	3	3
RNA17	89	6	2
SSUE_1	45	4	3
RNA17	89	8	1
SSUE_1	45	7	2
SSUE_1	45	8	1
SSUE_1	45	9	2
RNA16	78	5	1
RNA2	77	12	1
RNA8	129	15	5
RNA9	103	10	3
RNA8	129	16	1
SSUF_2	65	0	14632
RNA30	83	13	1
SSUF_2	65	1	1990
SSUF_2	65	2	843
RNA17	70	0	2
SSUF_2	65	3	754
RNA17	70	1	1
SSUF_2	65	4	582
RNA17	70	2	2
SSUF_2	65	5	773
SSUF_2	65	6	1656
RNA17	70	4	2
SSUF_2	65	7	509
SSUF_2	65	8	503
RNA11_F	109	0	53
LSUB	99	4	1
SSUF_2	65	9	610
RNA14	56	0	4349
RNA11_F	109	1	1
LSUB	99	5	1
RNA11_F	109	2	1
RNA14	56	1	450
RNA23t_1	62	21	1
LSUB	99	6	2
RNA14	56	2	220
SSUF_1	54	0	112
RNA11_F	109	3	3
RNA17	70	9	1
SSUF_2	94	12	1
RNA14	56	3	328
SSUF_1	54	1	5
RNA23t_1	62	23	1
RNA11_F	109	4	2
LSUB	99	8	1
RNA10_F	88	10	6
RNA14	56	4	372
SSUF_1	54	2	1
RNA14	56	5	482
SSUF_1	54	3	10
RNA30	96	1	1
RNA10_F	88	12	2
RNA14	56	6	736
SSUF_1	54	4	6
RNA23t_1	62	26	1
RNA11_F	109	7	2
RNA14	56	7	418
SSUF_1	54	5	555
RNA14	56	8	301
SSUF_1	54	6	195
RNA14	56	9	248
SSUF_1	54	7	192
RNA10_F	88	16	1
SSUF_1	54	8	200
SSUF_1	54	9	39
RNA40	144	0	1
RNA17	66	20	1
RNA6	95	25	1
RNA40	144	2	3
RNA17	66	21	2
RNA33_1	59	16	1
LSUB	80	0	1
RNA17	66	25	31
LSUB	80	9	1
SSUE_1	48	0	9
RNA43	36	0	7
RNA34_F	98	30	2
SSUE_1	48	1	3
RNA31_F	71	11	4
RNA43	36	1	9
RNA31_F	71	12	4
RNA43	36	2	2
RNA31_F	71	13	5
RNA15_1	76	3	1
RNA34_F	98	33	2
RNA43	36	4	1
RNA34_F	98	34	49
SSUF_1	45	10	116
RNA34_F	98	35	16
SSUF_1	45	11	80
SSUF_1	45	12	70
SSUF_1	45	13	281
SSUE_1	48	9	2
SSUF_1	45	14	204
SSUF_1	45	15	1406
SSUF_1	45	16	51
RNA43	83	12	2
SSUF_1	45	17	7
RNA23t_F	81	11	1
RNA43	83	13	2
SSUF_1	45	18	9
RNA23t_F	81	12	1
RNA43	135	6	1
SSUF_1	45	19	1
SSUE_2	40	0	25
RNA23t_F	102	0	1
SSUE_2	40	1	2
SSUE_2	40	2	6
RNA33_2	100	9	1
SSUE_2	40	3	2
SSUE_2	40	4	9
SSUE_2	40	5	5
SSUF_2	68	0	2122
SSUE_2	40	6	8
SSUF_2	68	1	326
SSUE_2	40	7	7
SSUF_2	68	2	138
SSUE_2	40	8	1
RNA17	73	0	1
SSUF_2	68	3	138
SSUE_2	40	9	18
RNA17	73	1	1
RNA11_F	105	10	2
SSUF_2	68	4	103
SSUF_2	68	5	123
RNA17	73	3	1
SSUF_2	68	6	167
RNA31_1	52	11	2
RNA17	73	4	2
RNA8	129	22	12
SSUF_2	106	51	1
SSUF_2	68	7	139
RNA33_F	107	0	1
SSUF_2	68	8	164
RNA31_1	52	13	4
RNA17	73	6	1
SSUF_2	68	9	128
RNA31_1	52	14	2
RNA14	59	0	503
RNA14	59	1	78
SSUF_1	57	0	175
RNA14	59	2	54
SSUF_1	57	1	16
RNA14	59	3	41
SSUF_1	57	2	11
RNA14	59	4	48
SSUF_1	57	3	9
RNA30	99	0	2
RNA16	62	0	2
RNA34_1	101	0	1
RNA14	59	5	26
RNA42	138	10	1
SSUF_1	57	4	14
RNA16	62	1	1
RNA14	59	6	31
SSUF_1	57	5	15
RNA14	59	7	29
SSUF_1	57	6	72
RNA7	140	0	2
RNA34_1	101	3	1
RNA14	59	8	28
SSUF_1	57	7	32
RNA16	62	4	1
RNA14	59	9	14
RNA9	103	28	2
SSUF_1	57	8	3300
RNA7	140	2	1
SSUF_1	57	9	132
RNA7	140	4	1
RNA42	34	10	7
RNA42	34	11	28
RNA42	34	12	27
RNA42	34	13	2
RNA43	112	16	1
SSUD	112	40	2
RNA34_F	113	12	1
RNA13	42	0	84
RNA30	80	0	1
RNA43	39	0	15
RNA13	42	1	18
RNA34_F	97	10	10
RNA34_F	114	40	1
RNA43	39	1	1
RNA13	42	2	10
RNA34_F	97	11	6
RNA43	39	2	4
RNA13	42	3	8
RNA34_F	97	12	7
RNA43	39	3	1
RNA13	42	4	11
RNA34_F	97	13	4
RNA13	42	5	4
RNA34_F	97	14	3
RNA30	80	5	1
RNA13	42	6	8
RNA34_F	97	15	5
RNA43	39	6	2
RNA13	42	7	15
RNA34_F	97	16	4
RNA43	39	7	1
RNA13	42	8	1226
RNA34_F	97	17	1
RNA13	42	9	54
RNA34_F	97	18	4
RNA43	39	9	2
RNA35	61	13	1
RNA34_F	98	40	1
SSUE_2	43	0	11
RNA23t_F	105	0	1
SSUE_2	43	1	4
SSUE_2	43	2	2
SSUE_2	43	3	2
SSUE_2	43	4	3
SSUE_2	43	5	7
SSUE_2	43	6	9
SSUE_2	43	7	3
SSUE_2	43	8	6
RNA17	76	0	3
SSUE_2	43	9	8
RNA23t_F	81	21	4
RNA17	76	1	2
RNA17	76	2	1
SSUE_1	32	0	6
RNA34_1	78	10	6
SSUE_1	32	1	9
RNA34_1	78	12	3
SSUE_1	32	3	18
RNA34_1	78	13	2
RNA42	22	0	1
RNA34_1	78	14	1
RNA15_1	60	5	1
RNA34_1	78	15	5
SSUE_1	32	6	1
RNA34_1	78	16	2
RNA34_1	78	17	4
RNA16	65	1	1
RNA7	143	0	1
RNA16	65	8	4
SSUF_2	52	0	975
SSUF_2	52	1	69
SSUF_2	52	2	5
LSUB	66	18	1
SSUF_2	52	3	4
SSUF_2	52	4	5
SSUF_2	52	5	8
SSUF_2	52	6	37
SSUF_2	52	7	1
SSUF_2	52	8	41
SSUF_2	52	9	42
SSUF_1	41	0	680
RNA23t_1	93	0	2
SSUF_1	41	1	105
SSUF_1	41	2	43
RNA13	45	0	168
SSUF_1	41	3	114
RNA13	45	1	33
RNA17	65	10	2
SSUF_1	41	4	123
RNA13	45	2	15
RNA17	65	11	2
SSUF_1	41	5	100
RNA13	45	3	15
RNA17	65	12	7
SSUF_1	41	6	225
RNA13	45	4	20
RNA17	65	13	3
SSUF_2	94	39	1
SSUF_1	41	7	226
RNA13	45	5	23
RNA17	65	14	4
SSUF_1	41	8	490
RNA13	45	6	23
SSUF_1	41	9	498
RNA13	45	7	16
RNA13	45	8	4
RNA17	65	17	3
RNA13	45	9	9
RNA17	65	18	1
RNA33_2	106	0	1
RNA19	88	0	1
RNA39	47	15	1
RNA14	96	13	1
RNA2	120	16	1
RNA39	47	17	1
RNA34_F	114	50	1
RNA34_F	97	21	2
RNA34_F	114	51	1
SSUE_2	46	0	10
RNA14	96	17	5
SSUE_2	46	1	1
SSUE_2	46	2	1
RNA14	96	19	1
RNA34_F	97	24	1
RNA23t_F	108	2	1
SSUE_2	46	6	1
RNA34_F	97	28	1
SSUE_2	46	7	7
SSUE_2	46	8	8
RNA17	79	0	3
SSUE_2	46	9	6
RNA17	79	1	1
SSUE_1	35	0	13
RNA43	23	0	1
SSUE_1	35	1	1
RNA15_1	63	1	1
RNA17	79	6	1
SSUE_1	35	4	13
SSUF_2	104	12	1
SSUE_1	35	5	6
RNA42	25	2	1
SSUE_1	35	6	44
SSUE_1	35	7	1
RNA3	119	17	1
SSUF_2	104	16	1
SSUE_1	35	9	3
RNA16	68	1	1
RNA15_1	63	9	1
RNA7	146	1	1
RNA8	128	10	3
RNA34_1	78	21	235
RNA34_1	78	22	193
RNA8	128	13	1
RNA34_1	78	23	14
RNA16	68	9	1
RNA8	128	14	4
RNA34_1	78	24	2
RNA2	76	13	1
RNA13	47	10	2
RNA8	128	15	1
RNA13	47	11	18
RNA8	128	16	1
RNA13	47	12	53
RNA8	128	17	1
RNA7	146	9	1
RNA18	71	7	1
RNA28	150	0	84
RNA9	102	12	2
SSUF_2	55	0	2774
RNA13	47	13	2863
RNA28	150	1	1
RNA9	102	13	1
SSUF_2	55	1	179
RNA13	47	14	149
RNA8	128	19	2
SSUF_2	55	2	67
RNA13	47	15	34
RNA17	60	0	157
RNA35	29	10	8
SSUF_2	55	3	377
RNA13	47	16	63
LSUB	89	0	1
RNA17	60	1	32
RNA35	29	11	28
SSUF_2	55	4	21
RNA13	47	17	12
RNA17	60	2	16
RNA35	29	12	29
SSUF_2	55	5	2
RNA13	47	18	3
RNA17	60	3	9
RNA35	29	13	2
SSUF_2	55	6	11
RNA13	47	19	2
LSUB	89	3	1
RNA17	60	4	6
RNA35	29	14	2
SSUF_2	55	7	6
RNA33_F	77	18	1
RNA17	60	5	18
SSUF_2	55	8	17
RNA17	60	6	22
SSUF_2	55	9	272
SSUD	111	11	1
RNA17	60	7	23
SSUF_1	44	0	468
RNA17	60	8	16
SSUF_1	44	1	81
RNA17	60	9	17
SSUF_1	44	2	22
RNA13	48	0	303
RNA10_F	87	10	2
SSUF_1	44	3	24
RNA13	48	1	80
RNA10_F	87	11	1
SSUF_1	44	4	28
RNA13	48	2	60
RNA30	86	1	1
SSUF_1	44	5	22
RNA13	48	3	46
RNA10_F	87	13	3
SSUF_1	44	6	678
RNA13	48	4	24
RNA10_F	87	14	1
SSUD	111	19	1
SSUF_1	44	7	1051
RNA13	48	5	39
SSUF_2	93	18	2
RNA10_F	87	15	3
SSUF_1	44	8	327
RNA13	48	6	27
SSUF_1	44	9	134
RNA13	48	7	14
RNA13	48	8	23
RNA13	48	9	21
RNA28	56	10	6
RNA33_1	58	13	1
RNA28	56	11	1
RNA14	40	0	98
SSUE_2	49	0	4
RNA28	56	12	1
RNA14	40	1	26
SSUE_2	49	1	2
RNA28	56	13	3
RNA14	40	2	4
RNA28	56	14	119
RNA17	65	24	33
RNA33_1	58	17	1
RNA14	40	3	12
RNA28	56	15	29
RNA17	65	25	1
RNA14	40	4	5
RNA28	56	16	5
RNA14	40	5	988
SSUE_2	49	5	2
RNA28	56	17	2
RNA14	40	6	27
RNA14	96	20	11
RNA14	40	7	4
RNA14	40	8	5
RNA14	40	9	61
SSUE_1	38	0	5
RNA31_F	70	10	2
SSUE_1	38	1	1
RNA34_F	97	31	1
RNA31_F	70	11	3
RNA34_F	97	32	2
RNA31_F	70	12	5
RNA34_F	97	33	48
RNA42	28	0	1
RNA34_F	97	34	13
SSUE_1	38	5	3
SSUF_1	44	10	105
RNA10_1	68	17	1
SSUE_1	38	6	5
SSUF_1	44	11	110
SSUE_1	38	7	26
SSUF_1	44	12	399
RNA15_1	66	7	1
RNA43	26	7	1
RNA43	125	0	1
SSUE_1	38	8	25
SSUF_1	44	13	295
RNA42	28	5	1
SSUE_1	38	9	97
SSUF_1	44	14	2019
RNA42	28	6	1
SSUF_1	44	15	53
RNA43	82	11	7
SSUF_1	44	16	6
RNA23t_F	80	10	1
RNA7	149	0	1
SSUF_1	44	17	15
SSUF_1	44	18	4
SSUF_1	44	19	1
SSUE_2	30	0	508
RNA43	125	9	1
SSUE_2	30	1	1300
SSUE_2	30	2	15
RNA23t_F	80	17	1
SSUE_2	30	3	9
SSUE_2	30	4	14
SSUE_2	30	5	14
SSUF_2	58	0	1555
SSUE_2	30	6	12
SSUF_2	58	1	49
SSUE_2	30	7	12
SSUF_2	58	2	58
SSUE_2	30	8	14
RNA17	63	0	43
SSUF_2	58	3	12383
SSUE_2	30	9	23
RNA17	63	1	2
RNA11_F	104	10	1
SSUF_2	58	4	418
RNA17	63	2	8
RNA8	128	20	1
SSUF_2	58	5	463
RNA17	63	3	8
RNA8	128	21	29
SSUF_2	58	6	211
RNA17	63	4	2
SSUF_2	58	7	41
RNA8	128	23	1
RNA17	63	5	2
SSUF_2	58	8	27
RNA31_1	51	13	1
RNA17	63	6	2
SSUF_2	58	9	17
RNA31_1	51	14	1
RNA17	63	7	1
RNA31_1	51	15	1
SSUF_1	47	0	230
RNA17	63	8	2
SSUF_1	47	1	41
RNA17	63	9	5
SSUF_1	47	2	16
SSUF_1	47	3	27
RNA30	89	0	1
RNA16	52	0	6
SSUF_1	47	4	65
RNA16	52	1	2
SSUF_1	47	5	46
RNA16	52	2	1
RNA23t_1	61	11	1
SSUF_1	47	6	37
RNA7	130	0	2
RNA30	89	3	1
RNA16	52	3	1
SSUF_1	47	7	50
SSUF_1	47	8	38
SSUF_1	47	9	838
SSUD	75	10	1197
RNA30	89	6	1
SSUD	75	11	94
RNA7	130	4	1
SSUD	75	12	33
RNA7	130	5	1
RNA30	89	8	1
RNA16	52	8	1
SSUD	75	13	65
RNA16	52	9	3
RNA42	33	10	25
SSUD	75	14	26
RNA42	33	11	12
SSUD	75	15	11
SSUD	111	24	1
SSUD	75	16	31
SSUD	75	17	671
RNA14	43	0	171
RNA18	147	0	1
RNA14	43	1	34
RNA14	43	2	19
RNA34_F	112	11	1
RNA14	43	3	15
RNA14	43	4	14
RNA14	43	5	21
RNA14	43	6	25
RNA14	43	7	14
RNA14	43	8	2999
RNA33_1	58	20	1
RNA14	43	9	75
RNA23t_1	80	0	1
RNA13	32	0	442
RNA33_1	58	23	1
RNA43	29	0	1
RNA13	32	1	3332
RNA34_F	96	10	18
RNA43	29	1	1
RNA13	32	2	83
RNA34_F	96	11	8
RNA13	32	3	119
RNA34_F	96	12	7
RNA13	32	4	307
RNA34_F	96	13	5
RNA34_F	96	14	2
RNA34_F	96	15	1
RNA43	29	6	2
RNA34_F	96	16	5
RNA34_F	96	17	6
RNA34_F	96	18	4
RNA34_F	96	19	3
RNA34_F	113	49	3
RNA35	60	14	1
SSUE_2	33	0	255
RNA14	96	38	1
SSUE_2	33	1	213
SSUE_2	33	2	42
SSUF_1	44	20	1
SSUE_2	33	3	43
SSUE_2	33	4	19
SSUE_2	33	5	17
SSUE_2	33	6	20
SSUE_2	33	7	22
SSUE_2	33	8	13
RNA23t_F	80	20	2
RNA17	66	0	9
SSUE_2	33	9	13
RNA17	66	1	9
RNA17	66	2	9
RNA15_1	50	0	10
RNA17	66	3	4
RNA34_1	77	10	1
RNA15_1	50	1	6
RNA17	66	4	4
RNA34_1	77	11	4
RNA15_1	50	2	2
RNA17	66	5	3
RNA34_1	77	12	1
RNA15_1	50	3	1
RNA17	66	6	4
RNA34_1	77	13	3
RNA34_1	77	14	4
RNA15_1	50	5	1
RNA17	66	8	1
RNA34_1	77	15	1
RNA15_1	50	6	1
RNA34_1	77	16	1
RNA15_1	50	7	4
RNA16	55	0	4
RNA15_1	50	8	2
RNA16	55	1	4
RNA7	133	0	1
RNA11_F	104	21	4
RNA30	82	12	2
RNA16	55	7	1
RNA7	133	5	1
RNA8	128	36	1
LSUB	65	12	3
RNA30	82	17	1
LSUB	65	14	1
SSUF_2	42	0	198
LSUB	65	16	2
SSUF_2	42	1	13
LSUB	65	17	1
SSUF_2	42	2	653
RNA14	46	0	1710
SSUF_2	42	3	5
RNA14	46	1	293
SSUF_2	42	4	5
RNA14	46	2	117
SSUF_2	42	5	4
RNA14	46	3	170
SSUF_2	42	6	3
RNA14	46	4	114
SSUF_2	42	7	4
RNA14	46	5	114
SSUF_2	42	8	243
RNA14	46	6	105
SSUF_2	42	9	525
RNA14	46	7	95
RNA14	46	8	152
RNA14	46	9	139
RNA30	144	15	1
RNA23t_1	83	0	1
RNA13	35	0	842
RNA13	35	1	4232
RNA13	35	2	1
RNA17	64	10	3
RNA13	35	3	6
RNA17	64	11	2
RNA23t_1	83	4	1
SSUD	111	39	8
RNA13	35	4	33
RNA17	64	12	2
SSUF_2	93	38	3
RNA13	35	5	14
RNA17	64	13	1
RNA13	35	6	34
RNA17	64	14	1
RNA13	35	7	23
RNA17	64	16	2
RNA34_F	112	25	1
RNA17	64	17	3
RNA17	64	18	4
RNA14	95	11	1
RNA17	64	19	4
LSUB	70	0	1
RNA39	46	14	1
RNA14	95	12	2
RNA14	95	16	3
RNA34_F	96	21	1
SSUE_2	36	0	142
SSUE_2	36	1	117
SSUE_2	36	2	5
RNA14	95	19	18
RNA34_F	96	24	1
SSUE_2	36	3	3
SSUE_2	36	4	11
RNA34_F	96	26	1
SSUE_2	36	5	14
RNA34_F	96	27	2
SSUE_2	36	6	88
RNA35	60	21	1
RNA34_F	96	28	1
SSUE_2	36	7	36
SSUE_2	36	8	12
RNA17	69	0	13
SSUE_2	36	9	9
RNA17	69	1	1
RNA17	69	2	1
SSUE_1	25	0	13
RNA15_1	53	0	5
SSUE_1	25	1	1
RNA17	69	4	1
RNA19	72	0	1
RNA15_1	53	3	1
RNA17	69	6	1
RNA15_1	53	4	1
RNA15_1	53	5	2
RNA15_1	53	7	1
RNA16	58	0	3
RNA16	58	1	2
RNA15_1	53	9	1
RNA16	58	2	2
RNA7	136	0	1
RNA8	127	10	1
RNA34_1	77	20	127
RNA18	61	1	1
RNA34_1	77	21	154
RNA8	127	12	2
RNA34_1	77	22	13
RNA8	127	13	15
RNA34_1	77	23	3
RNA13	46	10	25
RNA34_1	77	25	2
RNA8	127	16	1
RNA13	46	11	49
RNA9	101	11	1
RNA13	46	12	2446
RNA8	127	17	2
SSUF_2	45	0	438
RNA13	46	13	101
RNA8	127	18	2
SSUF_2	45	1	909
RNA13	46	14	21
SSUF_2	45	2	10
RNA13	46	15	61
SSUF_2	104	49	1
RNA33_F	76	13	1
RNA14	49	0	10737
RNA9	101	15	1
RNA17	50	0	17853
RNA35	28	10	7
SSUF_2	45	3	8
RNA13	46	16	15
RNA14	49	1	2155
RNA17	50	1	1093
RNA35	28	11	5
SSUF_2	45	4	5
RNA13	46	17	8
RNA14	49	2	1057
RNA17	50	2	362
RNA35	28	12	3
SSUF_2	45	5	14
RNA13	46	18	6
RNA14	49	3	1112
RNA17	50	3	634
SSUF_2	45	6	9
RNA14	49	4	923
RNA17	50	4	428
SSUF_2	105	72	1
SSUF_2	45	7	5
RNA14	49	5	957
RNA17	50	5	295
SSUF_2	45	8	14
RNA14	49	6	1003
RNA17	50	6	22
SSUF_2	45	9	18
RNA14	49	7	847
RNA17	50	7	245
RNA14	49	8	1097
RNA17	50	8	1250
SSUF_2	92	11	1
RNA14	49	9	640
SSUD	110	13	1
RNA17	50	9	90928
SSUF_2	92	12	1
RNA13	38	0	14
RNA10_F	86	10	2
RNA13	38	1	2
SSUD	110	16	2
RNA13	38	2	1
RNA10_F	86	12	1
RNA13	38	3	3
SSUF_2	92	16	1
RNA13	38	4	373
SSUF_2	92	17	2
RNA10_F	86	14	2
RNA23t_1	61	33	1
RNA13	38	5	17
RNA10_F	86	15	1
RNA13	38	6	5
RNA13	38	7	42
RNA13	38	8	31
RNA13	38	9	39
SSUD	111	42	1
LSUB	73	0	4
RNA33_1	57	12	1
RNA28	55	11	2
RNA17	64	21	1
RNA14	30	0	29
SSUE_2	39	0	97
RNA28	55	12	14
RNA17	64	22	2
RNA14	30	1	112
SSUE_2	39	1	256
RNA28	55	13	251
RNA17	64	23	67
RNA14	30	2	1
LSUB	73	7	1
SSUE_2	39	2	6
RNA28	55	14	88
RNA17	64	24	3
LSUB	73	8	1
SSUE_2	39	3	6
RNA28	55	15	19
RNA17	64	25	3
SSUE_2	39	4	2
RNA28	55	16	2
RNA30	70	0	4
SSUE_2	39	5	20
RNA30	70	1	2
SSUE_2	39	6	4
RNA28	55	18	1
SSUE_2	39	7	5
RNA28	55	19	1
SSUE_2	39	8	5
RNA30	70	4	1
SSUE_2	39	9	66
SSUE_1	28	0	7
RNA15_1	56	0	1
RNA39	46	28	1
RNA34_F	96	31	4
RNA30	70	8	1
RNA15_1	56	1	1
RNA34_F	96	32	79
RNA30	70	9	1
RNA19	75	0	1
RNA34_F	96	33	19
RNA34_F	96	34	2
SSUF_1	43	10	147
RNA34_F	96	36	1
SSUF_1	43	11	530
RNA15_1	56	6	1
SSUF_1	43	12	398
SSUF_1	43	13	3451
SSUF_1	43	14	118
SSUF_1	43	15	15
SSUF_1	43	16	20
SSUF_1	43	17	7
RNA18	64	0	4
SSUF_1	43	18	2
SSUF_1	43	19	5
RNA7	139	4	1
RNA18	64	2	1
SSUE_2	20	0	20
SSUE_2	20	1	104
SSUE_2	20	2	29
SSUE_2	20	3	1
SSUE_2	20	4	2
RNA28	143	0	5
SSUF_2	48	0	734
SSUF_2	48	1	96
SSUF_2	48	2	12
RNA17	53	0	4865
SSUF_2	48	3	5
RNA17	53	1	1328
RNA11_F	103	10	1
SSUF_2	48	4	56
RNA17	53	2	491
RNA8	127	20	50
SSUF_2	48	5	30
RNA8	127	21	2
RNA31_1	50	11	3
RNA17	53	3	521
SSUF_2	48	6	5
RNA17	53	4	432
SSUF_2	48	7	3
RNA17	53	5	393
SSUF_2	48	8	23
RNA1	92	0	73
RNA17	53	6	422
SSUF_2	48	9	13
RNA1	92	1	18
RNA17	53	7	449
RNA1	92	2	40
RNA17	53	8	275
RNA17	53	9	17
RNA1	92	4	4
RNA16	42	0	448
RNA1	92	5	6
RNA16	42	1	76
RNA1	92	6	4
RNA16	42	2	43
RNA1	92	7	3
RNA16	42	3	39
RNA1	92	8	1
RNA7	120	0	107
RNA16	42	4	50
RNA1	92	9	19
RNA7	120	1	1
RNA16	42	5	28
RNA7	120	2	2
SSUD	74	10	100
RNA16	42	6	31
RNA7	120	3	1
RNA16	42	7	29
SSUD	74	11	37
RNA7	120	4	5
RNA16	42	8	19
SSUD	74	12	50
RNA7	120	5	1
SSUD	74	13	20
RNA16	42	9	37
RNA23t_1	60	17	2
RNA7	120	6	1
SSUD	74	14	15
SSUD	74	15	42
SSUD	74	16	979
LSUB	76	2	1
RNA23t_2	81	0	1
RNA14	33	0	560
RNA14	33	1	3
RNA14	33	2	8
SSUF_1	31	0	162
RNA14	33	3	1
SSUF_1	31	1	532
RNA14	33	4	5
SSUF_1	31	2	21
RNA30	73	0	4
SSUF_1	31	3	9
SSUF_1	31	4	9
SSUF_1	31	5	44
SSUF_1	31	6	76
SSUF_1	31	7	96
RNA30	73	5	1
RNA23t_1	70	0	2
RNA5_1	95	12	1
RNA34_F	111	19	1
RNA30	73	6	1
RNA23t_1	70	1	1
RNA30	49	10	47
RNA30	49	11	31
RNA34_F	95	10	15
RNA30	49	12	20
RNA34_F	95	11	10
RNA23t_1	70	4	1
RNA30	49	13	28
RNA15_1	59	2	1
RNA34_F	95	12	8
RNA30	49	14	29
RNA34_F	95	13	5
RNA30	49	15	24
RNA34_F	95	14	8
RNA30	49	16	25
RNA40	121	0	1
RNA34_F	95	15	7
RNA33_1	57	29	1
RNA30	49	17	36
RNA34_F	95	16	5
RNA30	49	18	5329
RNA34_F	95	17	4
RNA30	49	19	31
RNA34_F	95	18	7
RNA34_F	112	48	1
RNA34_F	95	19	3
RNA34_F	112	49	1
RNA18	67	1	1
SSUE_2	23	0	21
SSUE_2	23	1	69
RNA31_1	61	9	2
SSUE_2	23	2	3
RNA18	67	5	1
SSUE_2	23	3	4
SSUE_2	23	4	7
SSUE_2	23	5	59
RNA5_F	141	0	29
SSUE_2	23	6	14
RNA5_F	141	1	5
SSUE_2	23	7	2
RNA5_F	141	3	2
RNA17	56	0	1970
RNA5_F	141	4	2
RNA17	56	1	364
RNA5_F	141	5	1
RNA17	56	2	155
RNA34_1	76	10	1
RNA15_1	40	0	563
RNA5_F	141	6	1
RNA17	56	3	190
RNA34_1	76	11	1
RNA15_1	40	1	88
RNA5_F	141	7	2
RNA17	56	4	176
RNA34_1	76	12	2
RNA15_1	40	2	36
RNA5_F	141	8	2
RNA17	56	5	141
RNA15_1	40	3	62
RNA1	95	0	409
RNA5_F	141	9	1
RNA17	56	6	175
RNA15_1	40	4	41
RNA1	95	1	3479
RNA17	56	7	140
RNA34_1	76	15	1
RNA15_1	40	5	37
RNA1	95	2	51
RNA17	56	8	123
RNA15_1	40	6	31
RNA1	95	3	4
RNA17	56	9	123
RNA15_1	40	7	30
RNA34_1	76	18	5
RNA16	45	0	107
RNA15_1	40	8	41
RNA1	95	5	45
RNA34_1	76	19	62
RNA16	45	1	28
RNA15_1	40	9	43
RNA1	95	6	10
RNA16	45	2	4
RNA1	95	7	3
RNA16	45	3	9
RNA1	95	8	153
RNA11_F	103	20	4
RNA7	123	0	32
RNA42	89	11	4
RNA16	45	4	5
RNA1	95	9	34
RNA7	123	1	1
RNA16	45	5	6
RNA7	123	2	1
RNA16	45	6	11
RNA16	45	7	9
RNA7	123	4	2
RNA16	45	8	11
RNA30	115	7	1
RNA7	123	5	2
RNA16	45	9	8
LSUB	64	11	2
RNA7	123	7	1
LSUB	64	14	1
SSUF_2	32	0	59165
RNA23t_2	84	0	1
SSUF_2	32	1	1031
SSUF_2	32	2	3
RNA14	36	0	431
SSUF_2	32	3	293
RNA14	36	1	2528
SSUF_1	34	0	152
RNA43	49	10	2
SSUF_2	32	4	530
RNA14	36	2	6
SSUF_1	34	1	12
RNA43	49	11	1
SSUF_2	32	5	78
RNA14	36	3	1
SSUF_1	34	2	28
RNA14	36	4	2
SSUF_1	34	3	70
RNA30	76	0	5
RNA14	36	5	10
SSUF_1	34	4	642
RNA43	49	14	1
RNA29	111	10	2
RNA14	36	6	2
SSUF_1	34	5	87
RNA14	36	7	3
SSUF_1	34	6	50
SSUF_1	34	7	60
SSUF_1	34	8	255
SSUF_1	34	9	78
RNA17	63	10	7
SSUD	110	38	4
RNA17	63	11	4
SSUF_2	92	37	4
RNA17	63	12	4
RNA17	63	13	5
RNA17	63	14	2
RNA17	63	15	1
RNA17	63	17	5
RNA17	63	18	1
LSUB	60	2	1
RNA30	49	21	3
RNA14	94	15	7
RNA34_F	95	20	2
RNA30	49	22	5
LSUB	60	4	1
RNA34_F	95	21	2
RNA30	49	23	1
SSUE_2	26	0	53
RNA34_F	95	22	1
SSUE_2	26	1	76
RNA14	94	18	18
RNA34_F	95	23	2
LSUB	60	7	1
SSUE_2	26	2	1
RNA34_F	95	24	2
SSUE_2	26	3	1
SSUE_2	26	4	2
SSUE_2	26	5	6
RNA5_F	144	0	11
SSUE_2	26	6	4
RNA34_F	95	28	2
RNA5_F	144	1	1
SSUE_2	26	7	41
RNA34_F	95	29	1
RNA5_F	144	2	1
SSUE_2	26	8	340
RNA17	59	0	243
SSUE_2	26	9	41
RNA17	59	1	43
RNA5_F	144	4	1
RNA17	59	2	20
RNA17	59	3	27
RNA15_1	43	0	154
RNA5_F	144	6	1
RNA17	59	4	19
RNA15_1	43	1	34
RNA5_F	144	7	1
RNA17	59	5	18
RNA15_1	43	2	8
RNA43	81	10	11
RNA17	59	6	53
RNA15_1	43	3	17
RNA1	98	0	392
RNA5_F	144	9	1
RNA19	62	1	1
RNA17	59	7	30
RNA15_1	43	4	10
RNA1	98	1	859
RNA17	59	8	23
RNA15_1	43	5	8
RNA17	59	9	31
RNA15_1	43	6	13
RNA1	98	3	9
RNA19	62	4	1
RNA15_1	43	7	16
RNA1	98	4	101
RNA16	48	0	15
RNA15_1	43	8	7
RNA16	48	1	5
RNA15_1	43	9	7
RNA16	48	2	1
RNA7	126	0	10
RNA16	48	3	4
RNA1	98	8	9
RNA16	48	4	2
RNA1	98	9	3
RNA34_1	76	20	75
RNA18	51	0	10
RNA16	48	5	2
RNA34_1	76	21	12
RNA7	126	3	1
RNA3	118	27	1
RNA18	51	1	4
RNA16	48	6	4
RNA8	126	11	2
RNA34_1	76	22	3
RNA2	74	11	10
RNA7	126	4	1
RNA8	126	12	9
RNA34_1	76	23	2
RNA18	51	3	2
RNA16	48	8	4
RNA8	126	13	1
RNA34_1	76	24	1
RNA7	126	6	1
RNA16	48	9	2
SSUE_2	148	131	1
RNA7	126	7	1
RNA18	51	5	2
RNA13	45	10	33
RNA8	126	15	1
RNA9	100	10	1
RNA13	45	11	2070
RNA9	100	11	1
RNA13	45	12	95
RNA28	130	0	4
RNA18	51	8	1
SSUF_2	35	0	6426
RNA13	45	13	13
RNA8	126	18	2
SSUF_2	103	48	1
RNA18	51	9	1
SSUF_2	35	1	32399
RNA13	45	14	65
RNA8	126	19	88
RNA14	39	0	8
RNA9	100	14	1
SSUF_2	35	2	3493
RNA13	45	15	12
RNA14	39	1	15
RNA17	40	0	25223
RNA35	27	10	4
SSUF_2	35	3	381
RNA13	45	16	7
RNA14	39	2	2
SSUF_1	37	0	302
RNA9	100	16	1
RNA17	40	1	5329
RNA35	27	11	1
SSUF_2	35	4	279
RNA13	45	17	2
RNA14	39	3	5
SSUF_1	37	1	51
RNA35	27	12	3
SSUF_2	35	5	6
RNA14	39	4	894
RNA30	81	23	1
SSUF_1	37	2	31
RNA17	40	3	82
SSUF_2	35	6	303
RNA14	39	5	27
SSUF_1	37	3	35
RNA23t_2	87	6	1
RNA17	40	4	87
RNA30	79	0	1
SSUF_2	35	7	230
RNA14	39	6	3
SSUF_1	37	4	33
RNA17	40	5	7
RNA30	79	1	2
SSUF_2	35	8	4
RNA14	39	7	4
SSUF_1	37	5	95
RNA14	39	8	30
SSUF_1	37	6	186
RNA17	40	7	1
RNA30	79	3	1
RNA14	39	9	10
SSUF_1	37	7	3324
SSUF_2	91	11	1
SSUF_1	37	8	508
RNA30	79	5	1
RNA23t_1	76	0	3
SSUF_1	37	9	125
RNA13	28	0	8006
RNA10_F	85	11	1
RNA13	28	1	2633
RNA10_F	85	13	5
RNA42	32	10	8
RNA23t_1	60	32	1
RNA42	32	11	3
RNA40	127	0	1
RNA31_1	67	0	2
LSUB	63	0	4
LSUB	63	1	1
RNA33_1	56	11	2
RNA28	54	10	2
RNA17	63	20	1
RNA28	54	11	11
LSUB	63	5	1
RNA17	63	21	4
RNA34_F	111	30	1
SSUE_2	29	0	303
RNA28	54	12	361
RNA17	63	22	123
SSUE_2	29	1	73
RNA28	54	13	167
LSUB	63	7	1
RNA6	93	31	1
RNA17	63	23	1
SSUE_2	29	2	13
RNA28	54	14	30
RNA17	63	24	1
SSUE_2	29	3	9
RNA28	54	15	6
RNA33_1	56	18	1
SSUE_2	29	4	7
RNA30	60	0	9
SSUE_2	29	5	12
RNA28	54	17	1
RNA5_F	147	0	6
RNA30	60	1	3
SSUE_2	29	6	4
SSUE_2	29	7	12
RNA30	60	3	2
SSUE_2	29	8	16
RNA5_F	147	3	2
RNA30	60	4	3
SSUE_2	29	9	17
RNA30	60	5	23
RNA5_F	147	5	2
RNA34_F	95	30	5
RNA30	60	7	2
RNA15_1	46	0	37
RNA34_F	95	31	90
RNA15_1	46	1	9
RNA34_F	95	32	26
RNA30	60	9	2
RNA10_1	66	14	1
RNA15_1	46	2	5
RNA34_F	95	33	1
RNA15_1	46	3	11
RNA15_1	46	4	6
SSUF_1	42	10	506
RNA15_1	46	5	1
SSUF_1	42	11	574
RNA15_1	46	6	5
SSUF_1	42	12	4995
RNA15_1	46	7	7
SSUF_1	42	13	193
RNA15_1	46	8	3
SSUF_1	42	14	14
RNA15_1	46	9	7
SSUF_1	42	15	25
RNA7	129	0	2
SSUF_1	42	16	9
SSUF_1	42	17	4
RNA7	129	2	2
RNA18	54	0	3
SSUF_1	42	18	1
RNA18	54	1	3
RNA7	129	4	1
RNA34_1	91	0	32
RNA7	129	5	1
RNA34_1	91	1	1
RNA7	129	7	1
RNA34_1	91	3	1
RNA34_1	91	4	18
RNA18	54	7	1
RNA34_1	91	5	20
RNA28	133	0	2
SSUF_2	38	0	1940
RNA34_1	91	6	7
SSUF_2	38	1	75
RNA34_1	91	7	1
SSUF_2	38	2	1
SSUF_2	38	3	5
RNA17	43	0	784
SSUF_2	38	4	488
RNA17	43	1	107
RNA11_F	102	10	1
SSUF_2	38	5	354
RNA17	43	2	1
RNA8	126	20	1
SSUF_2	38	6	32
RNA17	43	3	1506
RNA11_F	102	12	2
SSUF_2	38	7	36
RNA17	43	4	192
SSUF_2	38	8	3
RNA17	43	5	25
SSUF_2	38	9	58
RNA1	82	0	52
RNA17	43	6	158
RNA1	82	1	41
RNA17	43	7	76
RNA1	82	2	2
RNA17	43	8	10
RNA1	82	3	3
RNA11_F	102	19	3
RNA9	100	25	1
RNA7	110	0	31
RNA7	110	1	5
RNA7	110	2	12
SSUD	73	10	35
RNA7	110	3	9
SSUD	73	11	47
RNA11_F	103	45	3
RNA7	110	4	11
SSUD	73	12	24
RNA7	110	5	6
SSUD	73	13	15
RNA7	110	6	2
SSUD	73	14	49
LSUB	66	0	1
RNA7	110	7	2
SSUD	73	15	1460
RNA7	110	8	2
LSUB	64	38	1
LSUB	66	8	1
LSUB	66	9	5
RNA30	63	0	9
RNA1	144	4	1
RNA30	63	1	3
RNA30	63	2	1
RNA30	63	3	1
RNA30	63	4	2
RNA30	63	5	1
RNA23t_1	60	0	12
RNA30	63	6	1
RNA23t_1	60	1	3
RNA23t_1	60	2	6
RNA15_1	49	0	13
RNA34_F	94	10	20
RNA30	63	8	11
RNA23t_1	60	3	2
RNA15_1	49	1	8
RNA34_F	94	11	17
RNA30	63	9	1
RNA33_1	56	25	1
RNA15_1	49	2	4
RNA34_F	94	12	14
RNA23t_1	60	5	1
RNA15_1	49	3	1
RNA39	45	14	1
RNA34_F	94	13	10
RNA23t_1	60	6	1
RNA15_1	49	4	1
RNA34_F	94	14	7
RNA15_1	49	5	4
RNA34_F	94	15	13
RNA15_1	49	6	3
RNA34_F	94	16	7
RNA15_1	49	7	1
RNA34_F	94	17	2
RNA34_F	111	47	3
RNA15_1	49	8	3
RNA31_1	51	1	2
RNA34_F	94	18	6
RNA15_1	49	9	1
RNA34_F	94	19	4
RNA31_1	51	3	1
SSUF_2	59	10	27
RNA3	150	59	2
SSUF_2	59	11	18
RNA18	57	0	1
SSUF_2	59	12	13
RNA31_1	51	6	1
RNA34_1	94	0	27
SSUF_2	59	13	182
SSUF_2	59	14	6
SSUF_2	59	15	35
RNA18	57	4	2
RNA34_1	94	3	1
SSUF_2	59	16	14
RNA34_1	94	4	2
SSUF_2	59	17	2
RNA34_1	94	5	2
RNA28	136	0	1
SSUF_2	59	19	3
RNA5_F	131	0	6
RNA28	136	1	1
RNA5_F	131	1	1
RNA17	46	0	9424
RNA17	46	1	512
SSUF_2	102	14	1
RNA5_F	131	5	6
RNA17	46	2	18
RNA34_1	75	10	1
RNA15_1	30	0	3361
RNA5_F	131	6	1
RNA17	46	3	156
RNA34_1	75	11	1
RNA15_1	30	1	599
RNA17	46	4	1000
RNA34_1	75	12	1
RNA15_1	30	2	2695
RNA5_F	131	8	1
RNA17	46	5	87806
RNA34_1	75	13	1
RNA15_1	30	3	355250
RNA1	85	0	47
RNA17	46	6	2164
RNA34_1	75	14	1
RNA15_1	30	4	1412
RNA1	85	1	13
RNA17	46	7	453
RNA15_1	30	5	113
RNA1	85	2	27
RNA17	46	8	76
RNA15_1	30	6	212
RNA1	85	3	2
RNA17	46	9	57
RNA15_1	30	7	54133
RNA34_1	75	18	35
RNA15_1	30	8	1305
RNA34_1	75	19	44
RNA30	105	0	2
RNA15_1	30	9	406
RNA30	105	1	1
RNA7	113	0	34
RNA7	113	1	2
RNA7	113	2	17
RNA7	113	3	15
RNA7	113	4	31
RNA7	113	5	22
RNA7	113	6	5
RNA7	113	7	1
LSUB	69	0	1
LSUB	69	4	1
RNA23t_2	74	0	1
RNA1	147	0	3
SSUF_1	24	0	47
SSUF_1	24	1	2
RNA43	48	11	2
RNA43	48	13	3
RNA30	66	0	12
RNA30	66	1	1
SSUF_2	91	30	1
RNA29	110	12	1
RNA29	110	13	1
RNA23t_1	63	0	13
RNA33_2	80	0	2
RNA23t_1	63	1	3
LSUC	61	1	1
RNA23t_1	63	2	2
RNA30	66	8	2
RNA23t_1	63	3	1
SSUF_2	91	36	4
LSUB	50	0	6
RNA14	93	11	1
LSUB	50	1	7
RNA14	93	13	1
RNA31_1	54	4	2
LSUB	50	3	1
RNA14	93	14	8
LSUB	50	4	2
RNA34_F	94	20	2
LSUB	50	5	1
RNA34_1	97	0	13
RNA14	93	16	1
RNA34_F	94	21	4
SSUE_2	16	0	5
LSUB	50	6	1
RNA14	93	17	16
RNA34_F	94	22	3
SSUE_2	16	1	9
LSUB	50	7	1
RNA14	93	18	2
RNA34_F	94	23	2
LSUB	50	8	5
LSUB	50	9	1
RNA2	99	0	1
RNA34_F	94	25	1
RNA34_1	97	5	1
RNA34_F	94	26	1
RNA5_F	134	0	3
RNA34_F	94	27	1
RNA28	139	1	1
RNA34_F	94	28	2
RNA34_F	94	29	15
RNA17	49	0	22135
LSUB	119	13	1
RNA17	49	1	1503
RNA5_F	134	5	55
RNA17	49	2	1184
RNA17	49	3	1246
RNA43	105	0	3
SSUF_2	59	22	1
RNA15_1	33	0	2935
RNA5_F	134	7	1
RNA17	49	4	985
RNA15_1	33	1	418
RNA5_F	134	8	3
RNA19	52	0	4
RNA17	49	5	24
RNA15_1	33	2	242
RNA43	80	10	1
RNA28	139	9	1
RNA5_F	134	9	1
RNA17	49	6	550
RNA15_1	33	3	306
RNA1	88	0	55
RNA17	49	7	4441
RNA15_1	33	4	89
RNA1	88	1	86
RNA19	52	3	2
RNA17	49	8	293100
RNA15_1	33	5	138
RNA1	88	2	2
RNA17	49	9	2832
RNA15_1	33	6	34071
RNA15_1	33	7	434
RNA1	88	4	1
RNA15_1	33	8	127
RNA3	91	0	314
RNA30	108	0	10
RNA15_1	33	9	324
RNA3	91	1	17
RNA3	91	2	16
RNA7	116	0	70
RNA3	91	3	4
RNA1	88	8	1
RNA7	116	1	3
RNA3	91	4	1
RNA1	88	9	1
RNA34_1	75	20	9
RNA7	116	2	9
RNA18	41	0	577
RNA3	91	5	9
RNA34_1	75	21	2
RNA2	73	10	13
RNA7	116	3	10
RNA18	41	1	115
RNA3	91	6	2
RNA34_1	75	22	4
RNA7	116	4	25
RNA18	41	2	22
RNA34_1	75	23	1
RNA7	116	5	30
RNA18	41	3	24
RNA3	91	8	1
RNA7	116	6	10
RNA18	41	4	21
RNA3	91	9	1
RNA13	44	10	1805
RNA7	116	7	2
RNA18	41	5	14
RNA30	108	9	1
RNA13	44	11	100
RNA7	116	8	1
RNA18	41	6	52
RNA13	44	12	18
RNA7	116	9	1
RNA18	41	7	11
RNA28	120	0	2
RNA13	44	13	93
RNA18	41	8	15
RNA13	44	14	18
RNA18	41	9	946
RNA13	44	15	4
RNA14	29	0	213
RNA23t_2	77	1	1
RNA35	26	10	2
RNA13	44	16	7
RNA14	29	1	19
SSUF_1	27	0	32
SSUF_1	27	1	13
SSUF_1	27	2	3
RNA16	32	0	188
SSUF_1	27	3	7
RNA30	69	0	1
RNA16	32	1	318
RNA16	32	2	11
SSUE_2	39	10	43
SSUF_2	90	10	1
RNA16	32	3	19
RNA30	69	3	1
SSUE_2	39	11	4
RNA39	149	131	1
RNA30	69	4	1
SSUE_2	39	12	4
RNA23t_1	66	0	6
SSUF_2	90	12	1
RNA16	32	5	15
SSUE_2	39	13	3
RNA23t_1	66	1	2
RNA16	32	6	11
RNA10_F	84	10	1
SSUE_2	39	14	3
SSUF_2	90	14	3
RNA16	32	7	2289
SSUE_2	39	15	5
RNA23t_1	66	3	1
RNA30	81	50	1
SSUF_2	90	15	1
RNA16	32	8	23
RNA30	69	8	2
SSUE_2	39	16	2
SSUF_2	90	16	1
RNA16	32	9	9
RNA42	31	10	3
SSUE_2	39	17	1
SSUE_2	39	18	4
SSUE_2	39	19	2
RNA33_1	72	0	1
LSUB	53	0	3
RNA18	79	13	1
LSUB	53	2	1
LSUB	53	3	1
RNA31_1	57	5	1
RNA28	53	10	8
RNA28	53	11	307
RNA33_1	72	5	1
LSUB	53	5	1
SSUE_2	19	0	31
RNA28	53	12	188
LSUB	53	6	1
RNA6	92	30	1
RNA1	131	0	7
SSUE_2	19	1	175
RNA28	53	13	57
LSUB	53	7	1
SSUE_2	19	2	2
RNA28	53	14	8
LSUB	53	8	1
RNA28	53	15	2
LSUB	53	9	1
RNA30	48	10	41
RNA28	53	16	2
RNA30	50	0	422
RNA30	48	11	17
RNA5_F	137	0	5
RNA30	50	1	72
RNA30	48	12	39
RNA5_F	137	1	2
RNA19	39	10	17
RNA30	50	2	45
RNA30	48	13	32
RNA5_F	137	2	1
RNA19	39	11	44
RNA30	50	3	51
RNA30	48	14	18
RNA30	50	4	43
RNA30	48	15	25
RNA30	50	5	31
RNA30	48	16	39
RNA5_F	137	5	2
RNA30	50	6	25
RNA30	48	17	6996
RNA34_F	94	30	127
RNA30	50	7	52
RNA30	48	18	46
RNA15_1	36	0	8602
RNA34_F	94	31	52
RNA30	50	8	30
RNA10_1	65	13	1
RNA30	48	19	3
RNA15_1	36	1	2820
RNA5_F	137	8	123
RNA19	55	0	4
RNA34_F	94	32	1
RNA30	50	9	23
RNA15_1	36	2	1638
RNA5_F	137	9	2
RNA19	55	1	1
RNA34_F	94	33	1
RNA15_1	36	3	1574
RNA15_1	36	4	1505
SSUF_1	41	10	584
RNA15_1	36	5	1649
SSUF_1	41	11	6826
RNA15_1	36	6	2083
SSUF_1	41	12	314
RNA15_1	36	7	42
SSUF_1	41	13	37
RNA15_1	36	8	152
RNA3	94	0	67
SSUF_1	41	14	43
RNA15_1	36	9	360677
RNA3	94	1	11
SSUF_1	41	15	12
RNA3	94	2	1
RNA7	119	0	84
SSUF_1	41	16	4
RNA3	94	3	710
RNA7	119	1	2
SSUF_1	41	17	7
RNA3	94	4	370
RNA18	44	0	120
RNA3	94	5	58
RNA7	119	3	2
RNA18	44	1	29
RNA3	94	6	28
RNA34_1	81	0	17
RNA7	119	4	4
RNA18	44	2	7
RNA3	94	7	4
RNA34_1	81	1	1
RNA7	119	5	9
RNA18	44	3	8
RNA3	94	8	1
RNA34_1	81	2	2
RNA7	119	6	2
RNA18	44	4	10
RNA3	94	9	1
RNA34_1	81	3	2
RNA18	44	5	12
RNA34_1	81	4	2
RNA18	44	6	10
RNA34_1	81	5	2
RNA18	44	7	8
RNA34_1	81	6	1
RNA18	44	8	6
RNA28	123	1	1
RNA34_1	81	7	1
RNA18	44	9	6
RNA34_1	81	8	1
RNA17	33	0	320
RNA17	33	1	16
RNA11_F	101	11	2
RNA17	33	2	7
RNA11_F	101	12	1
RNA16	35	0	305
RNA11_F	101	14	2
RNA16	35	1	97
RNA16	35	2	36
RNA16	35	3	30
RNA11_F	101	17	1
RNA16	35	4	18
RNA11_F	101	18	8
RNA23t_1	69	0	2
RNA16	35	5	13
RNA16	35	6	25
RNA19	71	10	3
RNA16	35	7	3
RNA16	35	8	31
LSUB	63	10	4
RNA16	35	9	31
RNA7	100	0	64
RNA7	100	1	17
SSUA	129	10	24
LSUB	63	13	1
RNA11_F	102	42	1
RNA7	100	2	17
SSUA	129	11	27
SSUD	72	10	52
RNA7	100	3	22
SSUA	129	12	49
LSUB	63	15	1
RNA11_F	102	44	1
SSUD	72	11	15
RNA7	100	4	26
SSUD	72	12	17
RNA7	100	5	13
SSUA	129	14	26
SSUE_2	39	20	6
SSUD	72	13	55
RNA7	100	6	10
SSUA	129	15	31
LSUB	63	18	1
SSUD	72	14	1890
SSUE_2	39	21	38
RNA7	100	7	5
SSUA	129	16	4863
LSUB	56	0	4
SSUE_2	39	22	2
RNA7	100	8	6
SSUA	129	17	21
SSUE_2	39	23	1
RNA7	100	9	7
LSUB	56	2	1
RNA23t_2	61	0	7
RNA23t_2	61	1	1
RNA23t_2	61	3	1
LSUB	56	8	4
LSUB	56	9	1
RNA23t_2	61	6	2
RNA30	53	0	92
RNA17	62	10	10
RNA30	53	1	17
RNA23t_2	61	8	1
RNA17	62	11	13
RNA30	53	2	20
RNA23t_2	61	9	4
RNA17	62	12	10
RNA30	53	3	6
RNA17	62	13	5
RNA30	53	4	14
RNA5_F	129	10	2
RNA17	62	14	2
RNA30	53	5	10
RNA5_F	129	11	10
RNA17	62	15	7
RNA30	53	6	5
RNA15_1	39	0	1092
RNA17	62	16	6
RNA30	53	7	7
RNA15_1	39	1	137
RNA14	138	17	1
RNA5_F	129	13	1
RNA17	62	17	3
RNA34_F	93	10	28
RNA30	53	8	7
RNA15_1	39	2	59
RNA5_F	129	14	2
RNA34_F	93	11	26
RNA30	53	9	1
RNA15_1	39	3	58
RNA39	44	13	1
RNA34_F	93	12	16
RNA15_1	39	4	59
RNA34_F	93	13	12
RNA15_1	39	5	47
RNA34_F	93	14	17
RNA30	48	20	2
RNA15_1	39	6	50
RNA19	58	4	1
RNA34_F	93	15	9
RNA30	48	21	3
RNA15_1	39	7	47
RNA34_F	93	16	10
RNA30	48	22	2
RNA34_F	110	46	2
RNA15_1	39	8	74
RNA3	97	0	388
RNA34_F	93	17	7
RNA15_1	39	9	122
RNA3	97	1	24
RNA31_1	41	1	1
RNA34_F	93	18	7
RNA3	97	2	26
RNA31_1	41	2	34
RNA34_F	93	19	3
RNA3	97	3	9
RNA3	97	4	269
SSUF_2	58	10	19
RNA31_1	41	4	1
RNA3	97	5	63
SSUF_2	58	11	25
RNA18	47	0	60
RNA3	97	6	4673
SSUF_2	58	12	239
RNA18	47	1	4
RNA3	97	7	178
RNA34_1	84	0	8
SSUF_2	58	13	8
RNA18	47	2	2
RNA3	97	8	168
SSUF_2	58	14	36
RNA18	47	3	2
RNA3	97	9	12
RNA34_1	84	2	1
SSUF_2	58	15	14
RNA18	47	4	4
RNA34_1	84	3	1
SSUF_2	58	16	3
RNA18	47	5	1
SSUF_2	58	17	2
SSUF_2	58	18	6
RNA18	47	7	2
RNA34_1	84	6	1
SSUF_2	58	19	6
RNA18	47	8	4
RNA5_F	121	0	35
SSUF_2	101	10	2
RNA18	47	9	2
RNA5_F	121	1	21
RNA17	36	0	18567
SSUF_2	101	12	1
RNA5_F	121	3	7
RNA17	36	1	2252
RNA17	150	103	2
RNA5_F	121	6	3
RNA16	38	0	489
RNA16	38	1	124
RNA5_F	121	8	1
RNA16	38	2	42
RNA16	38	3	42
RNA16	38	4	26
RNA17	150	109	7
RNA8	125	10	2
RNA34_1	74	16	1
RNA16	38	5	42
RNA8	125	11	19
RNA34_1	74	17	41
RNA16	38	6	46
RNA8	125	12	1
RNA34_1	74	18	33
RNA16	38	7	26
RNA8	125	13	2
RNA34_1	74	19	4
RNA16	38	8	32
RNA8	125	14	4
RNA16	38	9	36
RNA8	125	15	6
RNA7	103	0	43
RNA8	125	16	2
RNA7	103	1	15
RNA8	125	17	2
RNA7	103	2	20
RNA8	125	18	183
SSUF_2	102	47	1
RNA33_F	74	11	1
RNA7	103	3	17
RNA8	125	19	3
RNA7	103	4	24
RNA7	103	5	20
RNA7	103	6	6
RNA7	103	7	9
LSUB	59	0	2
RNA7	103	8	10
LSUB	59	1	1
RNA7	103	9	12
RNA23t_2	64	0	6
RNA23t_2	64	1	1
RNA1	137	0	7
LSUB	59	9	1
LSUB	63	25	1
RNA30	56	0	25
RNA30	56	1	34
RNA30	56	2	5
RNA23t_2	64	9	1
RNA30	56	3	2
RNA30	80	49	1
RNA30	56	4	4
RNA30	56	5	5
RNA30	56	6	1
SSUF_2	90	35	2
RNA30	56	7	4
RNA30	56	8	8
RNA30	56	9	3
RNA17	62	20	4
RNA17	62	21	243
RNA31_1	44	0	1
RNA17	62	22	6
LSUB	40	0	581
RNA17	62	23	1
LSUB	40	1	131
LSUB	40	2	28
RNA14	92	13	16
RNA31_1	44	4	1
LSUB	40	3	34
RNA31_1	44	5	11
LSUB	40	4	22
RNA34_F	93	20	5
LSUB	40	5	30
RNA34_1	87	0	2
RNA14	92	16	34
RNA34_F	93	21	7
RNA31_1	44	7	3
LSUB	40	6	39
RNA34_F	93	22	1
LSUB	40	7	38
RNA34_1	87	2	12
RNA34_F	93	23	2
LSUB	40	8	40
RNA34_1	87	3	5
RNA34_F	93	24	1
LSUB	40	9	32
RNA34_1	87	4	5
RNA34_F	93	25	4
RNA34_1	87	5	1
RNA34_F	93	26	4
RNA28	129	0	3
RNA5_F	124	0	8
RNA34_F	93	27	8
RNA5_F	124	1	12
RNA34_F	93	28	25
RNA34_F	93	29	214
RNA17	39	0	7279
RNA5_F	124	4	9
RNA17	39	1	37
RNA5_F	124	5	3
RNA17	39	2	116
RNA17	39	3	37
RNA17	39	4	19
RNA19	42	0	64
SSUF_2	58	24	1
RNA1	78	0	68
RNA5_F	124	9	5
RNA19	42	1	5
RNA17	39	6	4
SSUF_2	58	25	2
RNA1	78	1	3
RNA19	42	2	5
RNA6	59	10	15
RNA19	42	4	20
RNA6	59	11	3
RNA19	42	5	4
RNA19	42	6	7
RNA3	81	0	152
RNA19	42	7	47
RNA3	81	1	4
RNA19	42	8	835
SSUF_2	101	22	1
RNA3	81	2	17
RNA19	42	9	20
RNA7	106	0	36
RNA3	81	3	5
RNA7	106	1	8
RNA3	81	4	52
RNA34_1	74	20	2
RNA7	106	2	15
RNA18	31	0	1842
RNA3	81	5	104
SSUF_2	28	0	2808
RNA34_1	74	21	2
RNA7	106	3	20
RNA18	31	1	25
RNA3	81	6	40
SSUF_2	28	1	41
RNA34_1	74	22	2
RNA7	106	4	21
RNA18	31	2	1296
RNA3	81	7	24
SSUF_2	28	2	1
RNA7	106	5	22
RNA18	31	3	21
RNA3	81	8	8
RNA7	106	6	4
RNA18	31	4	191
RNA13	43	10	97
RNA7	106	7	4
RNA18	31	5	19
RNA13	43	11	27
RNA2	70	0	1
RNA7	106	8	3
RNA18	31	6	20
RNA8	125	21	2
RNA13	43	12	106
RNA7	106	9	11
RNA13	43	13	21
RNA13	43	14	7
RNA13	43	15	8
RNA30	59	0	7
RNA16	22	0	14
RNA30	59	1	3
RNA16	22	1	98
RNA30	59	2	2
RNA16	22	2	2
RNA23t_2	67	8	1
SSUE_2	38	10	4
RNA30	59	3	4
SSUE_2	38	11	6
RNA30	59	4	21
SSUE_2	38	12	4
RNA30	59	5	4
SSUE_2	38	13	10
RNA30	59	6	1
RNA33_2	73	0	1
SSUE_2	38	14	2
LSUC	54	1	1
SSUE_2	38	15	2
RNA30	59	8	1
RNA10_F	83	12	2
SSUE_2	38	16	1
RNA30	59	9	3
SSUE_2	38	17	5
SSUE_2	38	18	3
SSUE_2	38	19	18
RNA31_F	150	10	2
RNA31_1	47	0	1
RNA31_F	150	12	3
LSUB	43	0	160
RNA40	107	5	1
LSUB	43	1	49
LSUB	43	2	14
RNA31_F	150	16	1
LSUB	43	3	11
RNA28	52	10	209
LSUB	43	4	10
RNA28	52	11	223
RNA31_1	47	7	1
LSUB	43	5	15
RNA28	52	12	63
RNA31_1	47	8	11
LSUB	43	6	11
RNA28	52	13	19
LSUB	43	7	3
RNA28	52	14	2
LSUB	43	8	11
RNA23t_1	50	0	343
RNA28	52	15	5
RNA30	47	10	32
RNA1	121	3	1
LSUB	43	9	21
RNA23t_1	50	1	17
RNA28	52	16	2
RNA30	47	11	45
RNA30	40	0	6803
RNA23t_1	50	2	6
RNA28	52	17	1
RNA30	47	12	49
RNA5_F	127	0	10
RNA30	40	1	272
RNA33_1	55	24	1
RNA23t_1	50	3	15
RNA30	47	13	37
RNA5_F	127	1	50
RNA30	40	2	87
RNA23t_1	50	4	11
RNA30	47	14	35
RNA5_F	127	2	1
RNA30	40	3	63
RNA23t_1	50	5	12
RNA30	47	15	36
RNA30	40	4	50
RNA23t_1	50	6	10
RNA30	47	16	9611
RNA5_F	127	4	2
RNA30	40	5	50
RNA23t_1	50	7	13
RNA30	47	17	58
RNA30	40	6	86
RNA23t_1	50	8	3
RNA10_1	64	11	1
RNA30	47	18	10
RNA5_F	127	6	1
RNA34_F	93	30	66
RNA30	40	7	130
RNA23t_1	50	9	5
RNA30	47	19	8
RNA5_F	127	7	7
RNA30	40	8	135
RNA19	45	0	71
RNA30	40	9	19630
RNA5_F	127	9	8
RNA19	45	1	8
RNA16	69	10	1
RNA19	45	2	3
RNA16	69	11	3
RNA19	45	3	2
RNA16	69	12	6
RNA34_F	93	35	1
RNA19	45	4	5
RNA35	85	0	1
RNA19	45	5	2
RNA3	84	0	15
RNA19	45	6	1
RNA16	69	15	2
RNA3	84	1	1
RNA19	45	7	16
RNA3	84	2	6
RNA19	45	8	1
LSUB	118	23	2
RNA3	84	3	32
RNA19	45	9	2
RNA7	109	0	34
RNA3	84	4	39
RNA7	109	1	3
RNA3	84	5	49
RNA7	109	2	12
RNA18	34	0	477
RNA3	84	6	61
RNA7	109	3	10
RNA18	34	1	70
RNA3	84	7	27
RNA7	109	4	5
RNA18	34	2	606
RNA5_1	94	0	1
RNA3	84	8	17
RNA7	109	5	8
RNA18	34	3	12764
RNA3	84	9	10
RNA7	109	6	3
RNA18	34	4	80
RNA18	34	5	4746
RNA18	34	6	51
RNA15_1	20	0	1690
RNA18	34	7	251
RNA3	89	10	33
RNA15_1	20	1	39
RNA18	34	8	65
RNA3	89	11	3
RNA15_1	20	2	5
RNA18	34	9	120
RNA3	89	12	4
RNA3	89	13	2
RNA3	89	14	1
RNA11_F	100	13	1
RNA16	25	0	1106
RNA16	25	1	81
RNA16	25	2	3
RNA16	25	3	9
RNA11_F	100	17	12
RNA16	25	4	7
RNA11_F	100	18	2
RNA33_2	76	0	3
LSUB	62	12	1
SSUA	128	10	25
RNA11_F	101	43	3
SSUA	128	11	51
LSUB	62	14	2
SSUD	71	10	22
SSUA	128	12	2
SSUD	71	11	26
SSUA	128	13	11
LSUB	62	16	1
SSUD	71	12	80
SSUA	128	14	16
SSUD	71	13	2416
SSUE_2	38	20	84
SSUA	128	15	4393
SSUE_2	38	21	5
SSUA	128	16	21
LSUB	46	0	38
SSUE_2	38	22	1
SSUA	128	17	1
LSUB	46	1	9
LSUB	46	2	6
RNA43	47	12	2
LSUB	46	3	2
LSUB	46	4	3
RNA23t_2	51	0	12
RNA43	47	14	1
LSUB	46	5	2
RNA23t_2	51	1	4
LSUB	46	6	4
RNA23t_2	51	2	1
LSUB	46	7	6
RNA23t_2	51	3	7
RNA23t_1	53	0	28
LSUB	46	8	1
RNA23t_1	53	1	7
LSUB	46	9	3
RNA23t_2	51	5	6
RNA23t_1	53	2	3
RNA31_F	150	20	1
RNA23t_2	51	6	2
RNA30	43	0	1891
RNA23t_1	53	3	2
RNA31_F	150	21	2
RNA23t_2	51	7	142
RNA17	61	10	13
RNA30	43	1	424
RNA23t_1	53	4	1
RNA29	69	11	1
RNA23t_2	51	8	6
RNA17	61	11	15
RNA30	43	2	159
RNA29	69	12	3
RNA23t_2	51	9	8
RNA17	61	12	9
RNA30	43	3	213
RNA23t_1	53	6	1
RNA29	69	13	4
RNA17	61	13	5
RNA30	43	4	215
RNA23t_1	53	7	1
RNA29	69	14	1
RNA5_F	128	10	10
RNA17	61	14	4
RNA30	43	5	137
RNA23t_1	53	8	1
RNA5_F	128	11	1
RNA17	61	15	16
RNA30	43	6	123
RNA23t_1	53	9	1
RNA17	61	16	6
RNA30	43	7	110
RNA5_F	128	13	2
RNA17	61	17	4
RNA30	43	8	95
RNA19	48	0	17
RNA30	43	9	119
RNA19	48	1	3
RNA17	61	19	11
RNA19	48	2	1
RNA30	47	20	8
RNA19	48	3	2
RNA30	47	22	1
RNA19	48	5	2
RNA3	87	0	52
RNA19	48	6	1
RNA3	87	1	21
RNA19	48	7	1
RNA3	87	2	3
RNA3	87	4	2
SSUF_2	57	10	24
RNA3	87	5	134
SSUF_2	57	11	287
RNA18	37	0	4586
RNA3	87	6	277
SSUF_2	57	12	11
RNA18	37	1	1015
RNA3	87	7	39
SSUF_2	57	13	59
RNA18	37	2	285
RNA3	87	8	75
SSUF_2	57	14	25
RNA18	37	3	109
RNA3	87	9	3
SSUF_2	57	15	3
RNA18	37	4	77
SSUF_2	57	16	1
RNA18	37	5	3353
SSUF_2	57	17	13
RNA18	37	6	68233
SSUF_2	57	18	7
RNA15_1	23	0	1875
RNA18	37	7	108
RNA5_F	111	0	84
RNA15_1	23	1	195
RNA18	37	8	14273
RNA5_F	111	1	17
RNA15_F	59	12	1
RNA15_1	23	2	638
RNA18	37	9	22
RNA5_F	111	2	67
RNA15_1	23	3	21
RNA5_F	111	3	83
RNA15_1	23	4	14
RNA5_F	111	4	237
RNA15_1	23	5	8
RNA5_F	111	5	258
RNA15_1	23	6	19
RNA5_F	111	6	13
RNA5_F	111	7	3
RNA16	28	0	276
RNA16	28	1	1324
RNA5_F	111	9	1
RNA16	28	2	1
RNA16	28	3	70982
RNA16	28	4	309
RNA8	124	10	16
RNA16	28	5	5
RNA8	124	11	1
RNA8	124	12	2
RNA8	124	13	7
RNA16	28	8	2
RNA8	124	14	1
RNA8	124	15	8
RNA8	124	16	4
RNA8	124	17	254
SSUF_2	101	46	1
RNA28	110	0	4
RNA8	124	18	2
RNA8	124	19	1
RNA2	72	18	2
RNA33_F	73	14	1
LSUB	49	0	15
LSUB	49	1	2
LSUB	49	2	2
LSUB	49	3	1
LSUB	49	4	2
RNA23t_2	54	0	23
RNA28	134	10	1
LSUB	49	5	1
RNA23t_2	54	1	6
LSUB	49	6	1
RNA23t_2	54	2	2
RNA1	127	1	1
LSUB	49	7	3
RNA23t_2	54	3	1
RNA23t_1	56	0	9
RNA23t_2	54	4	2
RNA23t_1	56	1	5
LSUB	49	9	1
RNA23t_2	54	5	27
RNA30	46	0	1343
RNA23t_1	56	2	14
RNA23t_2	54	6	5
RNA30	46	1	257
RNA23t_1	56	3	7
RNA23t_2	54	7	1
RNA30	46	2	90
RNA23t_1	56	4	2
RNA23t_2	54	8	9
RNA30	46	3	85
RNA23t_1	56	5	1
RNA30	46	4	78
RNA30	46	5	80
RNA23t_1	56	7	1
LSUC	41	0	8
RNA30	46	6	64
RNA33_2	60	0	1
LSUC	41	1	1
RNA30	46	7	84
RNA23t_1	56	9	2
LSUC	41	2	5
RNA30	46	8	62
RNA33_2	60	2	1
RNA30	46	9	43
LSUC	41	5	1
LSUC	41	6	1
LSUC	41	7	1
LSUC	41	8	1
RNA17	61	20	433
RNA33_2	60	8	2
LSUC	41	9	2
RNA17	61	21	8
RNA6	91	0	2
RNA17	61	22	1
RNA6	91	1	1
LSUB	30	0	76
RNA33_1	54	16	2
RNA6	91	2	4
RNA29	69	24	4
LSUB	30	1	363
RNA14	91	12	23
RNA6	91	3	2
RNA6	91	4	2
RNA5_F	79	10	6
LSUB	30	3	17
RNA6	91	5	4
RNA5_F	79	11	2
LSUB	30	4	5694
RNA14	91	15	44
RNA5_F	79	12	5
LSUB	30	5	57
RNA19	38	10	60
RNA14	91	16	1
LSUB	30	6	55
LSUB	30	7	34
LSUB	30	8	11
LSUB	30	9	22
RNA15_1	26	0	60
RNA15_1	26	1	339
RNA5_F	114	0	258
RNA15_1	26	2	2741
RNA5_F	114	1	28
RNA15_1	26	3	5223
RNA5_F	114	2	48
RNA15_1	26	4	391
RNA5_F	114	3	24
RNA15_1	26	5	192
RNA5_F	114	4	76
SSUF_2	57	20	2
SSUF_1	40	10	7165
RNA15_1	26	6	373
RNA5_F	114	5	76
SSUF_2	57	21	1
SSUF_1	40	11	448
RNA15_1	26	7	77
RNA5_F	114	6	15
SSUF_1	40	12	80
RNA15_1	26	8	29
RNA5_F	114	7	10
SSUF_2	57	23	1
SSUF_1	40	13	69
RNA15_1	26	9	11
RNA5_F	114	8	2
RNA19	32	0	1493
SSUF_2	57	24	4
SSUF_1	40	14	32
RNA5_F	114	9	2
RNA19	32	1	7037
SSUF_1	40	15	16
RNA19	32	2	1
SSUF_1	40	16	6
RNA19	32	3	10
RNA6	58	10	4
RNA19	32	4	85
RNA35	72	0	2
RNA15_F	59	21	1
RNA34_1	71	0	14
RNA34_1	71	1	4
RNA16	69	38	1
RNA34_1	71	4	1
RNA34_1	71	5	1
RNA28	113	0	1
RNA34_1	71	9	2
RNA13	42	10	25
RNA13	42	11	145
RNA2	60	0	7
RNA13	42	12	26
RNA8	124	22	1
RNA13	42	13	17
RNA23t_2	57	0	16
RNA13	42	14	15
RNA23t_2	57	1	7
RNA2	60	4	1
RNA23t_2	57	2	1
RNA23t_2	57	3	2
RNA23t_2	57	4	3
RNA23t_1	59	0	7
RNA2	60	7	1
RNA23t_2	57	5	3
RNA23t_1	59	1	1
RNA2	60	8	4
RNA23t_2	57	6	4
RNA30	49	0	549
RNA23t_1	59	2	3
RNA2	60	9	13
RNA23t_2	57	7	1
RNA30	49	1	111
RNA23t_1	59	3	6
RNA23t_2	57	8	26
RNA30	49	2	60
RNA23t_1	59	4	5
RNA23t_2	57	9	3
RNA30	49	3	70
RNA30	49	4	52
RNA23t_1	59	6	1
RNA30	49	5	49
RNA23t_1	59	7	1
LSUC	44	0	1
RNA30	49	6	42
RNA23t_1	59	8	2
RNA33_2	63	0	21
RNA30	49	7	37
RNA30	49	8	38
RNA30	49	9	39
LSUC	44	7	1
LSUC	44	8	1
LSUC	44	9	1
RNA31_1	37	0	2
RNA33_2	63	9	2
RNA31_1	37	1	1
RNA6	94	0	7
LSUB	33	0	22487
RNA6	94	2	1
LSUB	33	1	2265
LSUB	33	2	665
RNA6	94	4	1
LSUB	33	3	987
RNA6	94	5	1
LSUB	33	4	1677
LSUB	33	5	1005
RNA1	111	0	6
LSUB	33	6	735
LSUB	33	7	207307
LSUB	33	8	437
RNA23t_1	40	0	70
RNA30	46	10	54
RNA1	111	3	2
LSUB	33	9	40
RNA23t_1	40	1	20
RNA30	46	11	50
RNA1	111	4	1
RNA15_1	29	0	11099
RNA30	30	0	113
RNA23t_1	40	2	8
RNA30	46	12	62
RNA1	111	5	1
RNA15_1	29	1	1459
RNA5_F	117	0	67
RNA34_F	92	10	34
RNA30	30	1	2
RNA23t_1	40	3	4
RNA30	46	13	32
RNA1	111	6	4
RNA15_1	29	2	2315468
RNA5_F	117	1	17
RNA34_F	92	11	27
RNA30	30	2	1
RNA23t_1	40	4	4
RNA30	46	14	55
RNA15_1	29	3	3375
RNA5_F	117	2	8
RNA34_F	92	12	26
RNA30	30	3	1
RNA23t_1	40	5	6
RNA30	46	15	12519
RNA15_1	29	4	138
RNA5_F	117	3	1
RNA34_F	92	13	20
RNA23t_1	40	6	7
RNA30	46	16	74
RNA15_1	29	5	120
RNA5_F	117	4	7
RNA34_F	92	14	18
RNA30	30	5	6
RNA23t_1	40	7	4
RNA30	46	17	12
RNA15_1	29	6	135068
RNA5_F	117	5	7
RNA34_F	92	15	15
RNA23t_1	40	8	18
RNA30	46	18	15
RNA15_1	29	7	2015
RNA5_F	117	6	2
RNA34_F	92	16	12
RNA23t_1	40	9	48
RNA30	46	19	12
RNA15_1	29	8	320
RNA34_F	92	17	3
RNA15_1	29	9	258
RNA5_F	117	8	2
RNA19	35	0	9945
RNA34_F	92	18	6
RNA5_F	117	9	12
RNA19	35	1	5386
RNA34_F	92	19	2
RNA19	35	2	3
RNA16	68	11	7
RNA32_F	53	17	1
RNA19	35	3	1
RNA15_1	71	12	1
RNA19	35	4	73
RNA3	74	0	35
RNA34_1	74	0	7
RNA19	35	6	6
RNA16	68	15	5
RNA3	74	1	4
RNA34_1	74	1	2
RNA19	35	7	34
RNA34_1	74	2	2
RNA35	75	4	1
RNA14	92	57	1
RNA34_1	74	8	2
RNA2	63	0	3
RNA3	88	10	9
RNA34_1	73	12	1
RNA3	88	11	3
RNA28	116	9	1
RNA3	88	12	1
RNA3	88	13	1
RNA2	63	5	1
RNA14	59	10	23
RNA34_1	73	15	4
RNA14	59	11	20
RNA34_1	73	16	41
RNA14	59	12	13
RNA34_1	73	17	49
RNA2	63	8	1
RNA14	59	13	17
RNA34_1	73	18	3
RNA2	63	9	1
RNA14	59	14	17
RNA34_1	73	19	1
RNA14	59	15	18
RNA14	59	16	11
RNA14	59	17	16
RNA14	59	18	14
RNA14	59	19	8
LSUB	61	12	1
LSUB	61	13	2
RNA11_F	100	42	2
SSUA	127	10	39
SSUA	127	11	4
SSUD	70	10	27
SSUA	127	12	13
SSUD	70	11	49
SSUA	127	13	11
SSUD	70	12	2403
SSUA	127	14	2742
RNA6	97	0	3
SSUA	127	15	13
LSUB	36	0	3997
SSUA	127	17	1
LSUB	36	1	402
SSUA	127	18	1
LSUB	36	2	128
LSUB	36	3	300
LSUB	36	4	173
RNA6	97	6	1
LSUB	36	5	135
RNA6	97	7	1
RNA1	114	0	4
LSUB	36	6	154
RNA6	97	8	6
RNA1	114	1	1
LSUB	36	7	282
RNA23t_1	43	0	112
RNA6	97	9	1
RNA1	114	2	1
LSUB	36	8	179
RNA23t_1	43	1	27
RNA1	114	3	1
LSUB	36	9	146
RNA30	33	0	43
RNA23t_1	43	2	9
RNA30	33	1	4
RNA23t_1	43	3	13
RNA17	60	10	18
RNA30	33	2	206
RNA23t_1	43	4	10
RNA29	68	11	2
RNA1	114	6	1
RNA17	60	11	24
RNA30	33	3	1
RNA23t_1	43	5	15
RNA29	68	12	2
RNA1	114	7	1
RNA17	60	12	17
RNA30	33	4	2
RNA23t_1	43	6	7
RNA29	68	13	8
RNA1	114	8	2
RNA17	60	13	11
RNA30	33	5	6
RNA23t_1	43	7	11
RNA29	68	14	5
RNA1	114	9	5
RNA17	60	14	21
RNA30	33	6	46
RNA23t_1	43	8	5
RNA29	68	15	1
RNA17	60	15	9
RNA30	33	7	152
RNA23t_1	43	9	8
RNA5_F	127	12	4
RNA30	33	8	60
RNA38	92	0	1
RNA17	60	17	8
RNA5_F	127	14	1
RNA19	38	0	22
RNA17	60	18	29
RNA29	68	19	1
RNA19	38	1	6
RNA17	60	19	770
RNA38	92	3	1
RNA19	38	2	3
RNA30	46	20	2
RNA33_F	138	14	1
RNA19	38	3	91
RNA38	92	5	3
RNA30	46	21	1
RNA19	38	4	1291
RNA38	92	6	1
RNA19	38	5	18
RNA34_F	92	20	7
RNA3	77	0	21
RNA34_1	77	0	16
RNA19	38	6	2
RNA34_F	92	21	3
RNA3	77	1	5
RNA34_1	77	1	7
RNA19	38	7	58
RNA34_F	92	22	3
RNA3	77	2	2
RNA34_1	77	2	2
RNA19	38	8	2
RNA3	77	3	11
RNA34_1	77	3	3
RNA19	38	9	7
RNA34_F	92	24	4
RNA3	77	4	53
RNA34_1	77	4	5
RNA34_F	92	25	2
SSUF_2	56	10	294
RNA34_1	77	5	3
RNA34_F	92	26	14
SSUF_2	56	11	19
RNA34_1	77	6	2
RNA34_F	92	27	46
SSUF_2	56	12	76
RNA34_1	77	7	2
RNA34_F	92	28	421
SSUF_2	56	13	36
RNA34_1	77	8	3
RNA34_F	92	29	100
SSUF_2	56	14	8
RNA14	91	39	1
SSUF_2	56	15	2
SSUF_2	56	16	20
SSUF_2	56	17	6
RNA2	66	1	1
SSUF_2	56	18	1
RNA28	119	7	1
RNA16	68	25	1
SSUF_2	56	19	2
RNA15_F	58	12	1
RNA2	66	5	2
RNA8	123	10	7
RNA34_1	73	20	1
RNA8	123	11	6
RNA34_1	73	21	1
RNA8	123	12	8
RNA8	123	13	1
RNA8	123	14	14
RNA14	59	20	20
RNA8	123	15	1
RNA14	59	21	5
RNA8	123	16	378
RNA14	59	22	11
RNA8	123	17	6
RNA14	59	23	11
RNA8	123	18	1
RNA8	123	19	1
RNA14	59	24	1957
RNA14	59	25	7
RNA33_F	72	13	2
RNA14	59	26	1
LSUB	39	0	865
RNA15_1	39	10	27
LSUB	39	1	197
RNA15_1	39	11	26
LSUB	39	2	38
RNA15_1	39	12	7952
LSUB	39	3	54
RNA15_1	39	13	154
LSUB	39	4	44
RNA15_1	39	14	14
LSUB	39	5	36
SSUE_2	37	10	10
RNA15_1	39	15	8
RNA1	117	0	9
LSUB	39	6	75
SSUE_2	37	11	10
RNA15_1	39	16	915
RNA1	117	1	4
LSUB	39	7	48
SSUE_2	37	12	8
RNA23t_1	46	0	1327
RNA15_1	39	17	67
LSUB	39	8	29
SSUE_2	37	13	9
RNA23t_1	46	1	317
RNA15_1	39	18	18
LSUB	39	9	55
SSUE_2	37	14	9
RNA30	36	0	1118
RNA23t_1	46	2	122
RNA10_F	82	11	1
RNA15_1	39	19	3
RNA10_F	92	0	40
SSUE_2	37	15	4
RNA30	36	1	31
RNA23t_1	46	3	170
RNA10_F	92	1	11
SSUE_2	37	16	12
RNA30	36	2	3
RNA23t_1	46	4	120
RNA10_F	92	2	4
SSUE_2	37	17	5
RNA30	36	3	25
RNA23t_1	46	5	130
RNA1	117	7	1
RNA10_F	92	3	2
SSUE_2	37	18	57
RNA30	36	4	46
RNA23t_1	46	6	149
RNA10_F	92	4	1
SSUE_2	37	19	207
RNA30	36	5	10351
RNA23t_1	46	7	119
RNA1	117	9	4
RNA10_F	92	5	13
RNA7	92	0	960
LSUC	31	0	46
RNA30	36	6	126
RNA23t_1	46	8	97
RNA43	46	23	1
RNA10_F	92	6	9
RNA7	92	1	193
LSUC	31	1	2
RNA30	36	7	373
RNA23t_1	46	9	101
RNA10_F	92	7	207
RNA7	92	2	64
LSUC	31	2	2
RNA30	36	8	68
RNA10_F	92	8	98
RNA7	92	3	85
LSUC	31	3	2
RNA30	36	9	53
RNA10_F	92	9	34
RNA7	92	4	71
LSUC	31	4	2
RNA7	92	5	90
LSUC	31	5	3
RNA7	92	6	93
LSUC	31	6	1
RNA7	92	7	60
RNA38	95	5	3
RNA7	92	8	80
RNA28	51	10	154
RNA17	60	20	27
RNA7	92	9	32
RNA28	51	11	68
LSUC	31	9	2
RNA17	60	21	2
RNA28	51	12	22
RNA6	81	0	7
RNA29	68	22	1
RNA28	51	13	6
RNA6	81	1	1
RNA29	68	23	12
RNA28	51	14	4
RNA6	81	2	1
RNA33_1	52	8	1
RNA28	51	15	2
RNA6	81	3	1
RNA29	68	25	1
RNA6	81	4	3
RNA29	68	26	1
RNA33_F	138	21	1
RNA6	81	8	2
RNA39	42	24	2
RNA6	81	9	2
RNA37	84	6	2
RNA2	69	0	2
RNA34_F	92	30	1
RNA34_F	92	33	1
SSUF_2	56	20	1
SSUF_2	56	22	5
SSUF_2	56	23	6
RNA30	108	13	1
RNA35	62	0	20
RNA35	62	2	1
RNA1	109	10	2
RNA35	62	3	1
RNA3	114	23	1
RNA1	109	12	10
RNA34_1	61	4	39
RNA1	109	13	4
RNA34_1	61	5	3
RNA1	109	14	1
RNA28	103	0	1
RNA1	109	15	2
RNA34_1	61	9	12
RNA2	50	0	2
RNA2	71	20	1
RNA6	118	10	1
RNA28	103	8	2
RNA5_1	71	6	1
RNA2	50	3	1
RNA23t_1	49	0	859
RNA2	50	7	1
RNA23t_1	49	1	53
RNA2	50	8	1
RNA10_F	95	0	14
RNA30	39	0	8748
RNA23t_1	49	2	32
RNA10_F	95	1	3
RNA30	39	1	571
RNA23t_1	49	3	36
RNA30	39	2	307
RNA23t_1	49	4	25
RNA10_F	95	3	1
RNA30	39	3	290
RNA23t_1	49	5	36
RNA11_F	69	10	90
RNA30	39	4	255
RNA15_1	39	20	2
RNA23t_1	49	6	44
RNA11_F	69	11	12739
RNA10_F	95	5	1
RNA7	95	0	326
RNA30	39	5	390
RNA23t_1	49	7	28
RNA11_F	69	12	581
RNA10_F	95	6	1
RNA7	95	1	49
LSUC	34	0	20
RNA30	39	6	336
RNA23t_1	49	8	19
RNA11_F	69	13	94
RNA7	95	2	36
LSUC	34	1	11
RNA30	39	7	609
RNA23t_1	49	9	29
RNA11_F	69	14	410
RNA10_F	95	8	1
RNA7	95	3	16
RNA30	39	8	106881
RNA11_F	69	15	97
SSUE_2	37	20	9
RNA10_F	95	9	2
RNA7	95	4	17
LSUC	34	3	1
RNA30	39	9	467
RNA11_F	69	16	3
SSUE_2	37	21	1
RNA7	95	5	21
LSUC	34	4	1
RNA33_1	55	0	2
RNA11_F	69	17	6
RNA7	95	6	22
LSUC	34	5	1
RNA33_1	55	1	1
RNA11_F	69	18	2
SSUF_2	150	0	10
RNA7	95	7	21
LSUC	34	6	4
RNA7	95	8	19
LSUC	34	7	6
RNA7	95	9	22
LSUC	34	8	4
SSUF_2	150	3	1
RNA23t_2	41	0	1134
LSUC	34	9	4
RNA23t_2	41	1	11
RNA6	84	0	3
RNA23t_2	41	2	6
RNA6	84	2	2
SSUF_2	150	7	1
RNA6	84	3	1
RNA6	84	4	2
RNA6	84	5	2
RNA1	101	0	22
RNA6	84	8	3
RNA1	101	1	96
RNA23t_1	30	0	5
RNA1	101	2	14
RNA33_1	53	22	1
RNA23t_1	30	1	2
RNA30	45	10	55
RNA1	101	3	13
RNA23t_1	30	2	96
RNA30	45	11	78
RNA5_1	91	14	1
RNA1	101	4	208
RNA15_1	19	0	2246
RNA34_F	91	10	47
RNA30	45	12	67
RNA1	101	5	123
RNA15_1	19	1	75
RNA34_F	91	11	35
RNA30	45	13	61
RNA15_1	19	2	12
RNA34_F	91	12	38
RNA23t_1	30	5	4
RNA30	45	14	17696
RNA1	101	7	5
RNA34_F	91	13	34
RNA30	45	15	94
RNA34_F	91	14	18
RNA30	45	16	15
RNA34_F	91	15	19
RNA30	45	17	16
RNA34_F	91	16	21
RNA30	45	18	24
RNA34_F	91	17	10
RNA30	45	19	10
RNA34_F	91	18	14
RNA37/38_F	150	2	1
RNA34_F	91	19	11
RNA16	67	10	4
RNA37/38_F	150	4	1
RNA32_F	52	18	2
RNA18	27	0	262
RNA16	67	13	2
RNA18	27	1	7
RNA35	65	0	1
RNA16	67	14	4
RNA18	27	2	1
RNA34_1	64	0	3
RNA34_1	64	2	1
RNA34_1	64	5	1
RNA28	106	0	2
RNA5_F	101	0	1315
RNA28	106	1	3
RNA5_F	101	1	163
RNA34_1	64	7	3
RNA5_F	101	2	102
RNA34_1	64	8	9
RNA5_F	101	3	76
RNA5_F	101	4	53
RNA16	68	43	1
RNA5_F	101	5	59
RNA2	53	0	1
RNA5_F	101	6	63
RNA5_F	101	7	59
RNA5_F	101	8	88
RNA5_F	101	9	68
RNA2	53	4	1
RNA34_1	72	14	1
RNA2	53	5	4
RNA14	58	10	42
RNA34_1	72	15	55
RNA14	58	11	47
RNA34_1	72	16	52
RNA2	53	7	2
RNA3	114	36	1
RNA14	58	12	23
RNA34_1	72	17	2
RNA2	53	8	7
RNA10_F	98	0	7
RNA14	58	13	30
RNA2	53	9	11
RNA10_F	98	1	8
RNA14	58	14	38
RNA34_1	72	19	1
RNA14	58	15	48
RNA14	58	16	31
RNA14	58	17	37
RNA7	98	0	104
RNA14	58	18	22
RNA7	98	1	13
LSUC	37	0	27
RNA14	58	19	44
RNA7	98	2	11
LSUC	37	1	7
RNA7	98	3	16
LSUC	37	2	1
LSUB	60	11	2
RNA7	98	4	9
LSUC	37	3	3
LSUB	60	12	4
RNA7	98	5	14
RNA10_F	129	11	1
LSUC	37	4	1
RNA7	98	6	11
LSUC	37	5	5
RNA7	98	7	9
SSUA	126	11	8
RNA7	98	8	6
LSUC	37	7	7
SSUA	126	12	9
RNA7	98	9	7
LSUC	37	8	2
SSUA	126	13	1472
RNA23t_2	44	0	4512727
LSUC	37	9	3
SSUA	126	14	5
RNA23t_2	44	1	9
LSUB	60	18	1
RNA11_F	69	20	2
RNA6	87	0	37
RNA23t_2	44	2	36946
RNA11_F	69	21	1
RNA6	87	1	2
RNA23t_2	44	3	27
RNA11_F	69	22	1
RNA6	87	2	3
SSUA	126	17	1
RNA28	133	14	1
RNA6	87	3	1
SSUA	126	18	2
RNA8	90	0	21
RNA6	87	5	1
RNA8	90	1	2
RNA8	90	2	75
RNA1	104	0	3
RNA43	45	17	2
RNA1	104	1	5
RNA10_F	112	0	3
RNA23t_1	33	0	6
RNA6	87	9	2
RNA1	104	2	1
RNA10_F	112	1	1
RNA23t_1	33	1	11
RNA1	104	3	3
RNA33_2	50	0	1
RNA1	104	4	5
RNA33_2	50	1	6
RNA29	67	10	6
RNA1	104	5	3
RNA29	67	11	3
RNA33_2	50	3	2
RNA23t_1	33	5	100
RNA29	67	12	17
RNA1	104	7	19
RNA23t_1	33	6	1
RNA29	67	13	9
RNA1	104	8	27
RNA10_F	112	7	2
RNA23t_1	33	7	1
RNA29	67	14	1
RNA23t_1	33	8	12
RNA29	67	15	1
RNA5_F	126	11	7
RNA23t_1	33	9	4
RNA29	67	16	1
RNA5_F	126	13	2
RNA33_2	50	9	1
RNA38	82	1	2
RNA5_F	126	14	1
RNA19	28	0	139
RNA14	90	11	16
RNA29	67	19	2
RNA19	28	1	12
RNA33_F	137	13	2
RNA19	28	2	2
RNA30	45	20	5
RNA14	90	14	47
RNA5_F	78	10	1
RNA14	90	15	2
RNA34_F	91	20	9
RNA5_F	78	11	10
RNA35	68	0	3
RNA14	90	16	2
RNA34_F	91	21	17
RNA34_1	67	0	13
RNA34_F	91	22	12
RNA35	68	2	1
RNA34_F	91	23	11
RNA34_F	91	24	10
RNA34_1	67	3	2
RNA34_F	91	25	25
RNA37	71	0	12
RNA34_1	67	4	1
RNA34_F	91	26	141
RNA28	109	0	2
RNA34_F	91	27	1011
RNA5_F	104	0	215
RNA28	109	1	1
RNA34_F	91	28	219
RNA5_F	104	1	56
RNA34_1	67	7	2
RNA34_F	91	29	4
RNA5_F	104	2	987
RNA35	68	9	1
RNA5_F	104	3	1066
RNA34_1	67	9	1
RNA5_F	104	4	127
RNA5_F	104	5	48
RNA2	56	0	5
RNA5_F	104	6	4
RNA2	56	1	2
RNA5_F	104	7	9
RNA5_F	104	8	8
RNA5_F	104	9	8
RNA2	139	18	5
RNA2	56	5	2
RNA31_F	116	12	1
RNA2	56	7	2
RNA2	56	9	13
RNA5_1	59	10	1
RNA8	122	10	6
RNA34_1	72	20	2
RNA8	122	11	6
RNA8	122	12	2
RNA8	122	13	12
RNA5_1	59	14	1
RNA8	122	14	5
RNA14	58	20	13
RNA13	41	10	152
RNA8	122	15	568
RNA11_1	115	0	1
RNA14	58	21	38
RNA13	41	11	21
RNA8	122	16	14
RNA14	58	22	22
RNA13	41	12	25
RNA8	122	17	2
RNA5_1	59	18	2
RNA14	58	23	5038
RNA13	41	13	24
RNA23t_2	47	0	218
RNA14	58	24	13
RNA23t_2	47	1	1551
RNA14	58	25	2
RNA23t_2	47	2	4
RNA23t_2	47	3	238
RNA14	58	27	1
RNA15_1	38	10	74
RNA23t_2	47	5	2
RNA15_1	38	11	12587
RNA15_1	38	12	185
RNA23t_2	47	7	1
LSUB	60	20	2
RNA15_1	38	13	25
RNA8	93	0	43
RNA23t_2	47	8	1
RNA15_1	38	14	6
RNA8	93	1	197
SSUE_2	36	10	13
RNA15_1	38	15	1380
RNA1	107	0	7
SSUE_2	36	11	5
RNA15_1	38	16	92
RNA8	93	3	2
RNA1	107	1	2
RNA10_F	115	0	1
SSUE_2	36	12	13
RNA23t_1	36	0	12
RNA15_1	38	17	21
RNA8	93	4	1
RNA1	107	2	1
RNA10_F	115	1	1
SSUE_2	36	13	9
RNA8	93	5	2
RNA23t_1	36	1	4
RNA10_F	81	10	1
RNA15_1	38	18	9
SSUE_2	36	14	10
RNA10_F	82	0	20
RNA23t_1	36	2	2
RNA15_1	38	19	5
SSUE_2	36	15	23
RNA10_F	82	1	23
RNA8	93	7	1
SSUE_2	36	16	3
RNA10_F	82	2	2
RNA23t_1	36	4	2
SSUE_2	36	17	74
RNA10_F	82	3	7
RNA23t_1	36	5	6
RNA1	107	7	6
SSUE_2	36	18	487
RNA10_F	82	4	4
RNA1	107	8	1
SSUE_2	36	19	22
RNA43	45	22	1
RNA7	82	0	247
RNA23t_1	36	7	2
RNA1	107	9	2
RNA10_F	115	8	1
RNA10_F	82	6	4
RNA7	82	1	7
RNA23t_1	36	8	227
RNA10_F	82	7	2
RNA7	82	2	1398
RNA33_2	53	8	1
RNA23t_1	36	9	1
RNA10_F	82	8	2
RNA7	82	3	2024
RNA7	82	4	20
RNA7	82	5	17
RNA33_1	42	0	22
LSUB	23	0	869
RNA7	82	6	5
RNA33_1	42	1	2
LSUB	23	1	12
RNA7	82	7	4
RNA6	150	0	17
RNA7	82	8	18
RNA33_1	42	3	1
RNA28	50	10	55
RNA7	82	9	30
RNA33_1	42	4	1
RNA28	50	11	20
RNA33_1	52	14	1
RNA6	150	3	1
RNA29	67	21	1
RNA28	50	12	7
RNA33_1	42	6	3
RNA29	67	22	24
RNA28	50	13	4
RNA6	150	5	1
RNA33_1	42	7	1
RNA6	150	6	1
RNA33_1	42	8	2
RNA28	50	15	2
RNA33_1	42	9	1
RNA37	74	0	2
RNA5_F	126	21	1
RNA5_F	107	0	88
RNA5_F	107	1	12
RNA5_F	107	2	141
RNA39	41	23	6
RNA5_F	107	3	164
RNA10_1	62	10	2
RNA5_F	107	4	332
RNA2	59	0	5
RNA5_F	107	5	469
RNA18	77	46	1
RNA10_1	62	12	1
RNA5_F	107	6	11
RNA34_F	91	31	1
RNA2	59	2	1
RNA5_F	107	7	1
RNA14	90	27	1
RNA34_F	91	32	1
RNA5_F	107	9	1
RNA11_F	91	0	660
RNA11_F	91	1	45
RNA2	59	7	1
RNA9	141	0	8
RNA11_F	91	2	56
RNA2	59	8	5
RNA11_F	91	3	47
RNA2	59	9	5
LSUB	116	21	1
RNA11_F	91	4	152
RNA11_F	91	5	213
RNA11_F	91	6	34
RNA9	141	5	1
RNA11_F	91	7	15
RNA11_F	91	8	56
RNA11_F	91	9	2
RNA9	141	8	1
RNA34_1	51	0	145
RNA34_1	51	1	17
RNA1	108	11	13
RNA31_F	89	11	11
RNA34_1	51	3	2
RNA1	108	12	9
RNA11_1	118	0	1
RNA34_1	51	4	2
RNA34_1	51	5	4
RNA1	108	14	1
RNA31_F	89	14	2
RNA34_1	51	6	14
RNA3	87	10	5
RNA31_F	89	15	1
RNA34_1	51	7	4
RNA3	87	11	1
RNA1	108	16	1
RNA5_1	61	0	22
RNA5_1	61	1	273
RNA3	87	13	2
RNA5_1	61	2	1
RNA3	87	14	2
RNA5_1	59	20	4
RNA8	122	20	2
RNA5_1	59	21	1
RNA5_1	59	23	2
RNA5_1	61	6	1
RNA8	96	0	14
RNA8	96	1	3
RNA8	96	2	76
RNA5_1	61	8	6
RNA8	96	3	2
RNA10_F	118	0	1
RNA23t_1	39	0	53
RNA8	96	4	25
RNA10_F	118	2	2
RNA33_2	56	0	1
RNA23t_1	39	1	16
RNA8	96	5	2
RNA10_F	85	0	193
RNA23t_1	39	2	4
RNA8	96	6	3
RNA10_F	85	1	526
RNA23t_1	39	3	9
RNA8	96	7	3
RNA8	96	8	7
RNA10_F	85	2	39
RNA23t_1	150	93	1
RNA23t_1	39	4	2
RNA8	96	9	3
RNA10_F	118	6	1
RNA10_F	85	3	41
RNA23t_1	39	5	1
RNA11_F	68	10	10436
RNA10_F	118	7	2
RNA10_F	85	4	13
RNA23t_1	39	6	6
RNA11_F	68	11	478
RNA10_F	85	5	9
RNA7	85	0	306
RNA23t_1	39	7	7
RNA11_F	68	12	54
RNA7	85	1	42
RNA23t_1	39	8	30
RNA11_F	68	13	276
RNA10_F	85	7	5
RNA7	85	2	4
RNA23t_1	39	9	5
RNA11_F	68	14	80
RNA7	85	3	6
RNA11_F	68	15	5
SSUE_2	36	20	4
RNA10_F	85	9	2
RNA7	85	4	19
LSUC	24	3	2
RNA11_F	68	16	3
RNA7	85	5	811
RNA38	88	2	1
RNA33_1	45	0	4
RNA11_F	68	17	9
LSUB	26	0	2299
RNA7	85	6	3358
RNA38	88	3	2
RNA33_1	45	1	2
RNA11_F	68	18	3
LSUB	26	1	18
RNA7	85	7	85
RNA11_F	68	19	1
RNA7	85	8	49
LSUB	26	3	3
RNA7	85	9	11
RNA33_1	45	4	1
LSUB	26	4	2
LSUB	26	5	5
RNA33_1	45	7	1
RNA33_1	52	20	1
RNA33_2	69	17	1
RNA33_1	52	21	4
RNA30	44	10	103
RNA30	44	11	92
RNA34_F	90	10	76
RNA30	44	12	121
RNA34_F	90	11	63
RNA11_1	49	10	123
RNA30	44	13	28258
RNA34_F	90	12	45
RNA11_1	49	11	36
RNA30	44	14	154
RNA34_F	90	13	42
RNA11_1	49	12	135
RNA30	44	15	38
RNA34_F	90	14	36
RNA11_F	94	0	499
RNA11_1	49	13	25
RNA30	44	16	19
RNA9	144	0	9
RNA34_F	90	15	38
RNA11_F	94	1	32
RNA11_1	49	14	69
RNA30	44	17	40
RNA9	144	1	1
RNA34_F	90	16	35
RNA11_F	94	2	22
RNA11_1	49	15	301
RNA30	44	18	10
RNA34_F	90	17	40
RNA11_F	94	3	48
RNA11_1	49	16	185
RNA30	44	19	9
RNA34_F	90	18	28
RNA11_F	94	4	59
RNA11_1	49	17	31
RNA9	144	4	1
RNA34_F	90	19	27
RNA11_F	94	5	67
RNA9	144	5	1
RNA11_F	94	6	15
SSUF_2	55	10	9
RNA11_F	94	7	5
SSUF_2	55	11	79
SSUF_2	55	12	41
RNA11_F	94	9	1
SSUF_2	55	13	12
RNA34_1	54	0	356
SSUF_2	55	14	4
RNA34_1	54	1	7
SSUF_2	55	15	34
RNA34_1	54	2	70
SSUF_2	55	16	7
RNA34_1	54	3	5
SSUF_2	55	17	1
RNA34_1	54	4	1
SSUF_2	55	18	3
SSUF_2	55	19	1
RNA34_1	54	7	3
RNA5_1	64	0	31
RNA5_1	64	1	187
RNA34_1	54	9	4
RNA35	79	13	1
RNA8	99	0	203
RNA8	99	1	9
RNA34_1	71	13	4
RNA8	99	2	2
RNA34_1	71	14	69
RNA8	99	3	1
RNA5_1	64	9	2
RNA14	57	10	112
RNA34_1	71	15	70
RNA8	99	4	3
RNA14	57	11	110
RNA34_1	71	16	3
RNA8	99	5	12
RNA33_2	59	0	1
RNA14	57	12	85
RNA34_1	71	17	1
RNA8	99	6	20
RNA10_F	88	0	74
RNA14	57	13	90
RNA8	99	7	64
RNA10_F	88	1	36
RNA14	57	14	85
RNA34_1	71	19	4
RNA8	99	8	21
RNA14	57	15	111
RNA8	99	9	1
RNA10_F	88	3	533
RNA33_2	59	4	1
RNA14	57	16	111
RNA10_F	88	4	1107
RNA14	57	17	66
RNA10_F	88	5	129
RNA7	88	0	782
RNA14	57	18	79
RNA10_F	88	6	100
RNA7	88	1	182
RNA33_2	59	7	2
LSUC	27	0	32
RNA14	57	19	27
RNA10_F	88	7	4
RNA7	88	2	94
RNA10_F	88	8	2
RNA7	88	3	138
LSUC	27	2	7
RNA10_F	88	9	4
RNA7	88	4	127
LSUB	29	0	261
RNA9	91	0	13
RNA7	88	5	68
RNA33_1	48	0	9
RNA9	91	1	5
RNA7	88	6	14
LSUC	27	5	4
LSUB	29	2	1
RNA9	91	2	3
RNA7	88	7	81
LSUC	27	6	378
RNA33_1	48	2	1
LSUB	29	3	2178
RNA7	88	8	3474
LSUC	27	7	7
LSUB	29	4	9
RNA9	91	4	3
RNA7	88	9	16517
LSUC	27	8	9
RNA33_1	48	4	1
LSUB	29	5	14
RNA9	91	5	1
LSUB	29	6	43
RNA9	91	6	2
RNA11_F	68	20	1
LSUB	29	7	29
RNA9	91	7	1
RNA11_F	68	21	1
RNA33_1	48	7	1
LSUB	29	8	17
RNA43	44	11	2
RNA33_1	48	8	2
RNA33_1	48	9	1
RNA30	26	0	43
RNA30	26	1	1
RNA39	83	0	1
RNA43	44	17	1
RNA10_F	102	0	2
RNA23t_1	23	0	3
RNA23t_1	23	1	14
RNA11_F	97	0	431
RNA9	147	0	6
RNA11_F	97	1	7
RNA11_F	97	2	7
RNA11_F	97	3	7
RNA6	71	0	136
RNA11_F	97	4	33
RNA6	71	1	27
RNA11_F	97	5	114
RNA6	71	2	5
RNA11_F	97	6	32
RNA6	71	3	11
RNA11_F	97	7	9
RNA9	147	7	1
RNA6	71	4	11
RNA5_F	77	10	1
RNA34_F	90	20	36
RNA6	71	5	5
RNA11_F	97	9	1
RNA34_F	90	21	22
RNA6	71	6	5
RNA34_1	57	0	430
RNA34_F	90	22	16
RNA6	71	7	11
RNA34_1	57	1	8
RNA34_F	90	23	18
RNA6	71	8	7
RNA34_F	90	24	83
RNA6	71	9	755
RNA34_F	90	25	350
RNA34_F	90	26	2496
RNA34_1	57	5	2
RNA34_F	90	27	483
RNA34_1	57	6	1
RNA34_F	90	28	10
RNA34_F	90	29	3
RNA5_1	67	0	2
RNA5_1	67	1	1
SSUF_2	55	21	7
SSUF_2	55	22	3
RNA5_1	67	4	10
SSUF_2	55	23	1
RNA31_F	115	11	1
RNA35	52	0	1
RNA8	121	10	12
RNA34_1	71	20	4
RNA5_1	58	12	2
RNA8	121	11	8
RNA5_1	58	13	3
RNA35	52	8	1
RNA8	121	12	10
RNA5_1	58	14	1
RNA35	52	9	1
RNA8	121	13	3
RNA5_1	58	15	4
RNA8	121	14	687
RNA9	94	0	16
RNA14	57	20	88
RNA13	40	10	33
RNA8	121	15	15
RNA5_1	58	17	4
RNA9	94	1	1
RNA14	57	21	49
RNA13	40	11	38
RNA8	121	16	11
RNA9	94	2	1
RNA14	57	22	12414
RNA13	40	12	30
RNA8	121	17	7
RNA14	57	23	33
RNA33_F	70	11	2
RNA8	121	19	1
RNA23t_2	37	0	163
RNA9	94	4	1
RNA14	57	24	8
RNA23t_2	37	1	2
RNA9	94	5	2
RNA14	57	25	1
RNA23t_2	37	2	2
RNA7	148	47	1
RNA15_1	37	10	49940
RNA15_1	37	11	270
RNA30	29	0	166
RNA15_1	37	12	27
RNA30	29	1	4
RNA15_1	37	13	11
RNA15_1	37	14	1987
SSUE_2	35	10	12
RNA30	29	3	1
RNA15_1	37	15	140
SSUE_2	35	11	14
RNA10_F	105	0	2
RNA15_1	37	16	49
SSUE_2	35	12	13
RNA23t_1	26	0	12
RNA15_1	37	17	15
SSUE_2	35	13	12
RNA33_2	43	0	4
RNA23t_1	26	1	74
RNA15_1	37	18	11
SSUE_2	35	14	17
RNA10_F	72	0	113
RNA23t_1	26	2	1
RNA15_1	37	19	1
SSUE_2	35	15	9
RNA10_F	72	1	2
SSUE_2	35	16	133
SSUE_2	35	17	855
SSUE_2	35	18	62
RNA43	44	21	5
SSUE_2	35	19	13
RNA6	74	0	92
RNA6	74	1	16
RNA33_1	32	0	20
RNA6	74	2	4
RNA33_1	32	1	1
RNA6	74	3	1
RNA33_1	32	2	1
RNA6	74	4	8
RNA6	74	5	3
RNA33_1	32	4	1
RNA6	74	6	4
RNA33_1	32	5	1
RNA6	74	7	5
RNA6	74	8	5
RNA6	74	9	4
RNA33_1	32	8	68
RNA33_1	32	9	119
RNA33_1	51	19	1
RNA37	88	10	1
RNA10_1	61	10	2
RNA10_1	61	11	1
RNA10_1	61	13	3
RNA34_F	90	32	3
RNA32_F	51	17	4
RNA32_F	51	18	1
RNA11_F	81	0	786
RNA16	66	12	2
RNA9	131	0	9
RNA11_F	81	1	185
RNA16	66	13	8
RNA11_F	81	2	90
RNA10_1	61	19	1
RNA35	55	0	1
RNA11_F	81	3	95
RNA9	131	3	1
RNA11_F	81	4	105
RNA16	66	16	1
RNA11_F	81	5	89
RNA11_F	81	6	89
RNA11_F	81	7	124
RNA14	90	55	1
RNA11_F	81	8	111
RNA11_F	81	9	110
RNA9	131	9	1
RNA35	55	8	1
RNA31_F	88	10	21
RNA1	107	10	22
RNA32_1	26	4	2
RNA1	107	11	16
RNA15_1	70	43	1
RNA9	97	0	5
RNA1	107	12	1
RNA31_F	88	13	7
SSUF_2	149	0	5
RNA9	97	1	3
RNA2	43	0	32
RNA1	107	13	1
RNA31_F	88	14	4
RNA2	43	1	12
RNA9	97	3	1
RNA3	86	10	7
RNA2	43	2	6
RNA1	107	15	1
RNA9	97	4	2
RNA3	86	11	4
RNA5_1	51	0	381
RNA9	97	5	1
RNA3	86	12	1
RNA5_1	51	1	65
RNA5_1	58	20	6
RNA9	97	7	3
RNA9	97	8	1
RNA5_1	58	22	1
RNA8	86	0	44
RNA6	116	11	2
RNA8	86	1	575
RNA5_1	51	7	1
RNA6	150	88	2
RNA5_1	51	8	2
RNA36	39	10	2
RNA10_F	108	0	7
RNA39	89	0	1
RNA10_F	108	1	2
RNA23t_1	29	0	20
RNA33_2	46	0	1
RNA23t_1	29	1	118
RNA10_F	75	0	12
RNA33_2	46	1	4
RNA10_F	75	1	1
RNA23t_1	29	4	5
RNA42	132	2	1
RNA23t_1	29	5	1
RNA11_F	67	10	388
RNA33_2	46	5	1
RNA15_1	37	20	1
SSUA	125	10	6
RNA11_F	67	11	61
RNA10_F	108	8	1
RNA10_F	75	5	1
SSUA	125	11	6
RNA11_F	67	12	122
RNA33_2	46	7	2
SSUA	125	12	838
RNA11_F	67	13	32
RNA33_2	46	8	2
SSUA	125	13	4
RNA11_F	67	14	7
RNA33_2	46	9	1
SSUA	125	14	3
RNA11_F	67	15	3
RNA6	77	0	34
RNA11_F	67	16	5
RNA31_1	69	13	1
RNA6	77	1	2
RNA33_1	35	0	93
RNA11_F	67	17	3
RNA6	77	2	4
RNA33_1	35	1	20
RNA11_F	67	18	2
RNA6	77	3	2
RNA33_1	35	2	10
RNA11_F	67	19	2
RNA6	77	4	3
RNA33_1	35	3	3
RNA11_1	81	38	1
RNA6	77	5	6
RNA33_1	35	4	6
RNA6	77	6	3
RNA33_1	35	5	7
RNA6	77	7	3
RNA33_1	35	6	4
RNA6	77	8	1
RNA33_1	35	7	6
RNA33_1	35	8	3
RNA33_1	35	9	2
RNA29	66	10	4
RNA33_2	68	14	1
RNA29	66	11	24
RNA29	66	12	26
RNA33_2	68	16	1
RNA33_1	51	20	10
RNA14	134	13	1
RNA5_F	125	10	11
RNA33_1	51	21	1
RNA39	70	2	2
RNA30	43	10	99
RNA30	43	11	139
RNA5_F	125	13	1
RNA39	40	11	1
RNA30	43	12	33963
RNA5_F	125	14	1
RNA11_1	48	10	29
RNA30	43	13	212
RNA39	70	6	3
RNA11_1	48	11	117
RNA30	43	14	49
RNA11_1	48	12	30
RNA30	43	15	28
RNA33_1	51	28	1
RNA11_F	84	0	327
RNA11_1	48	13	69
RNA30	43	16	44
RNA9	134	0	1
RNA11_F	84	1	212
RNA11_1	48	14	401
RNA30	43	17	19
RNA11_F	84	2	246
RNA11_1	48	15	257
RNA30	43	18	10
RNA35	58	0	2
RNA11_F	84	3	170
RNA11_1	48	16	52
RNA9	134	3	29
RNA11_F	84	4	74
RNA11_F	84	5	49
RNA11_F	84	6	49
RNA35	58	4	1
SSUF_2	54	10	85
RNA11_F	84	7	33
RNA35	58	5	1
SSUF_2	54	11	70
RNA11_F	84	8	40
SSUF_2	54	12	5
RNA11_F	84	9	28
SSUF_2	54	13	5
RNA34_1	44	0	39
SSUF_2	54	14	34
RNA34_1	44	1	5
SSUF_2	54	15	7
RNA2	138	12	1
RNA34_1	44	2	3
SSUF_2	54	16	3
RNA2	46	0	32
SSUF_2	54	17	8
RNA2	46	1	13
SSUF_2	54	18	1
RNA2	46	2	1
RNA2	46	3	4
RNA2	138	17	4
RNA36	50	0	2
RNA15_F	56	13	1
RNA5_1	54	0	20
RNA5_1	54	1	295
RNA5_1	54	4	1
RNA5_1	54	5	1
RNA8	89	0	48
RNA8	89	1	274
RNA34_1	70	13	87
RNA34_1	70	14	96
RNA34_1	70	15	4
RNA34_1	70	16	2
RNA33_2	49	0	6
RNA10_F	78	0	22
RNA34_1	70	18	9
RNA42	135	0	2
RNA10_F	78	1	4
RNA10_F	78	2	3
RNA33_2	49	4	4
RNA6	150	94	4
RNA6	150	95	1
RNA33_2	49	7	2
RNA33_2	49	9	1
RNA9	81	0	2
RNA33_1	38	0	71
RNA9	81	1	8
RNA33_1	38	1	19
RNA9	81	2	2
RNA33_1	38	2	12
RNA9	81	3	2
RNA33_1	38	3	7
RNA33_1	38	4	5
RNA33_1	38	5	5
RNA9	81	6	39
RNA11_F	67	20	3
RNA33_1	38	6	7
RNA33_1	38	7	13
RNA43	43	11	1
RNA33_1	38	8	2
RNA43	43	12	1
RNA9	81	9	2
RNA33_1	38	9	7
RNA39	73	0	1
RNA43	43	17	1
RNA7	72	0	136
RNA43	43	18	1
RNA39	73	2	1
RNA7	72	1	15
RNA33_2	30	0	1
RNA7	72	2	2
RNA7	72	3	7
RNA7	72	5	4
RNA7	72	6	1
RNA33_2	68	20	1
RNA11_F	87	0	172
RNA7	72	8	2
RNA33_2	30	7	1
RNA9	137	0	7
RNA11_F	87	1	43
RNA11_F	87	2	244
RNA29	66	21	25
RNA11_F	87	3	280
RNA6	61	0	457738
RNA11_F	87	4	261
RNA6	61	1	762
RNA11_F	87	5	270
RNA6	61	2	15
RNA11_F	87	6	32
RNA9	137	6	59
RNA6	61	3	384
RNA11_F	87	7	13
RNA6	61	4	485
RNA11_F	87	8	8
RNA6	61	5	136643
RNA11_F	87	9	11
RNA34_1	47	0	85
RNA39	40	22	4
RNA6	61	6	3315
RNA34_1	47	1	38
RNA6	61	7	28
RNA34_1	47	2	5
RNA6	61	8	16
RNA34_1	47	3	6
RNA6	61	9	9
RNA2	49	0	46
RNA2	49	1	10
RNA2	49	3	2
RNA2	49	4	2
RNA5_1	57	0	41
RNA2	49	5	1
SSUF_2	54	20	22
RNA2	49	6	1
SSUF_2	54	21	5
RNA5_1	57	3	1
RNA5_1	57	4	3
RNA5_1	57	6	1
LSUB	114	19	1
RNA5_1	57	7	1
RNA5_1	57	8	1
RNA36	53	9	3
RNA35	42	0	5
RNA35	42	1	1
RNA35	42	2	1
RNA35	42	3	1
RNA35	42	4	1
RNA5_1	57	10	1
RNA35	42	5	2
RNA5_1	57	11	4
RNA5_1	57	12	3
RNA35	42	7	1
RNA5_1	57	13	1
RNA5_1	57	14	2
RNA35	42	9	1
RNA5_1	57	16	6
RNA9	84	0	12
RNA5_1	57	17	1
RNA5_1	57	18	5
RNA6	149	0	1
RNA5_1	57	19	8
RNA9	84	3	1
RNA9	84	5	1
RNA9	84	6	1
RNA9	84	7	1
RNA9	84	8	1
RNA9	84	9	123
SSUE_2	34	10	14
SSUE_2	34	11	12
RNA23t_2	71	22	1
SSUE_2	34	12	11
RNA7	75	0	7
SSUE_2	34	13	34
RNA33_2	33	0	5
SSUE_2	34	14	21
RNA7	75	2	5
RNA33_2	33	1	2
SSUE_2	34	15	227
RNA7	75	3	14
SSUE_2	34	16	1453
RNA7	75	4	2
SSUE_2	34	17	129
RNA43	43	20	10
RNA7	75	5	2
SSUE_2	34	18	26
RNA7	75	7	2
RNA7	75	8	5
RNA7	75	9	15
RNA6	64	0	1202
RNA6	64	1	25
RNA6	64	2	3359
RNA33_1	22	1	1
RNA6	64	3	716
RNA6	64	4	35
RNA6	64	5	11
RNA6	64	6	26
RNA6	64	7	15
RNA6	64	8	3463
RNA6	64	9	118
RNA33_1	50	19	6
RNA14	150	0	25
RNA17	147	0	2
RNA14	150	1	4
RNA14	150	2	1
RNA14	150	3	1
RNA14	150	5	2
RNA32_F	50	16	1
RNA14	150	6	1
RNA16	65	11	3
RNA32_F	50	17	1
RNA16	65	12	2
RNA32_F	50	18	1
RNA11_F	71	0	1850
RNA16	65	13	1
RNA11_F	71	1	343
RNA11_F	71	2	138
RNA35	45	0	8
RNA11_F	71	3	164
RNA9	121	3	1
RNA11_F	71	4	176
RNA11_F	71	5	142
RNA11_F	71	6	128
RNA11_F	71	7	160
RNA11_F	71	8	108
RNA11_F	71	9	622
RNA35	45	8	3
RNA1	106	10	16
RNA31_F	87	10	1
RNA31_F	87	12	13
RNA9	87	0	21
RNA35	78	12	3
RNA31_F	87	13	2
RNA9	87	1	1
RNA9	87	2	2
RNA9	87	3	3
RNA3	85	10	6
RNA31_F	87	16	1
RNA9	87	4	2
RNA3	85	11	1
RNA31_F	87	17	1
RNA9	87	5	2
RNA3	85	12	1
RNA1	106	18	1
RNA9	87	7	3
RNA14	56	10	204
RNA5_1	57	21	6
RNA14	56	11	205
RNA9	87	9	1
RNA14	56	12	231
RNA14	56	13	233
RNA14	56	14	219
RNA14	56	15	252
RNA14	56	16	151
RNA36	38	11	1
RNA14	56	17	194
RNA7	78	0	558
RNA14	56	18	88
RNA7	78	1	19
RNA33_2	36	0	7
RNA14	56	19	193
RNA7	78	2	2
RNA33_2	36	1	9
RNA33_2	36	2	2
RNA30	107	76	1
RNA7	78	5	1
RNA33_2	36	4	1
SSUA	124	10	1
RNA7	78	6	2
SSUA	124	11	673
SSUA	124	12	15
RNA7	78	8	3
SSUA	124	13	4
RNA7	78	9	13
SSUA	124	15	1
RNA6	67	0	198
RNA6	67	1	26
SSUF_2	120	0	2
RNA6	67	2	10
SSUA	124	18	1
RNA6	67	3	11
RNA6	67	4	14
SSUF_2	120	3	1
RNA6	67	5	499
RNA6	67	6	257
RNA6	67	7	14
SSUF_2	120	6	1
RNA6	67	8	9
SSUF_2	120	7	3
RNA6	67	9	6
RNA29	65	10	23
RNA29	65	11	37
RNA33_2	67	15	1
RNA29	65	12	1
RNA39	60	0	1
RNA29	65	13	1
RNA29	65	14	5
RNA5_F	124	11	3
RNA29	65	15	1
RNA14	133	15	1
RNA33_2	67	19	1
RNA11_1	47	10	81
RNA33_1	50	26	2
RNA11_1	47	11	24
RNA29	65	19	1
RNA11_1	47	12	52
RNA5_F	124	17	1
RNA11_F	74	0	5113
RNA11_1	47	13	485
RNA9	124	0	1
RNA11_F	74	1	1269
RNA11_1	47	14	306
RNA5_F	124	19	1
RNA11_F	74	2	800
RNA11_1	47	15	63
RNA35	48	0	79
RNA9	124	2	1
RNA11_F	74	3	1105
RNA34_F	129	13	1
RNA35	48	1	2
SSUD	129	50	1
RNA11_F	74	4	453
RNA11_F	74	5	410
RNA35	48	3	1
RNA11_F	74	6	462
RNA34_F	129	16	2
SSUF_2	53	10	66
RNA11_F	74	7	580
SSUF_2	53	11	13
RNA11_F	74	8	429
SSUF_2	53	12	7
RNA11_F	74	9	359
SSUF_2	53	13	35
SSUF_2	53	14	18
SSUF_2	53	15	8
RNA16	65	22	1
SSUF_2	53	16	3
RNA10_1	60	27	1
SSUF_2	53	17	7
RNA15_F	55	11	1
SSUF_2	53	19	41
RNA2	137	16	12
RNA36	40	0	2
RNA3	111	18	1
RNA31_F	87	22	1
RNA36	40	8	1
RNA7	146	14	1
RNA36	40	9	3
RNA8	120	10	1
RNA33_2	39	0	15
RNA8	120	11	24
RNA33_2	39	1	1
RNA8	120	12	9
RNA42	125	0	1
RNA33_2	39	2	4
RNA8	120	13	994
RNA33_2	39	3	1
RNA8	120	14	33
RNA14	56	20	150
RNA8	120	15	5
RNA8	120	16	1
RNA14	56	21	32685
RNA8	120	17	1
RNA33_2	39	6	2
RNA14	56	22	73
RNA33_2	39	7	1
RNA14	56	23	18
RNA14	56	24	2
RNA33_2	39	9	2
RNA14	56	25	2
RNA9	71	0	1
RNA33_1	28	1	2
SSUF_2	123	0	1
RNA9	71	1	3
RNA15_1	36	10	705
RNA9	71	2	2
RNA15_1	36	11	26
RNA9	71	3	1
RNA15_1	36	12	26
RNA33_1	28	4	2
RNA15_1	36	13	3089
RNA33_1	28	5	5
RNA15_1	36	14	223
RNA33_1	28	6	3
SSUF_2	123	5	1
RNA15_1	36	15	48
RNA33_1	28	7	1
SSUF_2	123	6	1
RNA9	71	7	2
RNA15_1	36	16	21
RNA33_1	28	8	4
RNA15_1	36	17	26
SSUF_2	123	8	2
RNA9	71	9	2
RNA15_1	36	18	2
RNA28	130	15	1
RNA15_1	36	19	1
RNA9	119	12	1
RNA39	63	0	2
RNA9	119	16	1
RNA39	63	4	2
RNA9	119	19	2
RNA11_F	77	0	4888
RNA11_F	77	1	1284
RNA29	65	20	71
RNA11_F	77	2	523
RNA11_F	77	3	576
RNA6	51	0	567
RNA29	65	22	1
RNA11_F	77	4	381
RNA6	51	1	40
RNA29	65	23	3
RNA11_F	77	5	345
RNA6	51	2	40
RNA11_F	77	6	409
RNA6	51	3	328
RNA11_F	77	7	654
RNA11_F	77	8	378
RNA11_F	77	9	364
RNA34_F	150	0	57
RNA34_F	150	1	2
RNA23t_1	79	51	1
RNA34_F	150	2	1
RNA34_F	150	3	1
RNA34_F	150	4	2
RNA34_F	150	5	2
SSUF_2	53	20	18
SSUF_2	53	21	1
RNA36	43	6	1
RNA3	111	20	2
RNA35	32	0	1128
RNA35	32	1	134
RNA35	32	2	26
RNA35	32	3	36
RNA35	32	4	27
RNA5_1	56	10	1
RNA35	32	5	150
RNA35	32	6	65
RNA5_1	56	12	1
RNA35	32	7	22
RNA5_1	56	13	3
RNA35	32	8	20
RNA5_1	41	0	178
RNA35	32	9	60
RNA5_1	56	15	3
RNA5_1	41	1	16
RNA5_1	56	16	2
RNA5_1	41	2	79
RNA9	74	0	5
SSUF_2	126	0	1
RNA5_1	56	17	9
RNA5_1	41	3	4
RNA9	74	1	9
RNA8	120	21	1
RNA5_1	56	18	10
RNA9	74	2	3
RNA5_1	41	5	2
RNA5_1	41	9	2
RNA43	99	17	1
RNA9	74	9	1
SSUE_2	33	10	21
RNA11_F	66	10	49
SSUE_2	33	11	20
RNA11_F	66	11	87
SSUE_2	33	12	39
RNA11_F	66	12	24
RNA7	65	0	140
SSUE_2	33	13	21
RNA11_F	66	13	3
RNA7	65	1	1
RNA33_2	23	0	1
SSUE_2	33	14	298
RNA11_F	66	14	4
SSUE_2	33	15	2090
RNA11_F	66	15	4
RNA23t_2	70	26	1
SSUE_2	33	16	211
RNA11_F	66	16	3
SSUE_2	33	17	49
RNA11_F	66	18	2
RNA11_F	66	19	7
RNA6	54	0	2657
RNA6	54	1	71
RNA6	54	2	93
RNA6	54	3	1305
RNA6	54	4	694
RNA6	54	5	305
RNA6	54	6	14
RNA30	42	10	104
RNA30	42	11	27878
RNA30	42	12	184
RNA30	42	13	56
RNA36	46	0	1
RNA30	42	14	41
RNA30	42	15	52
RNA36	46	2	1
RNA30	42	16	28
RNA30	42	17	15
RNA16	64	11	3
RNA16	64	13	1
RNA35	35	0	79
RNA16	64	15	1
RNA35	35	1	28
RNA35	35	2	14
RNA16	64	17	1
RNA35	35	3	8
RNA35	35	4	7
RNA9	150	10	5
RNA35	35	5	3
RNA35	35	6	4
RNA35	35	7	6
RNA35	35	8	8
RNA5_1	44	0	56
RNA35	35	9	2
RNA35	77	10	1
RNA5_1	44	1	14
RNA9	77	0	207
RNA5_1	44	3	2
RNA9	77	1	2
RNA9	77	2	1955
RNA9	150	19	34
RNA5_1	44	5	6
RNA9	77	3	3
RNA3	84	11	2
RNA35	77	15	1
RNA5_1	44	6	1
RNA9	77	5	22
RNA5_1	44	8	9
RNA14	55	10	535
RNA35	77	18	1
RNA5_1	56	20	7
SSUB	141	0	7
RNA14	55	11	512
RNA35	113	16	1
SSUB	141	1	2
RNA14	55	12	525
SSUB	141	2	1
RNA9	77	9	2
RNA14	55	13	523
RNA23t_F	96	11	2
RNA14	55	14	471
SSUB	141	4	2
RNA14	55	15	382
RNA14	55	16	346
SSUB	141	6	1
RNA14	55	17	125
RNA39	69	0	1
RNA14	55	18	392
SSUB	141	8	2
RNA7	68	0	206
RNA14	55	19	264
RNA7	68	1	2
RNA7	68	2	1
RNA7	68	3	2
SSUE_F	98	1	1
RNA39	69	6	1
SSUA	123	10	752
SSUA	123	11	7
LSUB	150	124	2
RNA33_2	26	7	1
RNA42	112	6	1
SSUA	123	13	1
SSUA	123	14	2
RNA6	57	0	16734
RNA17	148	107	2
SSUA	123	15	1
RNA6	57	1	60437
SSUA	123	16	1
RNA6	57	2	920
SSUF_2	110	0	5
RNA43	42	11	3
RNA6	57	3	4941
RNA43	42	12	1
RNA6	57	4	1199
RNA6	57	5	719
RNA6	57	6	28
SSUF_2	110	4	2
RNA6	57	7	7
SSUF_2	110	5	1
RNA6	57	8	6
RNA6	57	9	2
RNA43	42	19	14
RNA29	64	10	18
RNA33_2	66	14	2
RNA29	64	11	2
RNA36	49	0	1
RNA29	64	12	2
RNA36	49	1	1
RNA14	143	0	1
RNA5_F	123	10	3
RNA29	64	14	2
RNA14	132	15	1
RNA5_F	123	11	1
RNA29	64	15	2
RNA5_F	123	14	2
RNA29	64	18	7
RNA5_F	123	15	2
RNA14	143	6	1
RNA29	64	19	122
RNA5_F	123	16	2
RNA35	38	0	51
RNA35	38	1	13
RNA35	38	3	3
RNA35	38	4	3
RNA35	38	5	1
SSUF_2	52	10	7
RNA35	38	6	2
SSUF_2	52	11	5
SSUF_2	52	12	41
RNA35	38	8	2
SSUF_2	52	13	8
RNA2	136	10	4
RNA5_1	47	0	36
RNA35	38	9	2
SSUF_2	52	14	13
SSUF_2	52	15	5
RNA17	134	0	1
SSUF_2	52	16	3
SSUF_2	52	17	1
SSUF_2	52	18	62
RNA2	136	15	16
SSUF_2	52	19	44
RNA5_1	47	6	5
RNA36	30	0	32
RNA5_1	47	8	9
RNA36	30	1	10
RNA5_1	47	9	7
SSUB	144	0	2
SSUB	144	2	1
RNA3	110	17	2
SSUB	144	4	1
RNA3	110	19	2
SSUB	144	6	3
SSUB	144	7	1
SSUB	144	9	1
RNA33_2	29	0	1
RNA33_2	29	1	1
RNA42	115	0	1
RNA42	81	10	1
RNA14	55	20	78353
RNA14	55	21	192
RNA14	55	22	44
RNA33_2	29	6	2
RNA14	55	24	7
RNA14	55	26	2
RNA15_1	35	10	78
SSUF_2	113	0	6
RNA15_1	35	11	38
RNA15_1	35	12	3697
RNA15_1	35	13	258
RNA15_1	35	14	65
RNA15_1	35	15	42
RNA15_1	35	16	51
RNA15_1	35	17	2
RNA15_1	35	18	2
RNA9	118	11	1
RNA9	118	14	2
RNA14	146	0	1
RNA9	118	15	3
LSUB	147	0	1
RNA9	118	18	1
SSUE_F	82	0	1
RNA6	120	0	1
RNA9	117	0	4
RNA29	64	21	1
RNA9	117	6	3
RNA34_F	140	0	1
RNA34_F	140	1	1
RNA34_F	140	5	1
RNA36	33	0	197
RNA34_F	140	7	3
RNA36	33	1	22
SSUF_2	52	20	3
RNA11_F	61	0	140
SSUB	147	0	3
RNA9	111	0	4
RNA36	33	3	41
RNA11_F	61	1	9
SSUB	147	1	3
RNA9	111	1	2
RNA36	33	4	15
RNA11_F	61	2	4
SSUB	147	2	4
RNA9	111	2	1
RNA36	33	5	1
RNA11_F	61	3	840
SSUB	147	3	3
RNA9	111	3	3
RNA11_F	61	4	56
RNA9	111	4	7
RNA11_F	61	5	4
RNA9	111	5	1
RNA11_F	61	6	6
RNA11_F	61	7	4
RNA9	111	7	2
RNA9	111	8	1
RNA11_F	61	9	3
SSUB	147	9	1
RNA35	22	0	33
RNA9	111	9	1
RNA35	22	1	2
RNA31_F	86	10	2
RNA1	105	11	1
RNA31_F	86	11	4
RNA1	105	12	1
RNA31_F	86	12	14
RNA5_1	55	11	3
RNA1	105	15	1
RNA5_1	55	12	2
RNA5_1	55	13	1
RNA5_1	55	14	13
RNA5_1	55	16	12
RNA43	98	10	1
SSUF_2	116	0	3
RNA5_1	55	17	28
RNA5_1	55	19	17
RNA43	98	13	1
SSUF_2	116	5	1
RNA43	98	16	1
SSUF_2	116	6	3
SSUE_2	32	10	26
RNA11_F	65	10	98
SSUE_2	32	11	41
RNA14	149	0	1
RNA11_F	65	11	9
SSUE_2	32	12	14
RNA11_F	65	12	1
SSUE_2	32	13	283
RNA11_F	65	13	3
SSUE_2	32	14	2591
RNA11_F	65	14	5
SSUE_2	32	15	264
SSUE_2	32	16	80
RNA31_1	67	12	1
RNA11_F	65	17	2
RNA11_F	65	18	15
RNA6	123	0	1
RNA34_F	143	0	1
RNA9	79	10	2
RNA42	49	10	4
RNA9	79	11	1
RNA30	41	10	18653
RNA9	79	12	2
RNA30	41	11	111
RNA9	79	13	3
RNA30	41	12	66
RNA11_1	46	10	29
RNA30	41	13	49
RNA42	49	14	2
RNA36	36	0	1
RNA11_1	46	11	55
RNA30	41	14	96
RNA11_1	46	12	400
RNA30	41	15	24
RNA36	36	2	1
RNA11_F	64	0	139
RNA11_1	46	13	343
RNA30	41	16	12
RNA42	49	17	1
RNA9	114	0	4
RNA36	36	3	8
RNA11_F	64	1	10
RNA11_1	46	14	48
RNA9	79	19	2
RNA9	114	1	3
RNA36	36	4	1
RNA11_F	64	2	19
RNA36	36	5	6
RNA11_F	64	3	15
LSUB	131	4	1
RNA9	114	3	4
RNA36	36	6	6
RNA11_F	64	4	7
RNA16	63	10	1
RNA36	36	7	4
RNA11_F	64	5	10
RNA11_F	64	6	1220
RNA14	130	7	1
RNA16	63	12	2
RNA9	114	6	4
RNA36	36	9	1
RNA11_F	64	7	59
RNA11_F	64	8	26
RNA35	25	0	1
RNA11_F	64	9	72
RNA16	63	15	1
RNA9	114	9	2
RNA16	63	16	1
RNA35	25	3	18
RNA16	63	17	1
RNA35	25	6	1
RNA5_1	34	0	452
RNA5_1	34	2	2
SSUF_2	119	1	1
RNA3	83	10	4
RNA34_F	129	65	1
RNA31_F	86	21	6
RNA35	76	17	2
RNA14	54	10	749
SSUB	131	0	27
RNA14	54	11	882
RNA5_1	55	21	3
SSUB	131	1	16
RNA14	54	12	880
RNA14	54	13	887
SSUB	131	3	3
RNA14	54	14	541
SSUB	131	4	8
RNA14	54	15	540
SSUB	131	5	245
RNA14	54	16	150
SSUB	131	6	2
RNA14	54	17	550
SSUB	131	7	25
RNA39	59	0	2
RNA14	54	18	460
SSUE_F	59	10	4
RNA14	54	19	134332
SSUE_F	59	11	20
SSUE_F	59	12	10
RNA42	102	1	1
SSUE_F	59	13	1
SSUE_F	88	1	2
RNA9	61	0	98
SSUA	122	10	5
RNA9	61	1	445
SSUE_F	59	16	2
SSUA	122	11	2
SSUE_F	59	17	1
SSUE_F	59	18	1
SSUA	122	16	1
SSUA	122	17	1
SSUF_2	100	0	4
RNA43	41	11	1
SSUA	122	18	1
SSUF_2	100	1	1
RNA43	41	12	1
RNA43	41	14	2
RNA34_F	146	0	1
SSUF_2	100	5	2
RNA43	41	16	2
RNA43	41	18	21
RNA33_2	65	10	1
RNA29	63	10	5
RNA33_2	65	13	2
RNA29	63	11	3
RNA34_F	146	6	1
RNA29	63	12	3
RNA36	39	0	1
RNA29	63	13	4
RNA14	131	13	1
RNA39	40	0	2
RNA14	133	0	1
RNA29	63	14	9
RNA5_F	122	10	2
RNA11_F	67	0	406
RNA29	63	15	1
RNA36	39	3	3
RNA11_F	67	1	81
RNA36	39	4	2
RNA11_F	67	2	34
RNA29	63	17	2
RNA39	40	4	1
RNA5_F	122	13	2
RNA36	39	5	2
RNA11_F	67	3	52
RNA29	63	18	262
RNA5_F	122	14	1
RNA36	39	6	1
RNA11_F	67	4	46
RNA33_F	133	12	1
RNA5_F	122	15	2
RNA36	39	7	2
RNA11_F	67	5	83
RNA5_F	122	16	2
RNA36	39	8	3
RNA11_F	67	6	109
RNA5_F	122	17	1
RNA36	39	9	1
RNA11_F	67	7	48
RNA11_F	67	8	65
RNA35	28	0	33
RNA11_F	67	9	8154
RNA42	49	23	1
RNA35	28	1	23
RNA35	28	2	1
RNA35	28	5	2
SSUF_2	51	10	6
RNA35	28	6	220
SSUF_2	51	11	50
RNA35	28	7	21
LSUB	112	10	1
SSUF_2	51	12	16
RNA35	28	8	7
SSUF_2	51	13	16
RNA5_1	37	0	275
RNA35	28	9	10
SSUF_2	51	14	11
RNA2	135	12	1
RNA5_1	37	1	2128
SSUF_2	51	15	12
SSUF_2	51	16	4
RNA2	135	14	29
RNA5_1	37	3	7
SSUF_2	51	17	152
SSUF_2	51	18	85
LSUB	112	17	1
SSUF_2	51	19	7
SSUB	134	0	39
SSUB	134	1	6
SSUB	134	2	1
SSUB	134	3	4
SSUB	134	4	4
SSUB	134	6	3
SSUB	134	7	3
SSUB	134	8	629
SSUB	134	9	3
RNA14	54	20	455
RNA9	64	0	14
RNA14	54	21	82
RNA9	64	1	39
RNA14	54	22	2
RNA9	64	2	7
RNA14	54	23	7
RNA9	64	3	5
RNA9	64	4	3
RNA14	54	25	2
RNA15_1	34	10	57
RNA15_1	34	11	4646
RNA15_1	34	12	355
SSUF_2	103	2	1
RNA15_1	34	13	110
SSUF_2	103	3	1
RNA15_1	34	14	70
SSUF_2	103	4	1
RNA15_1	34	15	85
RNA34_F	149	0	5
SSUF_2	103	5	2
RNA15_1	34	16	9
SSUF_2	103	6	2
RNA15_1	34	17	3
RNA34_F	149	3	1
RNA9	117	10	1
RNA9	117	13	3
RNA14	136	0	1
RNA9	117	14	1
RNA14	136	1	1
RNA39	43	1	1
RNA9	117	17	1
RNA9	117	19	1
RNA14	136	6	1
LSUB	137	5	1
RNA14	136	7	1
RNA29	63	21	2
RNA6	110	4	1
RNA6	110	7	1
RNA29	63	27	1
SSUB	137	0	32
SSUF_2	51	20	2
RNA11_F	51	0	9
SSUB	137	1	11
RNA9	101	0	6
RNA11_F	51	1	52
SSUB	137	2	2
RNA9	101	1	8
SSUF_2	51	22	1
RNA11_F	51	2	1
RNA11_F	51	3	1
SSUB	137	4	2
RNA9	101	3	1
RNA11_F	51	4	2
SSUB	137	5	1
RNA9	101	4	1
SSUB	137	6	1
RNA9	101	5	1
SSUB	137	7	1
SSUB	137	8	4
RNA9	101	7	3
SSUB	137	9	1
RNA9	101	8	1
RNA1	104	10	4
RNA31_F	85	10	8
RNA31_F	85	11	12
RNA9	67	0	4
RNA31_F	85	12	1
RNA9	67	1	14
RNA5_1	54	10	1
RNA42	108	4	2
RNA9	67	2	10
RNA1	104	14	2
RNA5_1	54	11	1
RNA9	67	3	1
RNA31_F	85	15	2
SSUF_1	59	10	171
RNA5_1	54	12	1
RNA31_F	85	16	1
SSUF_1	59	11	79
RNA5_1	54	13	4
SSUF_1	59	12	18
RNA9	67	6	2
SSUF_1	59	13	15
RNA5_1	54	15	18
RNA9	67	7	4
SSUF_1	59	14	3
RNA5_1	54	16	26
SSUF_1	59	15	3
SSUF_2	106	0	2
RNA43	97	11	1
SSUF_1	59	16	8
RNA23t_F	95	10	1
RNA5_1	54	18	32
RNA43	97	12	1
SSUF_1	59	18	1
SSUF_1	59	19	1
RNA43	97	15	1
RNA11_F	64	10	15
RNA11_F	64	11	2
RNA11_F	64	12	2
RNA11_F	64	13	2
RNA11_F	119	11	1
RNA11_F	64	15	1
RNA11_F	119	13	1
RNA11_F	64	17	11
RNA31_1	66	14	3
RNA11_F	119	15	3
RNA6	113	0	1
RNA31_1	66	15	1
RNA6	113	5	1
RNA9	78	10	2
RNA30	40	10	122
RNA30	40	11	60
RNA30	40	12	84
RNA11_1	45	10	29
RNA30	40	13	123
RNA9	78	14	3
RNA11_1	45	11	403
RNA30	40	14	39
RNA36	26	0	2
RNA11_1	45	12	299
RNA30	40	15	21
RNA36	26	1	1
RNA14	120	0	1
RNA11_1	45	13	61
RNA9	78	17	3
RNA11_F	54	0	213
RNA9	78	18	2
RNA9	104	0	7
RNA11_F	54	1	7
RNA34_F	127	11	1
RNA9	104	1	2
RNA37/38_F	100	0	1
RNA23t_1	114	86	1
RNA9	104	2	2
RNA9	104	3	1
RNA16	62	10	1
RNA9	104	4	10
RNA11_F	54	7	3
RNA5_F	122	39	1
RNA35	15	0	2
RNA16	62	14	1
RNA9	104	8	9
RNA9	104	9	6
RNA16	62	19	2
SSUF_2	109	0	3
RNA35	75	13	4
RNA31_F	85	20	12
RNA35	75	16	2
RNA14	53	10	683
SSUB	121	0	3658
RNA14	53	11	609
RNA35	75	19	1
SSUB	121	1	22
RNA14	53	12	684
SSUF_1	59	20	1
SSUB	121	2	407
RNA14	53	13	479
SSUF_1	59	21	6
RNA14	53	14	508
SSUB	121	4	7
RNA14	53	15	152
RNA14	53	16	522
SSUB	121	6	2
RNA14	53	17	375
SSUB	121	7	1
RNA14	53	18	118232
SSUF_1	59	26	1
RNA42	80	13	1
SSUE_F	58	10	24
RNA14	53	19	688
SSUE_F	58	11	4
RNA23t_F	146	10	1
SSUE_F	58	12	2
SSUE_F	58	13	3
SSUE_F	58	14	1
SSUE_F	58	15	6
RNA39	49	7	1
RNA6	116	0	1
SSUE_F	58	17	1
RNA6	116	1	1
SSUA	121	12	3
SSUA	121	15	1
SSUA	121	16	1
RNA43	40	10	4
SSUA	121	17	4
RNA43	40	11	1
RNA43	40	12	2
RNA43	40	17	26
RNA29	62	10	5
RNA14	130	10	1
RNA29	62	11	5
RNA36	29	0	2
RNA29	62	12	12
RNA36	29	1	3
RNA29	62	13	7
RNA14	130	13	1
SSUE_1	39	10	167
RNA11_F	57	0	221
RNA29	62	14	1
LSUB	124	0	1
SSUE_1	39	11	2
RNA11_F	57	1	44
RNA29	62	15	1
RNA9	107	0	52
SSUE_1	39	12	6
RNA11_F	57	2	218
RNA29	62	16	7
SSUE_1	39	13	6
RNA11_F	57	3	3
RNA29	62	17	450
RNA5_F	121	13	2
SSUE_1	39	14	4
RNA29	62	18	1
RNA5_F	121	14	1
RNA14	123	6	1
RNA29	62	19	2
RNA5_F	121	15	2
RNA9	107	4	4
RNA14	123	7	1
RNA5_F	121	16	1
RNA37/38_F	103	4	3
RNA42	48	21	5
RNA11_F	57	8	1
RNA14	123	9	1
RNA9	107	7	26
RNA42	48	22	3
RNA35	18	0	7
RNA9	107	8	4
RNA9	107	9	1
RNA34_F	130	0	4
RNA42	48	25	2
RNA23t_1	76	47	1
RNA34_F	130	1	1
SSUF_2	50	10	60
RNA34_F	130	3	38
SSUD	126	54	1
SSUF_2	50	11	14
RNA34_F	130	4	33
SSUF_2	50	12	7
RNA34_F	130	5	5
RNA2	134	10	2
RNA17	79	15	1
SSUF_2	50	13	14
RNA34_F	130	6	1
RNA16	62	20	2
SSUF_2	50	14	10
RNA2	134	12	2
SSUF_2	50	15	2
RNA2	134	13	24
SSUF_2	50	16	297
SSUF_2	50	17	144
SSUF_2	50	18	10
RNA11_F	150	13	1
SSUF_2	50	19	3
RNA31_F	111	10	1
RNA3	128	4	1
RNA18	39	10	3094
RNA14	142	107	1
RNA18	39	11	7
SSUB	124	0	310
RNA18	39	12	51
SSUB	124	1	2
RNA31_F	111	14	1
RNA18	39	13	16
RNA18	39	14	5
SSUB	124	3	341
SSUA	93	1	3
SSUB	124	5	16
SSUB	124	7	3
RNA31_F	142	0	10
RNA14	53	20	99
SSUF_2	118	12	1
RNA14	53	22	10
RNA31_F	142	7	2
RNA35	76	54	1
RNA15_1	33	10	6816
RNA15_1	33	11	464
RNA15_1	33	12	153
RNA15_1	33	13	134
RNA15_1	33	14	149
SSUE_2	31	10	26
RNA15_1	33	15	9
SSUE_2	31	11	19
RNA15_1	33	16	4
SSUE_2	31	12	205
SSUE_2	31	13	2233
SSUE_2	31	14	323
SSUA	121	23	1
RNA34_F	139	4	3
SSUE_2	31	15	84
RNA9	116	11	1
RNA39	93	11	1
RNA9	116	12	3
RNA9	116	13	2
RNA14	126	0	1
RNA9	116	16	7
RNA6	100	0	7
RNA6	100	1	4
RNA37/38_F	106	6	2
RNA14	126	9	1
RNA6	100	2	1
RNA29	62	20	7
RNA6	100	4	1
RNA34_F	133	0	5
RNA34_F	133	1	1
RNA34_F	133	4	1
RNA29	62	26	3
RNA34_F	133	6	32
RNA34_F	133	7	21
RNA34_F	133	8	2
RNA17	117	0	2
SSUB	127	0	175
SSUB	127	1	644
SSUF_2	50	21	1
SSUB	127	2	2
SSUB	127	3	2
SSUA	96	0	72
SSUB	127	5	3
SSUA	96	1	1
SSUB	127	6	76
SSUB	127	8	8
RNA31_F	145	0	1
RNA1	103	10	3
RNA31_F	84	10	8
RNA15_F	52	24	1
RNA1	103	13	1
RNA31_F	84	14	1
RNA31_F	84	15	2
SSUF_1	58	10	91
SSUF_1	58	11	39
SSUF_1	58	12	20
SSUF_1	58	13	6
RNA31_F	84	19	34
SSUF_1	58	14	7
SSUF_1	58	15	12
SSUF_1	58	16	4
SSUF_1	58	17	1
RNA23t_F	94	12	1
SSUF_1	58	19	1
RNA23t_F	94	13	2
RNA43	96	16	1
RNA11_F	63	10	4
RNA14	129	0	1
RNA11_F	63	11	3
RNA14	129	1	1
RNA11_F	63	12	3
RNA11_F	63	13	1
RNA11_F	118	11	1
RNA11_F	118	12	1
RNA31_1	65	11	1
RNA11_F	63	16	11
RNA6	103	0	8
RNA6	103	4	1
RNA34_F	136	0	3
RNA6	103	7	2
RNA43	98	75	1
RNA33_2	64	12	4
SSUD	89	10	159
RNA34_F	136	6	2
RNA33_2	64	15	2
SSUD	89	11	151
RNA33_2	64	16	1
SSUD	89	12	187
RNA34_F	136	8	5
RNA39	30	0	8
SSUD	89	13	268
RNA34_F	136	9	45
RNA39	30	1	3
RNA9	77	10	5
RNA42	47	10	1
SSUD	89	14	8
RNA39	30	2	1
RNA9	77	11	6
RNA42	47	11	1
SSUD	89	15	64
RNA39	30	3	1
SSUD	89	16	438
RNA9	77	13	2
RNA43	125	15	1
RNA42	47	13	1
SSUD	89	17	28452
RNA11_1	44	10	296
RNA39	30	5	2
SSUD	89	18	352
RNA11_1	44	11	289
SSUD	89	19	37
RNA11_1	44	12	44
RNA9	77	16	4
RNA9	77	17	1
RNA42	47	17	3
RNA42	47	18	1
RNA42	47	19	1
SSUA	99	0	5
RNA34_F	126	15	1
SSUA	99	1	66
SSUA	99	2	1
SSUA	99	3	1
SSUA	99	8	1
RNA17	79	32	1
RNA13	92	15	1
RNA17	79	38	1
RNA35	74	15	4
RNA31_F	84	21	2
RNA14	132	97	1
RNA14	52	10	458
SSUB	111	0	43
RNA14	52	11	557
SSUB	111	1	55
RNA14	52	12	377
SSUF_1	58	20	9
SSUB	111	2	2
RNA14	52	13	460
SSUF_1	58	21	2
SSUB	111	3	1
RNA14	52	14	211
SSUB	111	4	6
RNA14	52	15	364
SSUF_1	58	23	1
RNA14	52	16	327
SSUF_1	58	24	1
SSUB	111	6	32
RNA14	52	17	89140
SSUB	111	7	3
RNA14	52	18	644
SSUB	111	8	41
SSUE_F	57	10	6
RNA14	52	19	99
SSUF_1	58	27	1
SSUB	111	9	3
SSUE_F	57	11	2
SSUF_1	58	28	2
SSUE_F	57	13	1
RNA10_F	123	10	1
SSUE_F	57	14	2
RNA10_F	123	11	4
SSUE_F	57	15	3
SSUE_F	57	16	5
RNA6	106	0	1
SSUA	120	11	1
RNA6	106	4	2
RNA6	106	5	1
SSUA	120	16	1
SSUA	120	17	2
RNA6	106	7	1
RNA30	96	14	1
RNA39	33	0	67
RNA39	33	1	7
RNA39	33	2	5
RNA39	33	3	7
RNA29	61	10	7
RNA39	33	4	12
SSUE_F	62	0	3
RNA29	61	11	17
RNA39	33	5	8
SSUE_F	62	1	1
RNA29	61	12	13
RNA39	33	6	8
RNA29	61	13	4
RNA39	33	7	11
SSUE_1	38	10	4
SSUE_F	62	3	1
RNA11_F	47	0	1
RNA29	61	14	3
RNA39	33	8	10
RNA11_F	47	1	36
RNA29	61	15	18
RNA39	33	9	11
SSUE_1	38	12	3
RNA29	61	16	843
SSUE_1	38	13	1
SSUE_F	62	6	2
SSUD	89	20	303
RNA29	61	17	3
SSUB	119	12	1
SSUD	89	21	3
RNA29	61	18	6
SSUD	89	22	3
SSUE_F	62	8	1
RNA29	61	19	5
SSUB	119	14	1
SSUD	89	23	175
RNA29	126	11	1
SSUB	119	15	1
RNA42	47	20	4
SSUD	89	24	3
SSUB	119	16	1
RNA42	47	21	3
SSUD	89	25	1
SSUB	119	17	1
LSUB	114	8	1
SSUB	119	18	1
SSUD	89	27	4
RNA42	47	24	2
RNA34_F	120	0	28
RNA34_F	120	1	2
RNA34_F	120	4	2
RNA34_F	120	6	1
LSUB	110	11	1
RNA34_F	120	7	1
RNA17	78	16	1
LSUB	110	14	3
RNA17	104	0	1
LSUB	110	15	2
RNA18	38	10	17
SSUB	114	0	5
RNA18	38	11	115
RNA17	104	7	1
SSUB	114	1	4
RNA18	38	12	26
SSUB	114	2	1
RNA18	38	13	12
SSUB	114	5	1
SSUB	114	7	2
RNA5_1	53	10	7
SSUB	114	8	2
SSUB	114	9	9
RNA5_1	53	12	9
RNA5_1	53	14	8
RNA5_1	53	15	22
RNA14	52	20	5
RNA14	52	21	11
RNA5_1	53	17	51
RNA14	52	22	2
RNA6	109	0	2
RNA3	112	1	1
RNA5_1	53	18	1
RNA14	52	23	1
RNA3	112	2	1
RNA5_1	53	19	1
RNA6	109	2	1
RNA6	109	4	1
RNA15_1	32	10	581
RNA15_1	32	11	162
RNA15_1	32	12	174
RNA15_1	32	13	219
RNA15_1	32	14	11
SSUE_2	30	10	8
RNA15_1	32	15	4
SSUE_2	30	11	172
RNA39	36	0	9
SSUE_2	30	12	1695
RNA39	36	1	4
SSUE_2	30	13	265
SSUE_2	30	14	103
RNA9	115	11	5
RNA39	36	4	3
SSUE_F	65	0	2
RNA9	115	12	1
RNA9	115	13	1
RNA39	36	6	2
RNA14	116	0	1
RNA9	115	14	1
RNA39	36	7	1
RNA9	115	15	7
SSUE_F	65	6	1
SSUE_F	65	7	1
RNA14	116	6	1
SSUD	124	11	1
RNA14	116	9	1
SSUD	124	14	1
RNA34_F	123	0	15
RNA29	61	25	4
RNA34_F	123	4	5
RNA34_F	123	5	2
RNA14	110	0	1
RNA17	107	0	2
RNA14	110	4	1
RNA14	110	5	1
RNA17	107	6	2
SSUB	117	0	4
RNA28	69	13	1
SSUB	117	1	1
RNA16	61	14	1
RNA28	69	15	2
SSUB	117	5	3
SSUB	117	6	1
RNA16	61	18	2
RNA31_F	135	0	1
SSUB	117	9	1
RNA31_F	83	10	1
RNA1	102	12	5
SSUF_1	57	10	52
SSUF_1	57	11	45
RNA31_F	83	17	2
SSUF_1	57	12	8
RNA31_F	83	18	38
SSUF_1	57	13	4
SSUF_1	57	14	33
RNA5_1	53	20	1
SSUF_1	57	15	10
SSUF_1	57	18	1
RNA23t_F	93	12	1
SSUF_1	57	19	21
RNA39	39	0	2
RNA6	111	15	1
RNA30	103	72	1
SSUE_F	68	0	1
LSUB	112	86	1
RNA11_F	62	10	5
RNA39	39	7	2
RNA14	119	0	4
RNA11_F	62	11	1
RNA11_F	62	13	4
RNA11_F	117	11	2
RNA11_F	62	14	1
RNA11_F	62	15	4
RNA31_1	64	12	1
RNA34_F	126	0	21
RNA33_2	63	11	1
RNA33_2	63	13	1
RNA34_F	126	5	2
SSUD	88	10	213
RNA34_F	126	6	1
RNA33_2	63	15	1
SSUD	88	11	243
SSUD	88	12	304
RNA14	113	0	6
SSUD	88	13	16
RNA33_2	63	18	3
SSUD	88	14	68
RNA9	76	11	1
SSUD	88	15	515
RNA5_F	120	12	4
SSUD	88	16	36079
RNA9	76	13	2
RNA5_F	120	13	11
SSUD	88	17	508
RNA11_1	43	10	198
RNA9	76	14	1
RNA5_F	120	14	1
SSUD	88	18	43
RNA14	113	6	1
RNA11_1	43	11	37
RNA9	76	15	4
RNA5_F	120	15	2
SSUD	88	19	488
LSUC	39	10	1
RNA9	76	16	3
RNA34_F	125	10	1
RNA14	113	8	1
LSUC	39	11	2
LSUC	39	12	3
LSUC	39	13	3
LSUC	39	14	6
SSUD	90	0	2748
RNA23t_1	75	47	1
SSUD	90	1	1285
LSUB	101	6	1
SSUD	125	53	2
SSUD	90	2	472
LSUC	39	18	159
SSUD	90	3	447
SSUD	90	4	285
SSUD	90	5	290
SSUF_1	90	60	1
SSUD	90	6	389
SSUD	90	7	199
RNA2	133	12	33
SSUD	90	8	156
RNA2	133	13	1
RNA3	118	0	1
SSUD	90	9	159
RNA13	91	11	1
RNA17	78	37	3
RNA3	118	9	1
RNA10_1	90	0	1
RNA31_F	83	25	1
SSUF_1	57	20	8
SSUF_1	57	22	2
SSUF_1	57	24	1
SSUF_1	57	26	2
SSUE_F	56	10	1
SSUF_1	57	27	3
SSUE_F	56	13	12
RNA10_F	122	10	1
SSUE_F	56	14	2
SSUE_F	56	15	3
RNA34_F	129	0	2
RNA34_F	129	2	4
RNA34_F	129	3	24
RNA34_F	129	4	2
RNA34_F	129	8	1
SSUE_F	52	0	1
SSUE_F	52	1	2
LSUB	78	16	3
SSUE_F	52	2	2
SSUE_F	52	3	9
SSUE_1	37	11	1
SSUE_F	52	4	20
SSUE_1	37	12	4
SSUE_F	52	5	12
SSUD	88	20	2
SSUE_F	52	6	2
SSUE_F	52	7	4
SSUD	88	21	5
SSUE_F	52	8	1
SSUD	88	22	324
SSUD	93	0	713
SSUD	88	23	3
SSUE_F	52	9	19
SSUD	93	1	311
SSUD	93	2	152
LSUB	104	8	1
SSUD	93	3	160
LSUB	104	9	1
SSUD	93	4	107
SSUD	93	5	103
RNA34_F	110	0	220
SSUD	93	6	173
RNA5_F	120	25	1
RNA34_F	110	1	2
SSUD	93	7	102
RNA34_F	110	2	2
SSUD	93	8	64
RNA34_F	110	3	3
SSUD	93	9	59
RNA34_F	110	4	11
RNA34_F	110	5	22
RNA34_F	110	6	10
RNA34_F	110	7	4
RNA34_F	110	9	1
RNA5_1	52	10	1
RNA5_1	52	11	9
RNA10_1	93	9	1
RNA5_1	52	12	1
RNA31_F	122	0	1
RNA5_1	52	13	14
RNA31_F	122	1	1
RNA5_1	52	14	30
RNA5_1	52	15	1
RNA5_1	52	16	44
RNA43	95	10	1
SSUB	150	10	1
RNA3	102	0	22
RNA5_1	52	18	5
SSUB	150	12	1
RNA3	102	1	1
RNA5_1	52	19	1
SSUB	150	14	2
RNA3	102	3	2
RNA3	102	4	1
RNA31_F	91	0	8
RNA3	102	6	2
RNA31_F	91	3	1
RNA3	102	9	17
RNA31_F	91	5	1
RNA11_F	150	79	1
RNA13	59	11	1
RNA9	114	10	2
RNA39	91	11	1
RNA13	59	12	3
RNA9	114	11	8
SSUE_F	55	0	9
SSUE_F	55	1	1
RNA9	114	13	1
SSUE_F	55	2	1
RNA13	59	15	1
RNA9	114	14	15
SSUE_F	55	3	1
RNA39	26	8	5
RNA13	59	16	2
SSUE_F	55	6	6
RNA9	114	18	1
SSUE_F	55	7	38
RNA33_F	89	18	3
SSUE_F	55	8	22
SSUD	96	0	173
SSUE_F	55	9	1
SSUD	96	1	40
SSUD	96	2	33
LSUB	107	8	1
SSUD	96	3	51
SSUD	96	4	54
RNA10_F	99	10	3
SSUD	96	5	79
RNA10_F	99	11	1
RNA34_F	113	0	75
SSUD	96	6	33
RNA28	98	0	2
RNA10_F	99	12	3
RNA34_F	113	1	2
SSUD	96	7	29
SSUD	96	8	17
RNA10_F	99	14	17
RNA34_F	113	3	2
SSUD	96	9	15
RNA10_F	99	15	10
RNA34_F	113	4	8
SSUF_1	150	0	4
RNA42	46	12	2
RNA10_F	99	16	2
RNA34_F	113	5	18
RNA34_F	113	6	16
RNA28	98	6	1
RNA34_F	113	7	1
RNA42	46	15	1
RNA14	100	0	3
RNA42	46	16	2
RNA42	46	17	3
RNA14	100	2	1
RNA42	46	18	1
RNA42	46	19	6
RNA14	100	5	1
RNA16	60	12	1
RNA28	68	13	1
RNA29	90	0	1
RNA16	60	13	1
RNA16	60	14	2
RNA28	68	15	1
RNA16	60	16	1
RNA16	60	18	2
RNA29	90	7	1
RNA31_F	125	1	2
RNA1	101	10	1
RNA31_F	82	10	2
RNA31_F	82	11	1
RNA35	73	11	1
RNA1	101	12	1
RNA31_F	82	12	2
RNA3	105	0	4
RNA31_F	82	13	3
RNA3	105	1	1
RNA35	73	14	3
SSUF_1	56	10	60
RNA3	105	3	2
RNA31_F	82	16	1
SSUF_1	56	11	15
RNA3	105	4	2
RNA31_F	82	17	86
SSUF_1	56	12	16
RNA3	105	5	1
SSUF_1	56	13	51
RNA5_1	52	20	2
SSUB	101	0	211
RNA14	51	10	723
RNA31_F	94	0	3
RNA31_F	82	19	3
SSUF_1	56	14	11
RNA3	105	7	1
SSUB	101	1	1104
RNA14	51	11	518
RNA31_F	94	1	2
SSUF_1	56	15	2
SSUB	101	2	18
RNA14	51	12	614
RNA3	105	9	3
SSUB	101	3	42
RNA23t_F	92	11	4
RNA14	51	13	339
RNA23t_F	92	12	1
RNA14	51	14	423
SSUF_1	56	18	53
RNA14	51	15	401
SSUF_1	56	19	7
RNA14	51	16	108986
RNA39	29	0	9
RNA14	51	17	513
RNA39	29	1	1
RNA14	51	18	65
RNA14	51	19	6
RNA31_F	94	9	2
RNA39	29	3	1
SSUB	150	24	7
RNA39	29	4	3
SSUE_F	58	0	3
RNA39	29	5	4
RNA11_F	61	10	3
RNA19	105	19	1
RNA39	29	7	1
RNA11_F	61	11	2
SSUB	150	29	1
RNA11_F	61	14	2
RNA11_F	116	13	1
RNA31_1	63	12	2
SSUD	99	0	84
SSUE_F	58	9	5
SSUD	99	1	14
RNA13	59	20	1
SSUD	99	2	91
SSUD	99	3	159
SSUD	99	4	88
RNA7	109	10	1
SSUD	99	5	44
RNA34_F	116	0	61
RNA7	109	11	2
SSUD	99	6	10
SSUD	99	7	7
RNA13	59	25	11
RNA34_F	116	1	1
RNA7	109	12	1
SSUD	99	8	6
RNA33_2	62	10	4
RNA13	59	26	2
RNA34_F	116	2	2
RNA7	109	13	1
RNA34_F	116	3	2
SSUD	99	9	3
RNA33_2	62	12	1
RNA34_F	116	4	3
RNA33_2	62	13	1
RNA29	60	10	23
RNA34_F	116	5	6
SSUD	87	10	310
RNA29	60	11	22
RNA34_F	116	6	10
SSUD	87	11	364
RNA29	60	12	9
RNA34_F	116	7	2
RNA7	109	18	1
SSUD	87	12	13
RNA14	103	0	3
RNA29	60	13	7
RNA7	109	19	1
RNA33_2	62	17	1
SSUD	87	13	70
RNA29	60	14	31
RNA9	75	10	2
SSUD	87	14	584
RNA29	60	15	1709
RNA9	75	11	2
SSUB	118	11	2
SSUD	87	15	39664
RNA14	103	3	1
RNA29	60	16	4
RNA9	75	12	1
SSUD	87	16	626
RNA29	60	17	3
RNA9	75	13	1
SSUB	118	13	2
SSUD	87	17	68
RNA14	103	5	10
RNA11_1	42	10	41
RNA29	60	18	21
RNA9	75	14	3
SSUD	87	18	815
RNA29	60	19	2
SSUD	87	19	8
LSUC	38	10	4
RNA42	46	20	13
RNA14	103	8	1
LSUC	38	11	5
LSUC	38	12	8
LSUC	38	13	7
RNA42	46	23	1
LSUC	38	16	2
LSUC	38	17	219
LSUC	38	18	1
RNA31_F	128	0	2
RNA2	132	10	4
RNA2	132	11	18
RNA2	132	12	1
RNA3	108	0	2
RNA2	132	14	1
RNA16	60	26	1
RNA3	108	4	2
RNA18	37	10	336
RNA31_F	97	0	2
SSUB	104	0	148
RNA18	37	11	34
SSUB	104	1	334
RNA18	37	12	54
SSUB	104	2	5
RNA3	108	9	1
SSUB	104	3	6
RNA31_F	97	4	1
SSUB	104	4	11
RNA31_F	97	5	2
SSUB	104	5	3
RNA31_F	97	6	1
SSUB	104	6	2
RNA31_F	97	9	1
SSUF_1	56	20	1
SSUF_1	56	21	1
SSUF_1	56	23	3
RNA14	51	20	33
SSUF_1	56	24	1
RNA14	51	21	5
SSUF_1	56	25	1
RNA14	51	22	3
SSUF_1	56	26	3
RNA15_1	31	10	240
RNA10_F	121	13	1
RNA15_1	31	11	321
RNA15_1	31	12	336
RNA15_1	31	13	18
RNA11_F	150	92	7
RNA15_1	31	14	5
RNA34_F	119	0	30
RNA34_F	119	4	3
RNA34_F	119	5	2
RNA34_F	119	6	4
RNA40	91	0	5
RNA14	106	0	3
RNA14	106	1	5
RNA14	106	3	1
RNA14	106	4	1
RNA7	109	20	1
SSUE_F	42	0	87
RNA40	91	5	1
SSUE_F	42	1	220
RNA14	106	6	2
SSUE_F	42	2	6
RNA33_2	62	21	1
RNA14	106	8	10
SSUD	87	20	3
SSUD	87	21	540
SSUD	87	22	10
RNA7	109	29	7
SSUD	87	23	3
RNA29	60	24	9
SSUD	87	24	4
SSUD	87	25	1
RNA34_F	100	0	5261
SSUD	87	29	3
RNA34_F	100	1	258
RNA34_F	100	2	63
RNA34_F	100	3	105
RNA34_F	100	4	720
RNA34_F	100	5	1333
RNA34_F	100	6	608
RNA34_F	100	7	128
RNA34_F	100	8	16
RNA34_F	100	9	3
SSUB	107	0	23
SSUB	107	1	72
SSUB	107	2	7
SSUB	107	3	10
SSUB	107	4	44
SSUB	107	5	11
SSUB	107	6	1
SSUB	107	7	8
SSUB	107	8	3
SSUB	107	9	5
RNA15_F	50	23	1
RNA5_1	51	10	18
RNA5_1	51	12	11
RNA31_F	112	0	1
RNA5_1	51	13	19
RNA5_1	51	14	2
RNA5_1	51	15	52
RNA5_1	51	17	5
SSUF_2	150	92	1
RNA5_1	51	19	7
RNA31_F	112	8	1
RNA43	94	15	1
SSUF_2	150	95	6
SSUF_2	150	96	1
RNA14	109	0	3
RNA40	94	1	1
RNA13	58	10	2
RNA13	58	12	1
RNA14	109	4	1
SSUE_F	45	0	31
SSUE_F	45	1	11
RNA13	58	14	1
SSUE_F	45	2	21
RNA13	58	15	3
SSUE_F	45	3	2
RNA13	58	16	2
SSUE_F	45	4	3
RNA29	99	0	1
RNA13	58	17	1
SSUE_F	45	5	1
RNA29	99	1	1
RNA29	99	6	1
RNA7	109	30	19
RNA10_F	98	10	4
RNA34_F	103	0	2687
RNA10_F	98	12	1
RNA34_F	103	1	91
RNA10_F	98	13	38
RNA34_F	103	2	23
RNA10_F	98	14	19
RNA34_F	103	3	28
RNA10_F	98	15	4
RNA34_F	103	4	134
RNA34_F	103	5	213
RNA34_F	103	6	175
RNA34_F	103	7	19
RNA42	45	15	4
RNA34_F	103	8	3
LSUB	78	52	1
RNA34_F	103	9	3
RNA42	45	17	1
RNA42	45	18	12
RNA42	45	19	20
RNA28	67	10	1
SSUD	80	0	6627
RNA28	67	11	3
SSUD	80	1	1387
RNA28	67	12	1
SSUD	80	2	401
SSUD	80	3	553
SSUD	80	4	831
RNA28	67	15	1
SSUD	80	5	22
RNA28	67	16	3
SSUD	80	6	358
RNA28	82	0	3
SSUD	80	7	1389
SSUD	80	8	65038
RNA28	67	19	1
SSUD	80	9	739
RNA10_1	79	10	1
RNA10_1	79	13	1
RNA31_F	115	3	2
RNA10_1	79	14	3
RNA31_F	115	5	1
RNA35	72	13	2
SSUF_1	55	10	38
SSUF_1	55	11	19
SSUF_1	55	12	64
SSUF_1	55	13	9
SSUF_1	55	14	3
RNA10_1	80	1	1
RNA14	50	10	712
RNA14	50	11	920
RNA23t_F	91	10	3
RNA14	50	12	511
SSUF_1	55	17	44
RNA23t_F	91	11	1
RNA14	50	13	669
SSUF_1	55	18	15
RNA14	50	14	487
RNA10_2	39	12	1
RNA14	50	15	179301
RNA23t_F	91	14	1
RNA14	50	16	702
RNA14	50	17	79
RNA39	19	1	6
RNA14	50	18	14
SSUE_F	55	10	1
RNA14	50	19	35
SSUE_F	55	12	12
SSUE_F	55	13	2
SSUE_F	48	0	285
RNA15_F	76	0	1
SSUE_F	55	14	3
SSUE_F	48	1	393
SSUE_F	55	15	1
SSUE_F	48	2	3
SSUE_F	48	3	7
SSUE_F	48	4	7
RNA11_F	115	10	1
SSUE_F	48	5	8
RNA31_1	62	10	1
SSUE_F	48	6	1
SSUE_F	48	7	10
SSUE_F	48	8	7
RNA31_1	62	13	3
RNA11_F	115	15	2
RNA13	58	20	1
RNA11_F	115	19	1
RNA7	108	10	4
RNA13	58	24	21
RNA34_F	106	0	1128
RNA7	108	11	7
RNA13	58	25	1
RNA34_F	106	1	13
RNA33_2	61	10	1
RNA34_F	106	2	3
RNA7	108	13	3
RNA34_F	106	3	9
RNA7	108	14	2
RNA33_2	61	12	1
RNA34_F	106	4	31
RNA34_F	106	5	62
RNA7	108	16	1
SSUD	86	10	379
RNA34_F	106	6	57
RNA7	108	17	1
SSUD	86	11	15
RNA34_F	106	7	8
RNA7	108	18	1
SSUD	86	12	79
RNA34_F	106	8	2
SSUE_1	36	10	2
RNA9	74	10	2
SSUD	86	13	618
SSUE_1	36	11	2
RNA9	74	11	1
SSUD	86	14	39056
SSUD	86	15	622
RNA9	74	13	2
SSUD	86	16	85
RNA9	74	14	3
SSUD	86	17	905
SSUD	86	18	8
SSUB	117	14	2
SSUD	83	0	3990
SSUD	122	27	1
SSUB	117	15	1
SSUD	86	19	10
SSUD	83	1	955
LSUC	37	10	6
SSUB	117	16	1
SSUD	83	2	356
LSUC	37	11	3
SSUD	83	3	266
LSUC	37	12	9
SSUD	83	4	234
SSUD	83	5	225
SSUD	83	6	586
SSUD	123	51	1
RNA28	85	0	2
SSUD	83	7	443
LSUC	37	16	308
SSUD	83	8	9
SSUD	83	9	93
LSUC	37	18	1
RNA31_F	118	0	3
RNA31_F	118	1	3
RNA2	131	10	21
RNA31_F	118	3	1
RNA17	76	18	1
RNA18	36	10	71
RNA18	36	11	71
SSUF_1	55	20	5
RNA8	141	0	8
RNA23t_F	90	0	1
RNA8	141	2	1
SSUF_1	55	23	2
RNA23t_F	90	2	3
SSUF_1	55	24	3
RNA14	50	20	10
SSUF_1	55	25	3
RNA14	50	21	5
SSUF_1	55	26	1
RNA23t_F	90	5	1
RNA8	141	6	1
RNA31_F	81	0	22
RNA15_1	30	10	386
RNA31_F	81	2	10
RNA15_1	30	11	339
RNA31_F	81	3	1
RNA15_1	30	12	17
RNA31_F	81	4	1
RNA15_1	30	13	13
RNA34_F	109	0	346
RNA31_F	81	7	1
RNA34_F	109	1	6
RNA31_F	81	8	2
RNA34_F	109	2	4
RNA34_F	109	3	2
RNA9	113	10	9
RNA34_F	109	4	10
RNA34_F	109	5	21
RNA9	113	12	1
RNA34_F	109	6	5
RNA9	113	13	16
RNA33_F	88	12	1
RNA34_F	109	7	4
RNA9	113	18	2
RNA33_F	88	17	2
RNA7	108	20	1
RNA7	108	21	2
SSUD	86	0	3849
RNA7	108	22	1
SSUD	86	1	1406
SSUD	86	2	448
RNA23t_1	72	21	1
SSUD	86	3	416
SSUD	86	4	297
SSUD	86	20	846
SSUD	86	5	285
SSUD	86	21	20
SSUD	86	6	294
RNA7	108	28	8
RNA15_F	60	7	1
SSUD	86	22	2
RNA28	88	0	1
SSUD	86	7	238
RNA7	108	29	32
SSUD	86	8	220
SSUD	86	9	268
SSUD	86	26	2
SSUD	86	28	2
RNA28	88	7	1
RNA29	80	0	2
RNA5_1	108	11	1
RNA29	80	1	1
RNA8	144	0	5
RNA1	100	10	4
RNA1	100	11	1
RNA1	100	13	2
RNA31_F	81	13	1
RNA5_1	50	11	13
RNA31_F	81	15	2
RNA5_1	50	12	20
RNA31_F	81	16	140
RNA5_1	50	13	2
RNA31_F	81	17	1
RNA5_1	50	14	43
RNA31_F	81	18	4
RNA31_F	84	0	9
RNA31_F	84	1	1
RNA5_1	50	17	2
RNA5_1	50	18	12
RNA10_1	101	0	1
RNA31_F	84	5	1
RNA31_F	84	6	1
RNA31_F	84	9	7
RNA10_1	101	5	1
RNA30	100	69	1
RNA11_1	95	0	1
RNA11_F	60	12	1
RNA13	57	10	3
RNA11_F	60	13	8
RNA13	57	11	1
RNA13	57	12	2
RNA13	57	13	1
SSUD	89	0	3524
RNA13	57	15	1
SSUD	89	1	1585
SSUD	89	2	633
RNA13	57	17	1
SSUD	89	3	563
RNA35	39	12	2
RNA13	57	18	1
SSUD	89	4	336
RNA35	39	13	2
RNA13	57	19	2
SSUD	89	5	360
RNA35	39	14	1
SSUD	89	6	403
SSUD	89	7	218
SSUD	89	8	195
RNA35	39	17	126
SSUD	89	9	171
RNA35	39	18	2
RNA10_F	97	10	1
RNA10_F	97	12	50
RNA23t_1	72	30	1
RNA10_F	97	13	28
RNA10_F	97	14	9
RNA10_F	97	15	3
RNA7	108	36	1
RNA42	44	12	1
RNA10_F	97	16	1
RNA42	44	14	5
RNA42	44	15	5
RNA42	44	16	2
RNA42	44	17	24
RNA29	83	0	1
RNA42	44	18	50
RNA42	44	19	1
RNA10_1	89	4	1
RNA28	66	10	1
SSUD	70	0	10773
RNA28	66	11	3
SSUD	70	1	45632
SSUD	70	2	17
SSUD	70	3	117
SSUD	70	4	19265
RNA28	66	15	2
RNA8	147	0	10
RNA23t_F	96	0	2
SSUD	70	5	246
SSUD	70	6	70
RNA8	147	1	2
RNA23t_F	96	1	1
RNA8	147	2	1
RNA28	72	0	8
SSUD	70	7	27
SSUD	70	8	36
SSUD	70	9	15
RNA8	147	5	1
RNA17	76	35	1
RNA10_1	78	12	2
RNA31_F	87	0	11
RNA31_F	87	1	1
RNA31_F	87	2	1
RNA10_1	78	16	1
RNA31_F	87	3	1
RNA10_1	70	0	2
RNA10_1	70	1	1
RNA10_1	70	2	1
RNA31_F	87	9	11
RNA10_1	70	3	3
RNA10_1	70	4	5
RNA23t_F	90	12	1
RNA10_1	70	5	14
RNA23t_F	90	13	2
RNA10_1	70	6	3
RNA10_1	70	7	2
RNA10_1	70	8	5
SSUE_F	54	11	11
SSUE_F	54	12	7
SSUE_F	54	13	5
SSUE_F	54	14	2
RNA15_F	66	2	1
RNA10_F	120	13	1
RNA42	90	6	1
RNA11_F	114	12	1
RNA42	90	7	1
RNA13	57	21	1
RNA7	107	10	4
RNA8	139	32	1
RNA13	57	23	43
RNA7	107	11	5
RNA7	107	12	4
RNA40	81	0	3
RNA7	107	13	4
RNA13	57	26	2
RNA7	107	14	2
RNA33_2	60	12	1
SSUD	85	10	26
RNA33_2	60	15	1
SSUD	85	11	87
RNA7	107	19	1
SSUD	85	12	657
SSUE_1	35	10	1
SSUD	85	13	39858
RNA29	86	0	4
SSUB	116	10	2
SSUD	85	14	581
RNA29	86	1	1
SSUB	116	11	5
SSUD	85	15	102
SSUD	85	16	916
SSUB	116	13	5
SSUD	85	17	19
SSUD	85	18	10
SSUD	73	0	4058
LSUC	36	10	3
SSUB	116	15	1
SSUD	85	19	920
SSUD	73	1	33274
RNA42	44	20	1
LSUC	36	11	12
SSUD	73	2	114
RNA42	44	21	2
LSUC	36	12	2
SSUD	73	3	185
SSUD	73	4	2124
LSUC	36	14	4
RNA29	86	9	1
SSUD	73	5	138
SSUD	122	50	1
LSUC	36	15	414
SSUD	73	6	88
RNA28	75	0	9
LSUC	36	16	2
SSUD	73	7	4672
RNA28	75	1	2
LSUC	36	17	3
SSUD	73	8	469
RNA28	75	2	2
SSUD	73	9	72
RNA17	75	18	1
RNA18	35	10	142
RNA10_1	73	4	1
RNA10_1	73	5	2
RNA10_1	73	7	2
RNA10_1	73	8	1
RNA31_F	102	0	2
RNA8	131	0	1
RNA23t_F	80	0	4
RNA31_F	102	1	1
RNA8	131	1	1
RNA23t_F	80	1	2
RNA23t_F	80	2	1
RNA42	93	1	1
RNA23t_F	80	3	1
RNA8	131	5	1
RNA31_F	102	6	2
RNA23t_F	80	6	1
RNA23t_F	80	8	3
RNA8	131	9	1
RNA42	93	8	1
RNA31_F	71	0	5
RNA42	93	9	1
RNA31_F	71	1	6
RNA31_F	71	2	1
RNA31_F	71	5	3
RNA8	138	11	1
RNA31_F	71	6	65
RNA31_F	71	7	1
RNA40	84	0	1
RNA8	138	13	1
RNA31_F	71	8	3
RNA9	112	11	1
RNA9	112	12	15
RNA11_1	82	2	1
RNA9	112	15	1
RNA9	112	16	2
RNA29	89	0	1
RNA33_F	87	16	3
RNA7	107	20	1
RNA29	89	2	1
RNA15_F	50	0	8
RNA7	107	22	1
RNA15_F	50	1	1
SSUD	76	0	3231
RNA7	107	23	1
SSUD	76	1	586
RNA15_F	50	3	2
SSUD	76	2	349
SSUD	76	3	2808
RNA7	107	26	2
SSUD	76	4	309808
RNA7	107	27	31
SSUD	85	20	33
SSUD	76	5	7416
SSUD	85	21	3
RNA7	107	28	52
SSUD	76	6	772
RNA28	78	0	7
RNA15_F	50	8	2
SSUD	85	22	6
SSUD	76	7	10431
RNA28	78	1	1
SSUD	76	8	153
SSUD	76	9	115
SSUD	85	25	2
RNA28	78	3	2
RNA29	122	13	2
SSUD	85	27	2
LSUB	77	51	1
RNA17	75	20	1
RNA33_1	68	14	1
RNA10_1	76	0	2
RNA29	70	0	6
RNA29	70	1	2
RNA29	70	2	1
RNA29	70	3	3
RNA29	70	4	1
RNA17	75	28	1
RNA31_F	105	0	1
RNA23t_1	39	10	9
RNA8	134	0	4
RNA23t_F	83	0	2
RNA31_F	105	1	2
RNA23t_1	39	11	1282
RNA31_F	80	10	2
RNA23t_F	83	1	2
RNA23t_1	39	12	1
RNA42	96	0	3
RNA8	134	2	4
RNA31_F	80	11	4
RNA23t_1	39	13	5
RNA8	134	3	1
RNA31_F	105	4	1
RNA23t_1	39	14	69
RNA8	134	4	3
RNA31_F	80	13	1
RNA23t_1	39	15	3
RNA31_F	80	14	5
RNA31_F	105	6	1
RNA23t_1	39	16	2
RNA8	134	6	1
RNA31_F	80	15	257
SSUF_1	54	10	47
RNA8	134	7	2
RNA31_F	80	16	1
SSUF_1	54	11	116
RNA31_F	80	17	3
SSUF_1	54	12	38
RNA23t_F	83	8	2
SSUF_1	54	13	10
RNA31_F	74	0	16
SSUF_1	54	14	2
RNA31_F	74	1	2
SSUF_1	54	15	3
SSUF_1	54	16	70
RNA43	92	12	2
RNA31_F	74	3	1
SSUF_1	54	17	24
RNA10_2	38	11	1
SSUF_1	54	18	3
RNA31_F	74	5	1
SSUF_1	54	19	3
RNA31_F	74	7	1
RNA31_F	74	8	1
RNA31_F	74	9	266
RNA15_1	87	64	1
RNA13	56	10	4
RNA13	56	11	2
RNA15_F	53	0	2
RNA13	56	13	8
SSUD	79	0	11759
SSUD	79	1	2141
SSUD	79	2	796
RNA13	56	16	2
SSUD	79	3	1375
SSUD	79	4	51
SSUD	79	5	283
SSUD	79	6	2053
SSUD	79	7	122557
SSUD	79	8	1032
SSUD	79	9	150
RNA9	73	10	1
RNA42	43	11	2
RNA42	43	12	2
SSUD	142	1	1
RNA9	73	13	2
RNA42	43	13	3
RNA42	43	14	15
RNA42	43	15	4
RNA42	43	16	29
RNA42	43	17	97
RNA29	73	0	5
RNA10_1	79	5	1
SSUD	60	0	798
SSUD	60	1	48
SSUD	60	2	3
RNA33_1	68	20	1
RNA31_F	108	0	1
RNA29	73	9	1
RNA8	137	0	3
RNA23t_F	86	0	3
RNA8	137	1	1
RNA28	62	0	2
RNA8	137	2	3
RNA42	99	1	1
RNA28	62	1	1
RNA8	137	3	3
RNA28	62	2	1
RNA17	75	33	1
RNA8	137	4	1
RNA17	75	34	2
RNA8	137	5	3
RNA8	137	7	2
RNA28	62	6	2
RNA31_F	108	9	1
RNA35	70	10	1
RNA23t_F	86	9	2
RNA31_F	77	0	32
RNA31_F	77	1	11
RNA32_F	67	17	1
RNA31_F	77	2	2
RNA31_F	77	3	3
RNA31_F	77	5	3
RNA10_1	60	0	2
RNA31_F	77	8	3
RNA43	91	0	3
SSUF_1	54	20	2
RNA10_1	60	4	3
SSUF_1	54	22	2
RNA10_1	60	5	3
SSUF_1	54	23	2
RNA10_1	60	6	1
SSUF_1	54	24	11
RNA10_1	60	7	1
RNA10_1	60	8	2
SSUE_F	53	10	8
SSUE_F	53	11	1
SSUE_F	53	12	4
RNA42	80	0	2
SSUE_F	53	13	2
RNA15_F	56	0	6
RNA35	71	49	1
RNA15_F	56	1	1
RNA13	56	20	1
RNA13	56	21	2
RNA8	138	31	1
RNA13	56	22	106
RNA13	56	23	1
RNA39	150	1	2
RNA40	71	0	2
RNA13	56	25	2
RNA13	56	26	1
SSUD	84	10	101
SSUD	84	11	579
SSUD	84	12	40344
SSUD	84	13	616
RNA29	76	0	1
LSUB	75	19	1
SSUB	115	10	7
SSUD	84	14	84
SSUD	84	15	929
SSUB	115	12	14
SSUD	84	16	18
SSUD	84	17	9
RNA29	76	3	1
SSUB	115	13	1
SSUD	84	18	994
SSUD	63	0	1030
SSUD	84	19	48
LSUC	35	10	6
RNA29	76	5	1
SSUD	63	1	63
RNA42	43	20	2
SSUD	63	2	6
LSUC	35	11	1
RNA29	76	6	1
RNA42	43	21	2
SSUD	63	3	47
RNA23t_1	71	43	1
SSUB	115	17	2
SSUD	63	4	56
LSUC	35	13	7
SSUD	63	5	388
LSUC	35	14	453
LSUC	35	15	3
LSUC	35	16	8
RNA17	74	12	1
RNA23t_F	89	7	1
RNA39	56	11	1
RNA39	56	12	1
RNA28	65	9	2
RNA10_1	63	0	4
RNA10_1	63	1	15
RNA13	150	0	3
RNA10_1	63	2	1
RNA33_F	95	7	1
RNA43	94	1	7
RNA10_1	63	4	1
RNA13	150	3	1
RNA43	94	6	2
RNA8	121	0	63
RNA23t_F	70	0	39
RNA13	150	9	1
RNA8	121	1	14
RNA23t_F	70	1	26
RNA42	83	0	1
RNA8	121	2	8
RNA23t_F	70	2	8
RNA8	121	3	10
RNA8	121	4	6
RNA8	121	5	3
RNA8	121	6	6
RNA23t_F	70	6	1
RNA42	83	5	1
RNA8	121	7	17
RNA23t_F	70	7	4
RNA8	121	8	6
RNA23t_F	70	8	1
RNA8	121	9	5
RNA23t_F	70	9	2
RNA31_F	61	0	2
RNA15_F	59	8	1
RNA31_F	61	1	4
RNA31_F	61	2	1
RNA31_F	61	5	2
SSUD	148	0	3
RNA9	111	10	1
RNA11_1	72	0	1
RNA9	111	11	23
RNA11_1	72	1	1
SSUD	148	3	1
SSUD	148	4	1
RNA9	111	15	5
RNA35	38	10	2
RNA29	79	0	3
RNA35	38	11	4
RNA33_F	86	15	3
RNA9	111	17	1
RNA35	38	12	1
RNA9	111	18	3
RNA15_F	40	0	23
SSUD	66	0	55137
RNA15_F	40	1	1
RNA35	38	15	3
SSUD	66	1	1275
RNA15_F	40	2	2
RNA35	38	16	168
SSUD	66	2	9
RNA15_F	40	3	1
SSUD	66	3	29
RNA15_F	40	4	3
SSUD	66	4	64
RNA15_F	40	5	3
RNA29	79	8	1
SSUD	66	5	103
SSUD	84	20	5
RNA15_F	40	6	3
RNA10_F	96	10	1
SSUD	66	6	77
RNA15_F	40	7	3
SSUD	84	21	4
RNA10_F	96	11	75
SSUD	66	7	24
RNA15_F	40	8	4
SSUD	84	22	2
RNA10_F	96	12	28
SSUD	84	23	1
SSUD	66	8	816
RNA15_F	40	9	1
RNA10_F	96	13	12
SSUD	84	24	3
RNA10_F	96	14	5
SSUD	84	26	2
RNA33_F	98	0	2
RNA28	65	10	2
RNA10_1	66	0	3
RNA28	65	12	1
RNA10_1	66	1	4
RNA10_1	66	2	1
RNA29	60	0	312
RNA10_1	66	3	1
RNA29	60	1	67
RNA10_1	66	4	18
RNA29	60	2	25
RNA17	74	25	1
RNA28	65	16	1
RNA10_1	66	5	1
RNA29	60	3	22
RNA33_1	67	19	1
RNA29	60	4	11
RNA43	97	4	1
RNA28	65	18	1
RNA29	60	5	7
RNA29	60	6	9
RNA10_1	66	9	1
RNA29	60	7	4
RNA29	60	8	11
RNA23t_1	38	10	958
RNA29	60	9	9
RNA8	124	0	25
RNA23t_F	73	0	45
RNA10_1	77	11	2
RNA23t_1	38	11	3
RNA8	124	1	5
RNA23t_F	73	1	6
RNA10_1	77	12	1
RNA23t_1	38	12	1
RNA8	124	2	3
RNA23t_F	73	2	9
RNA10_1	77	13	1
RNA23t_1	38	13	72
RNA8	124	3	6
RNA23t_F	73	3	13
RNA23t_1	38	14	1
RNA8	124	4	3
RNA23t_F	73	4	5
RNA10_1	77	15	5
RNA23t_1	38	15	1
RNA8	124	5	2
RNA8	124	6	2
SSUF_1	53	10	217
RNA23t_F	73	6	1
RNA8	124	7	3
SSUF_1	53	11	57
RNA8	124	8	2
SSUF_1	53	12	8
RNA8	124	9	3
SSUF_1	53	13	3
RNA23t_F	73	9	1
RNA31_F	64	0	25
SSUF_1	53	14	2
RNA31_F	64	1	149
SSUF_1	53	15	97
RNA43	91	11	2
RNA31_F	64	2	1
SSUF_1	53	16	41
RNA10_2	37	10	2
SSUF_1	53	17	7
RNA31_F	64	4	2
RNA10_2	37	11	1
SSUF_1	53	18	4
SSUF_1	53	19	1
RNA31_F	64	6	2
RNA40	77	0	2
RNA31_1	60	11	1
RNA15_F	43	0	8
SSUD	69	0	29749
RNA15_F	43	1	4
SSUD	69	1	71
RNA31_1	60	14	1
SSUD	69	2	20
RNA11_F	113	16	1
SSUD	69	3	37709
SSUD	69	4	210
RNA9	111	21	1
RNA7	106	10	15
SSUD	69	5	96
RNA15_F	43	6	1
RNA41	82	13	1
SSUD	69	6	62
RNA7	106	11	12
SSUD	69	7	29
RNA7	106	12	4
RNA15_F	43	8	1
SSUD	69	8	20
RNA7	106	13	5
RNA15_F	43	9	1
RNA35	38	20	1
SSUD	69	9	15
RNA7	106	14	7
RNA7	106	15	2
RNA7	106	16	3
RNA7	106	17	2
RNA7	106	18	3
RNA7	106	19	6
RNA42	42	10	1
RNA9	72	11	7
RNA42	42	11	1
SSUD	132	0	1
RNA9	72	12	7
RNA42	42	12	14
SSUD	120	24	1
RNA42	42	13	5
RNA42	42	14	4
RNA42	42	15	50
RNA10_1	69	0	3
RNA42	42	16	129
SSUD	132	5	1
RNA34_F	121	10	1
SSUD	132	6	2
RNA10_1	69	2	2
RNA29	63	0	50
RNA10_1	69	3	4
RNA29	63	1	13
RNA42	42	19	3
RNA10_1	69	4	3
RNA29	63	2	9
RNA10_1	69	5	11
RNA29	63	3	2
RNA10_1	69	6	10
RNA29	63	4	3
RNA10_1	69	7	3
RNA29	63	5	2
RNA29	63	6	4
RNA29	63	7	2
RNA29	63	8	2
RNA29	63	9	9
RNA8	127	0	10
RNA23t_F	76	0	3
RNA8	127	1	5
RNA30	59	11	6
RNA42	89	0	1
RNA28	65	21	1
RNA28	52	0	44
RNA8	127	2	5
RNA23t_F	76	2	2
RNA30	59	12	1
RNA28	52	1	8
RNA8	127	3	3
RNA28	52	2	4
RNA17	74	33	1
RNA8	127	4	11
RNA30	59	14	2
RNA28	52	3	3
RNA8	127	5	14
RNA30	59	15	1
RNA28	52	4	1
RNA8	127	6	1
RNA30	59	16	1
RNA42	89	5	3
RNA28	52	5	1
RNA8	127	7	3
RNA23t_F	76	7	4
RNA28	52	6	6
RNA23t_F	76	8	2
RNA30	59	18	1
RNA28	52	7	2
RNA8	127	9	1
RNA28	52	8	1
RNA31_F	67	0	17
RNA28	52	9	4
RNA31_F	67	1	105
RNA31_F	67	2	719
RNA33_F	82	0	4
RNA31_F	67	4	10
RNA10_1	50	0	2
RNA31_F	67	8	4
SSUF_1	53	20	2
RNA31_F	67	9	3
RNA43	81	1	1
RNA10_1	50	3	1
SSUF_1	53	21	12
RNA11_1	78	0	1
SSUF_1	53	22	6
RNA33_F	82	9	1
RNA10_1	50	5	1
SSUF_1	53	23	19
SSUF_1	53	24	1
RNA10_1	50	7	1
SSUF_1	53	25	1
SSUE_F	52	11	3
RNA15_F	46	0	8
RNA15_F	46	9	3
RNA8	137	30	1
RNA42	99	15	1
RNA34_F	91	0	974
RNA42	99	16	1
RNA34_F	91	1	103
RNA34_F	91	2	261
RNA34_F	91	3	118
RNA7	106	20	1
RNA34_F	91	4	211
RNA7	106	21	2
RNA34_F	91	5	125
RNA34_F	91	6	52
RNA34_F	91	7	35
RNA7	106	24	1
RNA34_F	91	8	38
RNA7	106	25	1
RNA43	59	10	1
RNA29	66	0	16
RNA34_F	91	9	34
RNA7	106	26	38
RNA43	59	11	1
RNA29	66	1	3
SSUB	114	11	18
RNA7	106	27	77
RNA29	66	2	5
SSUB	114	12	2
RNA7	106	28	1
SSUB	114	13	1
RNA43	59	14	2
RNA29	66	4	2
SSUB	114	14	1
RNA29	66	5	1
RNA29	66	6	1
LSUC	34	12	1
RNA43	59	17	1
LSUC	34	13	510
RNA43	59	18	1
RNA29	66	8	1
LSUC	34	14	3
RNA29	66	9	1
RNA23t_F	79	0	3
LSUC	34	15	1
RNA23t_F	79	1	2
RNA28	55	0	44
RNA28	55	1	7
RNA28	55	2	3
RNA23t_F	79	4	1
RNA28	55	3	2
RNA17	73	13	1
RNA28	55	4	4
RNA28	55	5	2
RNA23t_F	79	7	7
RNA28	55	6	1
RNA28	55	7	1
RNA28	55	8	2
RNA28	55	9	2
RNA17	73	19	1
RNA33_F	85	0	3
RNA30	59	20	2
RNA10_1	53	0	1
RNA10_1	53	1	6
RNA10_1	53	2	1
RNA43	84	0	1
RNA10_1	53	3	3
RNA43	84	1	2
RNA10_1	53	4	1
RNA33_F	85	8	1
RNA10_1	53	5	4
RNA30	59	28	12
RNA10_1	53	6	1
RNA8	111	0	2093
RNA8	111	1	349
RNA8	111	2	22
RNA8	111	3	1007
RNA8	111	4	191711
RNA8	111	5	1796
RNA8	111	6	1725
RNA8	111	7	563
RNA8	111	8	88
RNA8	111	9	47
RNA15_F	49	7	2
RNA2	145	0	4
RNA2	145	3	1
RNA15_1	85	58	1
RNA34_F	94	0	388
RNA34_F	94	1	158
RNA13	55	10	3
SSUA	141	0	24
RNA34_F	94	2	2131
SSUD	138	0	1
RNA13	55	11	7
RNA2	145	7	1
SSUA	141	1	6
RNA9	110	10	23
RNA34_F	94	3	1276
RNA13	55	12	9
RNA11_1	62	0	21
SSUA	141	2	27
RNA34_F	94	4	742
SSUD	138	2	1
RNA11_1	62	1	1
SSUA	141	3	8
RNA9	110	12	1
RNA34_F	94	5	230
SSUD	138	3	1
RNA13	55	14	2
RNA11_1	62	2	2
SSUA	141	4	43
RNA9	110	13	1
RNA34_F	94	6	39
SSUD	138	4	1
RNA13	55	15	1
RNA11_1	62	3	5
SSUA	141	5	29
RNA9	110	14	17
RNA34_F	94	7	11
RNA13	55	16	2
RNA33_F	85	14	4
SSUA	141	6	5
RNA9	110	15	1
RNA11_F	113	30	1
RNA34_F	94	8	17
RNA35	37	10	3
SSUD	138	6	3
RNA13	55	17	1
RNA29	69	0	4
RNA34_F	94	9	9
RNA35	37	11	6
RNA11_1	62	6	1
RNA9	110	17	1
RNA35	37	12	1
RNA13	55	19	2
RNA11_1	62	7	2
RNA29	69	2	2
RNA35	37	13	1
RNA29	69	3	1
RNA35	37	14	6
RNA11_1	62	9	1
RNA29	69	4	1
RNA35	37	15	278
RNA29	69	5	4
RNA35	37	16	4
RNA35	37	19	1
RNA10_F	95	10	80
RNA29	69	9	2
RNA10_F	95	11	61
RNA28	58	0	12
RNA10_F	95	12	13
RNA28	58	1	2
RNA10_F	95	13	4
RNA10_F	95	16	1
RNA28	58	6	2
RNA28	58	8	1
RNA28	64	10	1
SSUD	120	48	1
RNA28	64	11	1
RNA10_1	56	0	3
RNA13	90	0	1
RNA10_1	56	1	3
RNA29	50	0	41
RNA17	73	23	1
RNA29	50	1	8
RNA43	87	2	2
RNA10_1	56	4	3
RNA29	50	2	1
RNA17	73	25	1
RNA28	64	16	2
RNA10_1	56	5	4
RNA13	90	5	1
RNA10_1	56	6	1
RNA29	50	4	6
RNA28	64	18	1
RNA29	50	5	553
RNA10_1	56	8	2
RNA29	50	6	3
RNA29	50	7	5
RNA43	87	8	1
RNA29	50	8	18
RNA10_1	76	10	3
RNA23t_1	37	10	3
RNA29	50	9	49
RNA8	114	0	33419
RNA10_1	76	11	1
RNA23t_1	37	11	3
RNA8	114	1	2820
RNA23t_1	37	12	82
RNA8	114	2	1190
RNA10_1	76	13	1
RNA23t_1	37	13	1
RNA8	114	3	2265
RNA10_1	76	14	1
RNA8	114	4	616
RNA8	114	5	1171
RNA8	114	6	1800
SSUF_1	52	10	81
RNA8	114	7	277497
SSUF_1	52	11	23
RNA8	114	8	2546
SSUF_1	52	12	14
RNA8	114	9	200
SSUF_1	52	13	3
RNA31_F	54	0	8
SSUF_1	52	14	171
SSUF_1	52	15	46
SSUF_1	52	16	10
SSUF_1	52	17	9
SSUF_1	52	18	2
SSUF_1	52	19	1
RNA34_F	97	0	2917
RNA34_F	97	1	67
RNA34_F	97	2	598
SSUA	144	0	93
RNA34_F	97	3	582
SSUA	144	1	3
RNA34_F	97	4	2644
RNA11_1	65	0	4
SSUA	144	2	3
RNA34_F	97	5	4408
SSUA	144	3	3
RNA34_F	97	6	856
SSUA	144	4	5
RNA34_F	97	7	126
RNA11_1	65	3	1
SSUA	144	5	13
RNA34_F	97	8	9
RNA11_1	65	4	1
SSUA	144	6	3
RNA34_F	97	9	4
RNA11_1	65	5	1
SSUA	144	7	1
RNA11_1	65	6	2
RNA11_1	65	9	1
SSUD	59	0	170
SSUD	59	1	137
RNA11_F	112	15	1
RNA13	55	20	3
RNA11_F	112	16	1
SSUD	59	2	15
RNA13	55	21	203
RNA11_F	112	17	1
RNA13	55	22	4
RNA7	105	10	23
RNA13	55	24	3
RNA8	136	29	1
RNA7	105	11	5
RNA7	105	12	5
RNA7	105	13	3
RNA7	105	15	3
RNA7	105	16	5
SSUD	83	10	618
RNA7	105	18	3
SSUD	83	11	44240
RNA7	105	19	2
SSUD	83	12	611
RNA9	71	10	4
SSUD	83	13	139
RNA9	71	11	10
SSUD	83	14	1005
SSUD	83	15	20
RNA11_F	144	0	2
SSUD	83	16	8
SSUD	83	17	932
SSUD	83	18	92
SSUD	83	19	10
RNA10_1	59	1	2
RNA29	53	0	342
RNA10_1	59	3	2
RNA29	53	1	58
RNA10_1	59	4	3
RNA29	53	2	36
RNA10_1	59	5	1
RNA29	53	3	38
RNA10_1	59	6	1
RNA29	53	4	29
RNA29	53	5	6
RNA34_F	120	17	1
RNA29	53	6	4
RNA29	53	7	35
RNA29	53	8	10081
RNA29	53	9	77
RNA8	117	0	2096
RNA30	58	10	4
RNA8	117	1	173
RNA30	58	11	1
RNA28	42	0	17
RNA8	117	2	77
RNA28	42	1	5
RNA17	73	32	1
RNA8	117	3	210
RNA30	58	13	1
RNA28	42	2	1
RNA8	117	4	54
RNA30	58	14	2
RNA8	117	5	23
RNA8	117	6	50
RNA8	117	7	18
RNA8	117	8	64
RNA30	58	18	4
RNA8	117	9	73
RNA30	58	19	3
RNA31_F	57	0	16
RNA31_F	57	1	7
RNA33_F	72	0	9
SSUF_2	69	10	104
RNA31_F	57	3	1
SSUF_2	69	11	68
SSUF_2	69	12	40
RNA10_1	40	0	379
SSUF_2	69	13	39
RNA10_1	40	1	48
SSUF_2	69	14	8635
RNA10_1	40	2	25
SSUF_2	69	15	172
RNA10_1	40	3	47
SSUF_2	69	16	29
SSUF_1	52	20	23
SSUA	147	0	69
RNA10_1	40	4	35
RNA23t_F	60	0	4913
SSUF_2	69	17	59
SSUF_1	52	21	16
SSUA	147	1	2
RNA10_1	40	5	53
RNA23t_F	60	1	179
SSUF_2	69	18	6
RNA11_1	68	0	1
SSUF_1	52	22	48
SSUA	147	2	4
RNA10_1	40	6	45
RNA23t_F	60	2	44
SSUF_1	52	23	2
SSUA	147	3	2
RNA10_1	40	7	5975
RNA23t_F	60	3	36
RNA10_1	40	8	4
RNA23t_F	60	4	3
SSUF_1	52	25	1
SSUA	147	5	6
RNA10_1	40	9	2
RNA23t_F	60	5	52
SSUA	147	6	3
SSUE_F	51	10	7
RNA23t_F	60	6	1
RNA11_1	68	5	2
SSUA	147	7	1
RNA23t_F	60	7	93
RNA23t_F	150	0	1
RNA23t_F	60	8	1
RNA23t_F	60	9	2
RNA11_1	68	8	1
RNA39	143	0	2
RNA2	132	0	4
RNA2	132	2	1
RNA42	98	14	1
RNA42	98	15	1
RNA2	132	5	1
RNA42	98	18	1
RNA2	132	7	1
RNA7	105	20	2
RNA11_F	147	1	1
RNA19	115	9	1
RNA2	132	9	1
RNA15_F	30	0	32461
RNA7	105	22	1
RNA15_F	30	1	2008
RNA15_F	30	2	2003
RNA7	105	24	1
RNA15_F	30	3	3342
RNA7	105	25	70
RNA15_F	30	4	224
RNA29	56	0	8019
RNA7	105	26	143
RNA15_F	30	5	156
RNA29	56	1	1042
SSUD	83	20	5
RNA7	105	27	1
RNA15_F	30	6	247
RNA29	56	2	566
SSUD	83	21	2
RNA43	58	13	2
RNA29	56	3	710
RNA29	56	4	626
RNA29	56	5	557
SSUD	83	23	4
RNA29	56	6	519
SSUD	83	25	5
RNA29	120	13	1
RNA43	58	17	1
RNA29	56	7	557
RNA29	56	8	44
RNA29	56	9	52
RNA28	45	0	4
LSUB	74	48	1
RNA17	72	10	1
RNA28	45	1	7
RNA28	45	3	4
RNA28	45	4	5
RNA28	45	5	3
RNA28	45	6	3
RNA17	72	17	1
RNA28	45	8	3
RNA17	72	18	1
RNA30	58	21	1
RNA33_F	75	3	1
RNA10_1	43	0	127
RNA33_F	75	4	1
RNA10_1	43	1	10
RNA33_F	75	5	1
RNA10_1	43	2	12
RNA10_1	43	3	6
RNA10_1	43	4	20
RNA23t_F	63	0	3363
RNA30	58	27	16
RNA10_1	43	5	32
RNA23t_F	63	1	12
RNA10_1	43	6	19
RNA23t_F	63	2	20
RNA10_1	43	7	1
RNA23t_F	63	3	3751
RNA10_1	43	8	9
RNA23t_F	63	4	29
RNA10_1	43	9	6
RNA23t_F	63	6	18
RNA23t_F	63	7	4
RNA23t_F	63	8	22
SSUF_2	69	23	1
RNA23t_F	63	9	4
SSUF_2	111	10	1
SSUF_2	111	12	1
RNA31_F	129	12	2
RNA2	135	0	4
RNA8	135	10	1
RNA2	135	1	1
RNA34_1	85	21	1
RNA8	135	13	1
RNA2	135	4	2
RNA13	54	10	11
RNA8	135	15	1
RNA33_F	145	0	1
SSUA	131	0	239
RNA13	54	11	2
SSUA	131	1	56
RNA13	54	12	3
SSUA	131	2	14
RNA13	54	13	5
RNA15_F	33	0	142
SSUA	131	3	29
RNA13	54	14	7
RNA15_F	33	1	6
SSUA	131	4	28
RNA13	54	15	5
RNA33_F	84	13	5
RNA15_F	33	2	4
SSUA	131	5	41
RNA42	98	20	1
RNA35	36	10	6
RNA13	54	16	2
RNA33_F	84	14	1
RNA15_F	33	3	1
SSUA	131	6	50
RNA35	36	11	2
RNA15_F	33	4	119
SSUA	131	7	27
RNA29	59	0	937
RNA35	36	12	5
RNA13	54	18	3
RNA15_F	33	5	216
SSUA	131	8	34
RNA29	59	1	144
RNA35	36	13	2
RNA13	54	19	8
RNA15_F	33	6	327
SSUA	131	9	23
RNA29	59	2	43
RNA35	36	14	421
RNA15_F	33	7	39
RNA29	59	3	27
RNA35	36	15	5
RNA15_F	33	8	23
LSUB	73	20	1
RNA29	59	4	19
RNA15_F	33	9	38
RNA29	59	5	21
SSUE_2	49	10	8
RNA29	59	6	18
SSUE_2	49	11	4
RNA35	36	18	4
RNA29	59	7	16
SSUE_2	49	12	3
RNA35	36	19	2
RNA29	59	8	18
SSUE_2	49	13	3
RNA10_F	94	10	66
RNA29	59	9	24
SSUE_2	49	14	2
RNA10_F	94	11	35
SSUE_2	49	15	7
RNA28	48	0	29
RNA10_F	94	12	11
RNA28	48	1	16
RNA42	41	10	2
RNA28	48	2	2
RNA10_F	94	14	1
RNA42	41	11	6
SSUD	122	0	5
SSUE_2	49	18	2
RNA28	48	3	2
RNA10_F	94	15	2
RNA42	41	12	9
SSUE_2	49	19	1
RNA14	91	0	7
RNA42	41	13	7
RNA42	41	14	75
RNA28	48	6	18
RNA42	41	15	223
RNA28	48	7	24
RNA14	91	3	3
RNA42	41	16	5
SSUD	122	5	1
RNA28	48	8	17
RNA14	91	4	1
RNA42	41	17	1
SSUD	122	6	1
RNA28	48	9	10
RNA42	41	18	12
RNA33_F	78	0	1
RNA42	41	19	3
RNA14	91	8	1
RNA28	63	10	1
RNA14	91	9	1
RNA28	63	11	1
RNA10_1	46	0	23
RNA17	72	21	1
RNA10_1	46	1	1
RNA17	72	22	1
RNA33_1	65	15	1
RNA10_1	46	2	1
RNA29	40	0	16
RNA10_1	46	3	10
RNA29	40	1	162
RNA10_1	46	4	7
RNA23t_F	66	0	80
RNA10_1	46	5	18
RNA17	72	26	1
RNA23t_F	66	1	21
RNA10_1	46	6	6
RNA29	40	4	2
RNA23t_F	66	2	11
RNA10_1	46	7	4
RNA23t_F	66	3	37
RNA19	49	11	5
RNA23t_F	66	4	2
RNA10_1	46	9	4
RNA23t_F	66	5	1
RNA23t_F	66	6	291
RNA10_1	75	10	2
RNA19	49	14	50
RNA23t_F	66	7	2
RNA10_1	75	11	1
RNA19	49	15	73
RNA23t_F	66	8	1
RNA10_1	75	12	2
RNA19	49	16	1
RNA23t_F	66	9	1
RNA10_1	75	13	4
RNA19	49	18	2
SSUF_1	51	10	18
SSUF_1	51	11	21
SSUF_1	51	12	6
SSUF_1	51	13	262
SSUF_1	51	14	82
SSUF_1	51	15	9
RNA43	71	0	12
SSUF_1	51	16	16
RNA2	138	0	1
SSUF_1	51	17	4
RNA6	69	10	11
SSUF_1	51	18	5
RNA6	69	11	6
SSUF_1	51	19	31
RNA6	69	12	4
RNA6	69	13	2130
RNA2	138	4	1
RNA6	69	14	85
RNA6	69	15	27
SSUA	134	0	69
RNA6	69	16	9
SSUA	134	1	5
RNA43	71	9	1
RNA6	69	17	6
SSUA	134	2	7
RNA42	60	0	1
RNA6	69	18	7
RNA2	138	9	1
RNA15_F	36	0	383
SSUA	134	3	6
RNA6	69	19	4
RNA15_F	36	1	93
SSUA	134	4	1
RNA15_F	36	2	43
SSUA	134	5	8
RNA15_F	36	3	74
SSUA	134	6	5
RNA15_F	36	4	48
SSUA	134	7	3
RNA15_F	36	5	26
SSUA	134	8	1
RNA8	135	21	1
RNA15_F	36	7	1608
RNA11_F	111	14	1
RNA15_F	36	8	1337
RNA15_F	36	9	3248
RNA13	54	20	512
RNA11_F	111	16	2
RNA13	54	21	11
RNA13	54	22	2
RNA13	54	23	18
RNA8	135	28	2
RNA7	104	10	5
RNA7	104	11	8
RNA7	104	12	3
RNA34_F	81	0	1848
RNA7	104	13	2
RNA34_F	81	1	425
SSUF_2	90	0	23
RNA34_F	81	2	195
SSUD	125	0	3
SSUF_2	90	1	1
SSUA	139	10	1
RNA7	104	15	6
RNA34_F	81	3	220
SSUF_2	90	2	1
RNA14	94	0	6
RNA7	104	16	5
RNA34_F	81	4	163
SSUD	82	10	52093
RNA14	94	1	1
RNA7	104	17	1
RNA34_F	81	5	188
SSUD	125	3	1
SSUD	82	11	752
SSUA	139	13	1
RNA34_F	81	6	134
SSUF_2	90	5	2
SSUD	82	12	142
RNA14	94	3	1
RNA7	104	19	3
RNA34_F	81	7	92
SSUE_2	49	20	3
SSUD	82	13	1016
SSUD	125	5	1
RNA5_F	91	0	5813
RNA9	70	10	13
RNA34_F	81	8	125
SSUD	82	14	30
RNA5_F	91	1	298
SSUB	113	10	46
RNA34_F	81	9	130
SSUD	82	15	22
RNA11_F	134	0	1
RNA5_F	91	2	190
SSUD	82	16	1127
RNA14	94	7	2
SSUD	125	8	1
RNA5_F	91	3	671
SSUD	82	17	155
RNA5_F	91	4	937
SSUB	113	13	1
SSUD	82	18	19
RNA5_F	91	5	43
SSUD	82	19	5
RNA10_1	49	0	6
RNA5_F	91	6	113
SSUB	113	15	2
LSUC	33	11	2
RNA5_F	91	7	171
LSUC	33	12	409
RNA5_F	91	8	47862
RNA29	43	0	104
LSUC	33	13	7
RNA10_1	49	3	1
RNA5_F	91	9	296
RNA29	43	1	655
LSUC	33	14	5
RNA29	43	2	1
RNA23t_F	69	0	35
RNA10_1	49	5	4
RNA23t_F	69	1	21
RNA10_1	49	6	10
RNA23t_F	69	2	3
RNA10_1	49	7	2
RNA10_1	49	8	2
RNA23t_F	69	4	2
RNA10_1	49	9	2
RNA29	43	7	3
RNA23t_F	69	5	2
RNA5_F	139	10	352
RNA23t_F	69	6	9
RNA5_F	139	11	13
RNA5_F	139	12	2
RNA5_F	139	13	9
RNA23t_F	69	9	109
RNA29	124	0	1
RNA5_F	139	14	1
RNA29	124	1	1
RNA5_F	139	16	1
RNA39	54	15	1
RNA5_F	139	19	1
RNA39	54	17	1
RNA19	49	21	3
RNA43	74	0	1
SSUF_2	68	10	94
RNA43	74	3	2
SSUF_2	68	11	80
SSUF_2	68	12	83
SSUF_2	68	13	16923
SSUF_2	68	14	294
SSUF_2	68	15	41
SSUA	137	0	29
SSUF_2	68	16	98
SSUF_1	51	20	25
SSUA	137	1	5
RNA8	101	0	30
RNA23t_F	50	0	98
SSUF_2	68	17	4
SSUF_1	51	21	105
SSUA	137	2	31
RNA8	101	1	3
RNA23t_F	50	1	851
SSUF_2	68	18	4
SSUF_1	51	22	3
RNA8	101	2	76
SSUA	137	3	17
RNA23t_F	50	2	12
SSUF_2	68	19	1
SSUF_1	51	23	1
RNA15_F	39	0	35
RNA8	101	3	4
SSUA	137	4	3
SSUF_1	51	24	2
RNA15_F	39	1	4
RNA8	101	4	20
RNA3	126	12	1
RNA15_F	39	2	4
RNA8	101	5	5
RNA15_F	39	3	7
SSUA	137	7	1
RNA8	101	6	13
RNA15_F	39	4	1
RNA8	101	7	30
RNA15_F	39	5	6
RNA8	101	8	16
RNA8	101	9	139
RNA15_F	39	7	2
RNA34_1	84	15	1
RNA23t_F	140	8	1
RNA34_F	84	0	4024
RNA34_F	84	1	1120
RNA34_F	84	2	538
SSUF_2	93	0	14
RNA34_F	84	3	653
RNA2	122	0	11
RNA34_F	84	4	469
RNA14	97	0	10
RNA11_1	52	0	157
RNA2	122	1	4
RNA42	97	13	1
RNA34_F	84	5	517
RNA14	97	1	1
RNA11_1	52	1	23
RNA42	97	14	1
RNA34_F	84	6	605
RNA11_1	52	2	24
RNA32_F	56	1	1
RNA34_F	84	7	450
RNA14	97	3	1
RNA11_1	52	3	12
RNA34_F	84	8	379
SSUF_2	93	6	1
RNA14	97	4	1
RNA11_1	52	4	12
RNA5_F	94	0	39125
SSUD	128	6	1
RNA34_F	84	9	375
SSUF_2	93	7	1
RNA11_1	52	5	12
RNA5_F	94	1	7719
RNA14	97	6	2
RNA11_1	52	6	12
RNA11_F	137	0	1
RNA5_F	94	2	4514
RNA42	97	19	2
RNA11_1	52	7	14
RNA7	104	20	2
RNA5_F	94	3	5335
RNA11_1	52	8	55
RNA5_F	94	4	4344
RNA11_1	52	9	68
RNA7	104	22	1
RNA5_F	94	5	5677
RNA7	104	23	3
RNA5_F	94	6	6021
RNA7	104	24	80
RNA13	86	0	1
RNA5_F	94	7	5443
RNA7	104	25	204
RNA5_F	94	8	456
RNA29	46	0	236
RNA7	104	26	4
RNA5_F	94	9	2641
RNA29	46	1	1645
SSUD	82	20	5
SSUA	139	22	1
RNA43	57	12	5
RNA11_F	112	54	1
SSUD	82	21	3
RNA7	104	28	1
RNA29	46	3	6
SSUD	82	22	2
RNA29	46	4	9
RNA43	57	15	4
RNA29	46	5	4
SSUD	82	24	6
SSUA	139	26	2
RNA43	57	16	5
RNA29	46	6	1
RNA43	57	17	3
RNA29	46	7	2
RNA29	46	8	2
RNA29	46	9	8
RNA17	71	12	1
RNA17	71	13	1
RNA43	77	0	1
SSUE_1	76	0	1
RNA23t_1	36	11	65
RNA8	104	0	1893
RNA23t_F	53	0	42
RNA23t_1	36	12	4
RNA8	104	1	53
RNA23t_F	53	1	84
RNA42	66	0	1
RNA23t_1	36	13	2
RNA8	104	2	2
RNA23t_F	53	2	1
RNA8	104	3	10
RNA23t_F	53	3	2
RNA8	104	4	1
RNA8	104	5	7
RNA8	104	6	10
RNA8	104	7	28
RNA8	104	8	9
RNA8	104	9	1
RNA34_F	87	0	5862
RNA34_F	87	1	1223
RNA34_F	87	2	626
SSUF_2	96	0	4
RNA34_F	87	3	782
RNA34_F	87	4	685
RNA34_1	84	20	1
RNA11_1	55	0	163
RNA32_F	59	0	1
RNA34_F	87	5	1117
RNA11_1	55	1	33
RNA34_F	87	6	1392
RNA11_1	55	2	22
RNA34_F	87	7	838
RNA11_1	55	3	17
RNA2	125	4	11
RNA5_F	97	0	15282
RNA34_F	87	8	719
RNA11_1	55	4	17
RNA5_F	97	1	1281
RNA34_F	87	9	683
RNA13	53	10	25
RNA11_1	55	5	11
SSUA	121	0	15
RNA5_F	97	2	667
RNA13	53	11	11
RNA11_1	55	6	6
SSUA	121	1	2
RNA5_F	97	3	634
RNA13	53	12	5
RNA34_1	84	27	4
SSUF_2	96	9	1
RNA11_1	55	7	9
SSUA	121	2	1
RNA5_F	97	4	650
RNA13	53	13	12
RNA34_1	84	28	1
RNA11_1	55	8	14
SSUA	121	3	6
RNA13	53	14	8
RNA11_1	55	9	13
SSUA	121	4	12
RNA5_F	97	5	594
RNA13	53	15	5
RNA5_F	97	6	636
RNA35	35	10	4
RNA13	53	16	3
RNA33_F	135	6	1
SSUA	121	6	1
RNA13	89	0	2
RNA5_F	97	7	578
RNA29	49	0	17
RNA35	35	11	2
RNA13	53	17	9
SSUA	121	7	1
RNA5_F	97	8	748
RNA29	49	1	2
RNA35	35	12	5
RNA13	53	18	30
SSUA	121	8	517
RNA5_F	97	9	775
RNA29	49	2	1
RNA35	35	13	662
RNA13	53	19	1512
SSUA	121	9	11
RNA29	49	3	11
RNA35	35	14	7
RNA29	49	4	457
RNA35	35	15	2
RNA29	49	5	3
RNA35	35	16	1
SSUE_2	48	10	6
RNA35	35	17	3
SSUE_2	48	11	1
RNA29	49	7	13
RNA19	102	0	1
RNA35	35	18	1
SSUE_2	48	12	4
RNA29	49	8	7
SSUE_2	48	13	1
RNA29	49	9	10
RNA10_F	93	10	26
SSUE_2	48	14	1
RNA10_F	93	11	17
SSUE_2	48	15	1
RNA10_F	93	12	1
SSUE_2	48	16	1
RNA10_F	93	13	2
RNA42	40	10	3
SSUE_2	48	17	3
RNA42	40	11	3
SSUE_2	48	18	5
SSUD	112	0	47
RNA10_F	93	15	1
RNA42	40	12	9
SSUE_2	48	19	5
RNA14	81	0	1
SSUD	112	1	3
RNA42	40	13	107
SSUD	112	2	4
RNA42	40	14	373
SSUD	112	3	4
RNA14	81	2	2
RNA42	40	15	4
SSUD	112	4	5
RNA42	40	16	4
SSUD	112	5	3
RNA42	40	17	15
SSUD	112	6	1
RNA14	81	5	10
RNA42	40	18	3
RNA14	81	6	1
RNA28	62	10	1
RNA13	70	0	1
RNA30	57	10	4
RNA8	107	0	19471
RNA23t_F	56	0	31
RNA28	62	16	1
RNA30	57	11	1
RNA8	107	1	813
RNA23t_F	56	1	44
RNA42	69	0	1
RNA28	62	17	1
RNA8	107	2	35
RNA23t_F	56	2	5
RNA13	70	6	2
RNA19	48	10	5
RNA8	107	3	61
RNA23t_F	56	3	4
RNA30	57	14	1
RNA19	48	11	3
RNA8	107	4	26
RNA23t_F	56	4	7
RNA13	70	8	5
RNA8	107	5	31
RNA23t_F	56	5	1
RNA30	57	16	2
RNA19	48	13	66
RNA8	107	6	40
RNA10_1	74	11	1
RNA30	57	17	3
RNA19	48	14	103
RNA8	107	7	8
RNA10_1	74	12	3
RNA30	57	18	6
RNA8	107	8	28
RNA10_1	74	13	1
RNA29	111	0	1
RNA19	48	17	4
SSUF_1	50	10	17
SSUF_1	50	11	13
SSUF_1	50	12	403
SSUF_1	50	13	158
RNA30	119	11	2
SSUF_1	50	14	26
RNA43	61	0	1
SSUF_1	50	15	12
SSUF_2	99	0	4
SSUF_1	50	16	9
SSUF_2	99	1	1
SSUF_1	50	17	1
RNA6	68	10	12
RNA11_1	58	0	69
SSUF_1	50	18	63
RNA6	68	11	14
SSUF_2	99	3	1
RNA11_1	58	1	17
SSUF_1	50	19	36
RNA6	68	12	2302
RNA11_1	58	2	1
RNA6	68	13	96
SSUF_2	99	5	4
RNA11_1	58	3	3
RNA6	68	14	29
RNA11_1	58	4	7
SSUE_F	50	10	3
RNA6	68	15	13
RNA11_1	58	5	4
SSUA	124	0	51
RNA43	61	9	3
RNA6	68	16	7
RNA11_1	58	6	4
RNA2	128	7	5
SSUA	124	1	5
RNA6	68	17	4
RNA11_1	58	7	5
SSUA	124	2	3
RNA3	99	10	50
RNA6	68	18	6
RNA11_1	58	8	5
RNA15_F	26	0	2628
SSUA	124	3	5
RNA42	50	1	1
RNA3	99	11	1
RNA6	68	19	1
RNA11_1	58	9	11
RNA15_F	26	1	39
SSUA	124	4	2
RNA15_F	26	2	135
SSUA	124	5	6
RNA3	99	13	1
SSUA	124	6	8
RNA33_F	138	7	1
SSUA	124	7	7
RNA42	50	5	1
RNA16	93	1	1
SSUA	124	9	1
RNA3	99	17	2
RNA11_F	110	14	3
RNA3	99	18	1
RNA42	50	9	1
RNA13	53	20	27
RNA13	53	22	37
RNA39	120	0	1
RNA13	53	23	3
RNA7	103	10	12
RNA7	103	11	8
RNA34_F	71	0	133
RNA13	53	25	1
RNA7	103	12	5
RNA34_F	71	1	30
RNA7	103	13	4
RNA34_F	71	2	9
RNA7	103	14	1
SSUD	115	0	20
RNA34_F	71	3	20
RNA7	103	15	4
RNA34_F	71	4	21
RNA14	84	0	5
SSUD	115	1	5
RNA7	103	16	4
SSUD	115	2	3
RNA34_F	71	5	11
SSUD	81	10	837
RNA14	84	1	11
RNA7	103	17	2
LSUB	72	15	1
SSUD	115	3	3
SSUD	81	11	143
RNA34_F	71	6	56
RNA14	84	2	1
RNA7	103	18	4
SSUD	115	4	2
RNA34_F	71	7	1463
SSUD	81	12	1151
RNA7	103	19	1
RNA34_F	71	8	900
SSUD	81	13	39
RNA14	84	4	2
SSUD	115	5	4
RNA5_F	81	0	989
SSUD	115	6	1
RNA34_F	71	9	60
SSUD	81	14	20
RNA14	84	5	1
RNA5_F	81	1	36
SSUB	112	10	2
SSUD	81	15	1269
RNA14	84	6	2
SSUD	81	16	264
RNA5_F	81	3	3
SSUD	81	17	29
RNA14	84	8	13
RNA5_F	81	4	1
SSUB	112	13	4
SSUD	81	18	7
RNA14	84	9	1
SSUD	81	19	7
LSUC	32	10	2
RNA5_F	81	6	2
RNA13	73	0	1
LSUC	32	11	292
RNA5_F	81	7	1
LSUC	32	12	4
RNA5_F	81	8	4
LSUC	32	13	2
RNA5_F	81	9	3
RNA23t_F	59	0	231
RNA23t_F	59	1	42
RNA13	73	4	1
RNA28	35	0	1
RNA23t_F	59	2	14
RNA29	79	10	2
RNA23t_F	59	3	7
RNA23t_F	59	4	9
RNA23t_F	59	5	1
RNA29	79	13	3
RNA23t_F	59	6	24
RNA29	79	14	1
RNA5_F	138	10	4
RNA23t_F	59	7	4
RNA5_F	138	11	7
RNA28	62	20	4
RNA29	79	16	1
RNA5_F	138	12	9
RNA17	71	30	2
RNA28	62	21	1
RNA13	150	76	1
RNA33_F	65	0	4
RNA10_2	31	4	1
RNA10_1	33	0	15
RNA19	48	20	10
RNA10_2	31	5	1
RNA10_1	33	1	1
RNA33_F	65	6	1
RNA43	64	0	1
RNA30	57	26	34
RNA10_1	33	3	8
SSUF_2	67	10	131
SSUF_2	67	11	166
SSUF_2	67	12	33093
SSUF_2	67	13	545
SSUF_2	67	14	73
SSUF_2	67	15	190
SSUA	127	0	131
SSUF_2	67	16	4
SSUF_1	50	20	199
SSUA	127	1	59
SSUF_2	67	17	7
SSUF_1	50	21	5
SSUA	127	2	18
SSUF_2	67	18	1
SSUF_1	50	22	2
RNA42	53	0	3
RNA15_F	29	0	278923
SSUA	127	3	21
SSUF_1	50	23	1
RNA15_F	29	1	19895
SSUA	127	4	20
RNA15_F	29	2	21429
SSUA	127	5	25
RNA15_F	29	3	494
SSUA	127	6	11
RNA15_F	29	4	394
SSUA	127	7	10
RNA16	96	0	1
RNA15_F	29	5	526
SSUA	127	8	9
RNA23t_F	130	0	5
SSUA	127	9	7
SSUF_2	110	15	2
RNA3	125	16	1
RNA23t_F	130	2	2
RNA23t_F	130	3	3
RNA34_1	83	12	1
RNA34_1	83	14	1
RNA41	42	0	1
RNA34_F	74	0	585
RNA34_F	74	1	97
RNA34_F	74	2	43
RNA34_F	74	3	61
RNA2	112	0	1
SSUD	118	0	11
RNA34_F	74	4	64
RNA14	87	0	8
RNA11_1	42	0	24
SSUD	118	2	1
RNA34_F	74	5	43
RNA14	87	1	1
RNA11_1	42	1	11
SSUD	118	3	1
RNA34_F	74	6	50
RNA33_F	83	12	2
RNA11_1	42	2	53
SSUD	118	4	1
RNA34_F	74	7	25
RNA33_F	83	13	2
RNA14	87	3	1
RNA11_1	42	3	6
SSUD	118	5	7
RNA11_1	42	4	1
RNA34_F	74	8	43
RNA14	87	4	2
RNA5_F	84	0	428
SSUD	118	6	2
RNA34_F	74	9	212
RNA14	87	5	1
RNA11_1	42	5	10
RNA5_F	84	1	1532
RNA42	96	18	1
RNA14	87	6	1
RNA11_1	42	6	3
RNA5_F	84	2	4
RNA14	87	7	3
RNA11_1	42	7	8
RNA7	103	20	1
RNA5_F	84	3	32
SSUD	118	9	1
RNA14	87	8	5
RNA11_1	42	8	147
RNA7	103	21	3
RNA5_F	84	4	8
RNA11_1	42	9	153
RNA7	103	22	3
RNA5_F	84	5	1
RNA7	103	23	87
RNA5_F	84	6	1
RNA7	103	24	238
RNA7	103	25	3
RNA5_F	84	8	3
RNA29	36	0	124
RNA5_F	84	9	5
SSUD	81	20	2
RNA13	76	3	1
SSUD	81	21	3
RNA13	129	3	1
SSUD	81	22	1
SSUD	81	23	11
SSUA	138	25	8
RNA33_F	68	0	1
RNA11_F	121	0	6
RNA33_F	68	2	1
RNA32_F	40	7	1
RNA32_F	40	8	1
RNA10_1	36	0	10
RNA32_F	40	9	4
RNA10_1	36	1	9
RNA43	67	0	5
RNA10_1	36	2	3
RNA10_2	34	7	10
RNA10_1	36	3	67
RNA10_1	36	4	2
RNA5_F	89	10	29
RNA33_F	68	9	1
RNA10_1	36	5	10
RNA5_F	89	11	55
RNA10_1	36	6	14
RNA5_F	89	12	23
RNA5_F	89	13	14
RNA5_F	89	14	7
RNA15_1	94	0	1
RNA5_F	89	15	2
RNA23t_1	35	10	45
RNA5_F	89	16	2
RNA23t_1	35	11	4
RNA5_F	89	17	1
RNA23t_1	35	12	4
RNA42	56	0	1
SSUF_2	67	20	1
SSUF_2	67	21	4
SSUF_2	67	22	1
RNA42	56	9	1
RNA34_F	77	0	1814
RNA34_F	77	1	341
RNA34_F	77	2	195
RNA34_F	77	3	155
RNA2	115	0	3
RNA34_F	77	4	155
RNA11_1	45	0	75
RNA17	91	0	3
RNA34_F	77	5	157
RNA11_1	45	1	54
RNA34_F	77	6	126
RNA11_1	45	2	3
RNA34_F	77	7	149
RNA11_1	45	3	5
RNA5_F	87	0	33
RNA17	91	3	1
RNA34_F	77	8	130
RNA11_1	45	4	19
RNA5_F	87	1	4
RNA17	91	4	1
RNA34_F	77	9	184
RNA13	52	10	21
RNA11_1	45	5	109
SSUA	111	0	14
RNA5_F	87	2	1
RNA17	91	5	1
RNA13	52	11	30
RNA34_1	83	26	8
RNA11_1	45	6	11
RNA5_F	87	3	23
RNA13	52	12	27
RNA34_1	83	27	4
RNA11_1	45	7	9
SSUA	111	2	1
RNA5_F	87	4	5011
RNA13	52	13	11
RNA11_1	45	8	38
SSUA	111	3	1
RNA5_F	87	5	39
RNA13	52	14	24
RNA11_1	45	9	14
RNA5_F	87	6	14
RNA13	52	15	2
SSUA	111	5	1
RNA13	79	0	1
RNA5_F	87	7	5
RNA35	34	10	3
RNA13	52	16	25
RNA5_F	87	8	7
RNA29	39	0	93
RNA35	34	11	11
RNA13	52	17	50
RNA5_F	87	9	3
RNA29	39	1	1
RNA8	134	27	2
RNA35	34	12	970
RNA13	52	18	4468
RNA30	150	0	8
RNA35	34	13	11
RNA13	52	19	43
RNA30	150	1	1
RNA29	39	3	5
RNA35	34	14	1
RNA30	150	2	1
RNA35	34	15	2
RNA30	150	3	2
RNA35	34	16	11
SSUE_2	47	10	4
SSUF_2	80	0	15
RNA35	34	17	8
SSUE_2	47	11	2
RNA13	79	8	1
SSUF_2	80	1	2
SSUE_2	47	12	2
RNA13	79	9	2
SSUF_2	80	2	7
SSUE_2	47	13	11
SSUF_2	80	3	4
RNA10_F	92	10	21
RNA32_F	43	0	1
SSUE_2	47	14	1
SSUF_2	80	4	8
RNA10_F	92	11	3
SSUE_2	47	15	1
SSUF_2	80	5	2
RNA10_F	92	12	4
SSUE_2	47	16	3
RNA10_F	92	13	3
SSUE_2	47	17	5
RNA10_F	92	14	2
SSUE_2	47	18	10
RNA28	144	23	1
SSUF_2	80	8	1
RNA10_2	37	0	1
SSUD	102	0	174
RNA11_F	124	0	2
RNA32_F	43	5	1
SSUF_2	80	9	2
RNA14	71	0	73
SSUD	102	1	12
RNA14	71	1	35
SSUD	102	2	29
SSUD	102	3	44
RNA32_F	43	8	1
RNA14	71	3	7
SSUD	102	4	48
RNA10_1	39	0	1013
RNA32_F	43	9	1
RNA14	71	4	3
SSUD	102	5	63
RNA10_1	39	1	73
RNA14	71	5	3
SSUD	102	6	15
RNA11_F	124	6	1
RNA10_1	39	2	52
SSUD	102	7	4
RNA14	71	6	2
RNA10_1	39	3	37
RNA14	71	7	1
RNA10_1	39	4	60
RNA14	71	8	3
SSUD	102	9	1
RNA10_1	39	5	83
RNA10_1	39	6	14055
RNA10_1	39	7	19
RNA13	60	0	8
RNA10_1	39	8	5
RNA13	113	0	1
RNA10_1	39	9	10
RNA13	60	2	3
RNA30	56	10	1
RNA13	60	3	5
RNA30	56	11	1
RNA13	60	4	1
RNA30	56	12	1
RNA28	61	18	1
RNA30	56	13	6
RNA13	60	6	1
RNA28	61	19	4
RNA30	56	14	1
RNA13	113	6	1
RNA30	56	15	1
LSUB	39	10	98
RNA13	60	8	1
RNA10_1	73	10	2
RNA30	56	16	9
LSUB	39	11	63
RNA13	60	9	1
RNA10_1	73	11	6
RNA30	56	17	14
RNA23t_F	136	0	1
LSUB	39	12	43
RNA10_1	73	12	1
LSUB	39	13	8353
RNA15_1	115	0	1
LSUB	39	14	131
LSUB	39	15	21
LSUB	39	16	11
LSUB	39	17	2
LSUB	39	18	5
RNA16	78	13	1
RNA43	51	0	1
RNA2	118	0	6
RNA43	51	2	1
RNA43	51	3	1
RNA11_1	48	0	108
RNA17	94	0	3
RNA11_1	48	1	15
RNA11_1	48	2	8
RNA11_1	48	3	7
RNA43	150	0	3
RNA11_1	48	4	18
SSUA	114	0	33
RNA43	150	1	1
RNA11_1	48	5	8
SSUA	114	1	142
RNA17	94	5	1
RNA43	150	2	3
RNA11_1	48	6	14
SSUA	114	2	1
RNA17	94	6	1
RNA43	150	3	2
RNA11_1	48	7	45
RNA42	40	0	45
RNA3	98	10	5
RNA11_1	48	8	517
RNA42	40	1	16
RNA43	150	5	1
RNA11_1	48	9	88
RNA42	40	2	9
SSUA	114	5	2
RNA3	98	12	3
RNA42	40	3	2
RNA42	40	4	2
RNA14	69	10	2
RNA42	40	5	3
RNA42	40	6	2
SSUA	114	9	1
RNA14	69	12	17
RNA3	98	16	1
RNA42	40	7	2
RNA14	69	13	10
RNA3	98	17	1
RNA42	40	8	1
RNA3	98	18	1
RNA42	40	9	3
RNA32_1	44	17	2
SSUF_2	83	0	5
RNA14	69	16	1
RNA13	52	20	4
SSUF_2	83	1	2
RNA13	52	21	87
RNA34_1	122	7	1
SSUF_2	83	2	5
RNA13	52	22	3
RNA32_F	46	0	2
SSUF_2	83	3	9
RNA39	110	0	1
RNA7	102	10	5
RNA13	52	24	1
RNA7	102	11	5
RNA34_F	61	0	209
SSUF_2	83	5	3
RNA7	102	12	4
RNA34_F	61	1	24
SSUF_2	83	6	2
RNA7	102	13	7
RNA34_F	61	2	64
SSUF_2	83	7	3
RNA7	102	14	4
RNA34_F	61	3	9
SSUF_2	83	8	1
SSUD	105	0	123
RNA11_F	127	0	1
RNA7	102	15	5
RNA14	74	0	33
SSUD	105	1	20
RNA7	102	16	1
LSUB	71	15	1
SSUD	80	10	159
RNA14	74	1	1
SSUD	105	2	17
RNA7	102	17	3
LSUB	71	16	1
RNA6	129	42	1
SSUD	80	11	1127
SSUD	105	3	20
RNA7	102	18	3
SSUD	80	12	34
RNA14	74	3	1
SSUD	105	4	9
RNA7	102	19	2
SSUD	80	13	22
SSUD	105	5	19
RNA5_F	71	0	74
SSUD	105	6	5
LSUB	71	19	1
SSUD	80	14	1766
SSUD	105	7	2
SSUB	111	11	5
SSUD	80	15	401
RNA43	56	11	2
SSUD	80	16	32
SSUB	111	12	4
RNA14	74	7	2
SSUD	80	17	10
RNA14	74	8	1
RNA5_F	71	4	2
SSUD	80	18	14
RNA43	56	14	2
SSUD	80	19	3
LSUC	31	10	308
RNA43	56	15	3
RNA13	63	0	1
LSUC	31	11	2
RNA43	56	16	4
RNA30	150	15	1
RNA13	63	1	2
LSUC	31	12	5
SSUE_2	47	29	1
RNA13	63	2	1
RNA30	150	17	2
RNA13	63	5	1
RNA29	78	12	5
RNA29	78	13	1
RNA14	146	13	1
RNA29	78	14	1
RNA5_F	137	10	1
RNA13	63	9	1
RNA29	78	15	2
RNA5_F	137	11	9
RNA28	61	20	1
RNA29	78	18	1
RNA23t_F	139	3	1
RNA17	70	18	1
RNA17	70	19	1
RNA5_F	137	17	1
RNA30	56	25	61
RNA43	54	0	2
RNA16	107	1	1
SSUF_2	66	10	393
SSUF_2	66	11	72558
SSUF_2	66	12	877
RNA43	54	4	1
RNA17	97	0	1
SSUF_2	66	13	130
SSUF_2	66	14	353
SSUF_2	66	15	14
SSUF_2	66	16	7
SSUA	117	0	2
RNA43	54	9	4
SSUF_2	66	18	2
RNA42	43	0	19
SSUF_2	66	19	7
SSUA	117	3	1
RNA17	97	7	1
RNA42	43	1	1
SSUA	117	4	160
RNA42	43	2	1
RNA31_F	127	10	1
SSUA	117	5	5
RNA42	43	3	1
SSUA	117	6	2
SSUA	117	8	4
RNA42	43	6	1
RNA34_1	82	10	1
RNA42	43	7	2
RNA42	43	8	1
RNA34_1	82	13	3
SSUF_2	86	0	7
RNA34_1	82	14	1
SSUF_2	86	1	1
SSUF_2	86	2	2
RNA34_1	82	17	1
SSUF_2	86	4	2
RNA34_F	64	0	533
SSUF_2	86	5	3
RNA34_F	64	1	337
SSUF_2	86	6	3
RNA42	95	10	1
RNA34_F	64	2	3
RNA8	133	15	1
RNA33_F	125	0	1
RNA32_F	49	5	1
RNA34_F	64	3	6
SSUD	108	0	79
RNA34_F	64	4	18
RNA14	77	0	20
RNA11_1	32	0	14
SSUD	108	1	13
RNA34_F	64	5	4
RNA8	133	18	1
RNA33_F	82	11	7
RNA14	77	1	40
RNA11_1	32	1	6
SSUD	108	2	8
SSUD	108	3	9
RNA34_F	64	6	3
RNA11_1	32	2	14
SSUD	108	4	7
RNA5_F	74	0	50
SSUD	108	5	17
SSUD	108	6	9
RNA16	80	0	1
RNA14	77	5	1
SSUD	108	7	3
RNA15_1	49	10	6
RNA15_1	49	11	3
RNA33_F	125	9	1
RNA14	77	8	1
RNA15_1	49	12	1
RNA7	102	21	1
RNA15_1	49	13	3
RNA7	102	22	106
RNA15_1	49	14	2
RNA16	80	5	1
RNA7	102	23	292
RNA13	66	0	1
RNA5_F	74	7	1
RNA15_1	49	15	1
RNA7	102	24	2
RNA13	66	1	4
RNA15_1	49	16	2
RNA13	66	2	2
RNA15_1	49	17	2
SSUD	80	20	6
RNA15_1	49	18	2
SSUD	80	21	4
SSUD	80	22	24
SSUA	137	24	22
SSUE_2	47	30	1
RNA13	66	7	1
RNA40	86	14	1
RNA29	107	0	3
RNA11_F	111	0	17
RNA11_F	111	1	1
RNA33_F	58	2	1
RNA29	107	5	1
RNA17	70	20	2
RNA11_F	111	4	1
RNA11_F	111	5	2
RNA11_F	111	6	2
RNA5_1	102	13	1
RNA5_F	88	10	12
RNA11_F	111	9	1
RNA5_F	88	11	82
RNA5_F	88	12	28
RNA5_F	88	13	8
RNA17	70	29	3
RNA5_F	88	14	3
RNA19	47	12	97
RNA5_F	88	15	7
RNA23t_1	34	10	6
RNA43	57	8	2
RNA19	47	13	195
RNA5_F	88	16	2
RNA23t_1	34	11	2
RNA43	57	9	1
RNA19	47	14	2
RNA42	46	0	7
RNA19	47	16	3
RNA42	46	1	2
RNA19	47	19	7
SSUF_2	66	20	3
SSUF_2	66	22	1
RNA23t_F	123	2	2
RNA23t_F	123	3	1
SSUF_2	89	0	21
RNA6	67	10	8
RNA6	67	11	2190
SSUF_2	89	3	1
RNA6	67	12	99
SSUF_2	89	4	4
RNA34_F	67	0	48
RNA6	67	13	49
SSUF_2	89	5	1
SSUE_1	50	0	1
RNA34_F	67	1	2
RNA6	67	14	15
RNA1	119	11	2
RNA34_F	67	2	22
RNA6	67	15	13
RNA1	119	12	1
RNA34_F	67	3	1027
RNA6	67	16	9
RNA34_F	67	4	2313
RNA6	67	17	5
RNA1	119	14	4
RNA11_1	35	0	23
RNA34_F	67	5	25
RNA6	67	18	2
RNA11_1	35	1	63
SSUF_1	78	0	1
RNA34_F	67	6	6
RNA11_1	35	2	8
RNA5_1	69	14	5
RNA34_F	67	7	11
RNA11_1	35	3	5
RNA5_F	77	0	203
RNA34_F	67	8	9
RNA34_F	69	10	43
RNA5_1	69	16	12
SSUA	101	0	2
RNA5_F	77	1	3
RNA34_F	67	9	15
RNA34_F	69	11	55
RNA13	51	10	37
RNA1	119	19	5
RNA34_1	82	25	20
RNA16	83	0	1
SSUE_1	50	9	1
RNA8	133	20	1
RNA13	51	11	53
RNA34_1	82	26	8
RNA5_1	69	18	3
RNA13	51	12	39
SSUA	101	3	22
RNA5_F	77	4	1
RNA13	51	13	55
RNA13	51	14	3
RNA13	51	15	31
RNA13	69	0	2
RNA13	51	16	79
RNA16	83	6	1
RNA13	69	1	3
RNA8	133	26	1
RNA13	51	17	8896
RNA8	133	27	1
RNA13	51	18	140
RNA13	51	19	6
RNA14	69	34	4
SSUE_2	46	10	5
RNA13	69	7	1
SSUF_2	70	0	637
RNA11_F	79	10	97
SSUE_2	46	11	2
RNA13	69	8	1
SSUF_2	70	1	103
RNA15_1	49	20	1
RNA11_F	79	11	136
SSUE_2	46	12	9
SSUF_2	70	2	52
RNA11_F	79	12	630
SSUE_2	46	13	6
SSUF_2	70	3	62
RNA15_1	49	22	63
RNA11_F	79	13	212
SSUE_2	46	14	2
SSUF_2	70	4	50
RNA11_F	79	14	68
SSUE_2	46	15	2
RNA32_F	33	2	1
SSUF_2	70	5	51
RNA15_1	49	24	1
RNA11_F	79	15	218
SSUE_2	46	16	13
RNA32_F	33	3	3
SSUF_2	70	6	81
RNA11_F	79	16	97
SSUE_2	46	17	27
RNA32_F	33	4	18
SSUF_2	70	7	72
RNA15_1	49	26	2
RNA11_F	79	17	316
SSUE_2	46	18	1
RNA32_F	33	5	3
SSUF_2	70	8	64
RNA11_F	79	18	223
RNA11_F	114	0	11
SSUF_2	70	9	94
RNA14	61	0	159
RNA11_F	79	19	61
RNA14	61	1	34
RNA14	61	2	68
RNA11_F	114	4	2
RNA14	61	3	24
RNA10_1	29	0	1
RNA14	61	4	83
RNA14	61	5	20
RNA11_F	114	6	1
RNA10_1	29	2	1
RNA14	61	6	8
RNA14	61	7	6
RNA14	61	8	8
RNA14	61	9	8
RNA28	60	12	1
RNA13	50	0	618
RNA28	60	13	1
RNA13	50	1	227
RNA13	50	2	77
RNA30	55	10	2
RNA13	50	3	117
RNA30	55	11	4
RNA13	50	4	132
RNA42	49	0	3
RNA28	60	17	1
RNA30	55	12	4
RNA13	50	5	128
RNA42	49	1	1
RNA28	60	18	3
RNA13	50	6	112
RNA28	60	19	2
RNA29	78	33	2
RNA30	55	14	3
RNA13	50	7	58
RNA30	55	15	11
RNA13	50	8	63
RNA10_1	72	10	7
RNA30	55	16	16
RNA13	50	9	40
RNA30	55	17	5
RNA32_F	62	13	1
RNA30	55	19	2
RNA42	49	9	1
RNA18	95	0	1
RNA16	77	13	1
RNA43	41	0	10
RNA16	77	17	1
RNA11_1	38	0	15
RNA11_1	38	1	45
RNA11_1	38	2	1
RNA11_1	38	3	4
RNA43	41	6	1
RNA11_1	38	4	34
RNA11_1	38	5	35
SSUA	104	0	10
RNA11_1	38	6	5
RNA43	41	9	1
SSUA	104	2	1
RNA3	97	11	4
RNA3	97	12	1
SSUA	104	6	4
RNA42	30	4	2
RNA14	68	11	12
RNA14	68	12	3
RNA3	97	16	7
RNA42	30	7	2
RNA3	97	17	1
RNA42	30	8	1
RNA14	68	14	1
RNA42	30	9	4
SSUF_2	73	0	176
RNA13	51	20	142
SSUF_2	73	1	27
RNA13	51	21	13
RNA2	102	0	3
SSUF_2	73	2	15
RNA13	51	22	2
RNA32_F	36	0	1
SSUF_2	73	3	16
SSUF_2	73	4	19
LSUB	70	10	3
SSUF_2	73	5	12
SSUF_2	73	6	35
RNA32_F	36	4	10
SSUF_2	73	7	27
RNA32_F	36	5	29
SSUF_2	73	8	29
RNA11_F	117	0	7
LSUB	70	14	4
RNA32_F	36	6	1
SSUF_2	73	9	47
RNA14	64	0	59
RNA11_F	117	1	3
RNA32_F	36	7	1
RNA14	64	1	18
SSUA	136	12	1
RNA14	64	2	71
SSUF_1	62	0	19
LSUB	70	17	1
RNA14	64	3	52
RNA11_F	79	20	146
RNA14	64	4	35
SSUA	136	15	1
SSUF_1	62	2	3
RNA43	55	10	3
SSUB	110	10	7
RNA11_F	79	21	11026
RNA14	64	5	35
SSUF_1	62	3	1
RNA11_F	117	6	2
SSUB	110	11	1
RNA11_F	79	22	156
RNA14	64	6	9
SSUB	110	12	1
RNA11_F	79	23	18
RNA14	64	7	59
RNA43	55	13	2
RNA11_F	79	24	140
RNA14	64	8	6
SSUF_1	62	6	2
RNA43	55	14	5
RNA11_F	79	25	32
RNA14	64	9	5
SSUF_1	62	7	1
LSUC	30	10	1
RNA43	55	15	1
SSUF_1	62	8	2
LSUC	30	11	4
RNA13	53	0	279
RNA13	53	1	154
RNA43	55	18	1
RNA13	53	2	31
RNA13	53	3	38
RNA13	53	4	31
RNA29	77	10	1
RNA13	53	5	34
RNA29	77	11	3
RNA13	53	6	27
RNA29	77	12	2
RNA13	53	7	25
RNA29	77	13	4
RNA13	53	8	28
RNA29	77	14	2
RNA5_F	136	10	8
RNA13	53	9	30
RNA33_2	114	0	2
RNA23t_F	129	0	2
RNA28	60	20	1
RNA29	77	16	1
RNA23t_F	129	1	6
RNA23t_F	129	2	5
RNA29	77	18	2
RNA18	98	0	1
RNA5_F	136	16	3
RNA15_1	108	4	1
RNA30	55	21	1
RNA30	55	24	83
RNA43	44	1	1
SSUF_2	65	10	136056
SSUF_2	65	11	1412
SSUF_2	65	12	203
SSUF_2	65	13	683
SSUF_2	65	14	33
SSUF_2	65	15	8
RNA16	89	0	1
SSUF_2	65	16	1
SSUA	107	0	18
SSUF_2	65	17	2
SSUF_2	65	18	2
RNA42	33	0	5
SSUF_2	65	19	10
SSUA	107	3	1
RNA42	33	1	3
RNA15_F	67	12	1
RNA23t_F	110	0	2
RNA42	33	6	2
SSUA	107	9	2
RNA23t_F	110	1	10
RNA42	33	7	23
RNA42	33	8	2
RNA42	33	9	1
RNA16	118	18	1
SSUF_2	76	0	59
SSUF_2	76	1	11
SSUF_2	76	2	10
RNA32_F	39	0	1
SSUF_2	76	3	8
RNA17	81	1	1
RNA8	132	12	2
SSUF_2	76	4	11
RNA17	81	2	1
SSUF_2	76	5	4
RNA32_F	39	3	1
RNA8	132	14	3
SSUF_2	76	6	12
SSUF_2	76	7	19
RNA32_F	39	5	1
SSUF_2	76	8	30
RNA17	81	6	2
RNA32_F	39	6	4
RNA33_F	81	10	11
SSUF_2	76	9	13
RNA14	67	0	86
RNA8	132	18	1
RNA14	67	1	18
SSUF_1	65	0	3
RNA32_F	39	8	2
RNA14	67	2	28
SSUF_1	65	1	2
RNA32_F	39	9	1
RNA14	67	3	21
SSUF_1	65	2	2
RNA35	33	10	18
RNA14	67	4	21
RNA35	33	11	2450
RNA16	70	0	4
RNA14	67	5	31
RNA35	33	12	12
RNA15_1	48	10	2
RNA14	67	6	17
SSUF_1	65	5	1
RNA35	33	13	2
RNA15_1	48	11	2
RNA14	67	7	2
RNA15_1	48	12	2
RNA33_F	81	18	1
RNA14	67	8	3
RNA35	33	15	14
RNA15_1	48	13	1
SSUF_1	65	8	1
RNA35	33	16	19
RNA15_1	48	14	2
RNA13	56	0	33
RNA13	56	1	15
RNA40	136	11	1
RNA15_1	48	16	1
RNA13	56	2	5
RNA40	136	12	1
RNA15_1	48	17	2
SSUA	136	21	1
RNA13	56	3	2
RNA10_F	91	10	5
RNA15_1	48	18	4
RNA13	56	4	3
SSUA	136	23	27
RNA28	142	16	1
RNA13	56	5	6
RNA10_F	91	12	1
RNA13	56	6	3
RNA10_F	91	13	1
RNA13	56	7	6
RNA13	56	8	4
RNA10_2	27	0	6
RNA13	56	9	3
LSUB	91	0	1
RNA43	55	25	1
RNA11_F	101	0	205
LSUB	91	4	1
RNA11_F	101	1	3
RNA11_F	101	2	3
RNA11_F	101	3	4
RNA11_F	101	4	10
RNA11_F	101	5	23
SSUE_1	59	0	1
RNA43	47	0	4
RNA11_F	101	6	14
RNA11_F	101	7	1
RNA11_F	101	9	1
RNA19	46	10	2
RNA19	46	11	143
LSUB	38	10	97
RNA19	46	12	317
LSUB	38	11	71
RNA19	46	13	6
LSUB	38	12	12219
RNA19	46	14	1
RNA42	109	13	1
LSUB	38	13	173
RNA19	46	15	11
RNA42	36	0	20
LSUB	38	14	30
RNA42	36	1	6
LSUB	38	15	19
RNA19	46	17	6
LSUB	38	16	10
RNA19	46	18	12
RNA42	36	3	1
LSUB	38	17	8
RNA42	36	4	2
RNA42	36	5	2
SSUE_2	51	0	1
RNA30	149	0	1
RNA42	36	6	2
RNA23t_F	113	1	1
RNA30	117	10	1
RNA23t_F	113	2	1
RNA42	36	9	34
SSUE_2	51	5	1
SSUF_2	79	0	4
SSUF_2	79	1	2
RNA6	66	10	2131
SSUF_2	79	2	1
RNA17	84	0	3
RNA6	66	11	114
SSUF_2	79	3	3
RNA6	66	12	47
SSUF_2	79	4	5
RNA2	149	28	1
RNA6	66	13	21
RNA1	118	10	5
SSUF_2	79	5	1
SSUE_1	40	0	19
RNA17	84	3	1
RNA6	66	14	21
RNA1	118	11	1
SSUF_2	79	6	5
RNA31_F	99	11	1
SSUE_1	40	1	3
RNA17	84	4	1
RNA6	66	15	16
SSUF_2	79	7	3
SSUE_1	40	2	1
RNA17	84	5	1
RNA6	66	16	9
RNA1	118	13	2
RNA31_F	99	13	2
SSUE_1	40	3	2
RNA17	84	6	1
RNA6	66	17	3
SSUF_2	79	9	1
RNA31_F	99	14	2
RNA17	84	7	1
SSUE_1	40	5	1
RNA5_1	68	13	3
SSUF_1	68	0	1
SSUE_1	40	6	1
SSUE_1	40	7	2
RNA5_1	68	15	14
RNA5_F	67	0	57
RNA34_F	68	10	26
RNA1	118	18	11
SSUE_1	40	8	7
RNA16	73	0	1
SSUE_1	40	9	54
RNA5_1	68	17	6
RNA5_F	67	2	1
SSUF_1	68	8	1
RNA13	59	0	5
RNA8	132	25	5
RNA13	59	1	6
RNA13	59	2	4
RNA14	68	33	6
RNA16	73	9	1
RNA7	101	10	9
RNA7	101	11	5
RNA13	59	5	3
RNA7	101	12	7
RNA13	59	6	2
RNA7	101	13	7
SSUF_2	60	0	8208
RNA11_F	78	10	188
RNA7	101	14	4
SSUF_2	60	1	576
RNA11_F	78	11	650
RNA7	101	15	2
SSUF_2	60	2	26
RNA15_1	48	21	116
RNA11_F	78	12	264
RNA7	101	16	9
SSUF_2	60	3	233
RNA15_1	48	22	1
RNA11_F	78	13	129
RNA7	101	17	2
LSUB	94	0	1
SSUF_2	60	4	328
RNA11_F	78	14	388
SSUF_2	60	5	85957
RNA11_F	78	15	142
RNA7	101	19	1
SSUF_2	60	6	2724
RNA15_1	48	25	12
RNA11_F	78	16	375
SSUF_2	60	7	1383
RNA15_1	48	26	2
RNA11_F	78	17	295
SSUF_2	60	8	1423
RNA11_F	78	18	130
RNA11_F	104	0	78
SSUF_2	60	9	294
RNA14	51	0	9809
RNA11_F	78	19	326
RNA11_F	104	1	1
RNA14	51	1	1377
RNA15_1	48	29	1
RNA11_F	104	2	1
RNA14	51	2	706
RNA11_F	104	3	4
RNA14	51	3	635
RNA11_F	104	4	1
RNA14	51	4	511
RNA11_F	104	5	13
RNA14	51	5	553
RNA11_F	104	6	8
RNA13	106	1	3
RNA14	51	6	492
RNA11_F	104	7	1
RNA14	51	7	518
RNA14	51	8	566
RNA14	51	9	510
RNA30	54	10	6
RNA30	54	11	4
RNA42	39	0	55
RNA30	54	12	2
RNA42	39	1	8
RNA11_1	59	10	14
RNA29	77	32	2
RNA30	54	13	6
RNA42	39	2	6
RNA11_1	59	11	3
RNA30	54	14	14
RNA42	39	3	2
RNA32_F	61	10	1
RNA11_1	59	12	2
RNA30	54	15	14
RNA42	39	4	2
RNA11_1	59	13	8
RNA30	54	16	1
RNA42	39	5	3
RNA11_1	59	14	28
RNA30	54	17	2
RNA42	39	6	3
RNA11_1	59	15	56
RNA30	54	18	5
RNA42	39	7	2
RNA11_1	59	16	38
RNA30	54	19	2
RNA42	39	8	2
RNA11_1	59	17	58
RNA42	39	9	3
RNA11_1	59	18	52
RNA11_1	59	19	205
RNA17	87	0	1
RNA17	87	2	2
RNA16	76	16	1
SSUE_1	43	0	30
RNA15_1	71	0	2
RNA43	31	0	1
RNA17	87	3	1
RNA23t_2	150	109	1
SSUE_1	43	1	4
SSUF_2	65	31	1
RNA17	87	5	3
RNA16	76	19	1
SSUE_1	43	3	1
RNA17	87	6	3
SSUE_1	43	4	1
SSUE_1	43	5	4
SSUE_1	43	6	7
RNA43	130	0	2
SSUE_1	43	8	1
RNA16	76	0	1
RNA43	31	8	2
SSUE_1	43	9	7
RNA34_1	81	11	2
RNA34_1	81	12	1
RNA1	118	21	2
RNA34_1	81	13	2
RNA31_F	99	21	1
RNA14	67	10	20
RNA16	76	8	1
RNA30	133	0	1
RNA14	67	11	6
RNA34_1	81	17	2
RNA30	133	2	1
RNA14	67	13	1
RNA32_1	42	15	2
RNA14	67	14	1
RNA14	67	15	1
RNA42	94	10	2
SSUF_2	63	0	22577
SSUF_2	63	1	4027
RNA14	67	17	1
SSUF_2	63	2	1704
SSUF_2	63	3	1616
RNA14	67	19	2
RNA42	94	14	1
SSUF_2	63	4	2148
SSUF_2	63	5	1272
RNA42	94	16	1
LSUB	97	2	2
SSUF_2	63	6	1500
RNA10_F	138	11	1
SSUF_2	63	7	1803
RNA11_F	107	0	63
SSUF_2	63	8	530580
SSUA	135	10	3
LSUB	97	5	1
SSUF_2	63	9	2772
RNA14	54	0	8262
RNA7	101	20	1
RNA14	54	1	1548
SSUA	135	12	1
RNA7	101	21	112
SSUF_1	52	0	106
RNA14	54	2	872
RNA7	101	22	332
SSUF_1	52	1	22
RNA11_F	107	4	2
RNA14	54	3	1119
SSUA	135	14	1
RNA7	101	23	4
SSUF_1	52	2	3
RNA11_F	107	5	3
RNA11_F	78	20	23246
RNA14	54	4	1219
SSUA	135	15	1
SSUF_1	52	3	41
RNA11_F	107	6	2
RNA30	94	0	2
RNA11_F	78	21	284
RNA14	54	5	1458
SSUA	135	16	1
SSUF_1	52	4	31
RNA30	94	1	4
RNA11_F	78	22	39
RNA14	54	6	1483
SSUF_1	52	5	58
RNA43	54	12	1
RNA11_F	78	23	277
RNA14	54	7	999
SSUA	135	18	1
SSUF_1	52	6	121
RNA43	54	13	4
RNA13	109	3	1
RNA11_F	78	24	43
RNA14	54	8	838
RNA11_F	78	25	1
SSUF_1	52	7	104
RNA43	54	14	4
RNA14	54	9	691
SSUF_1	52	8	165
RNA30	94	5	2
SSUF_1	52	9	287
LSUB	70	44	1
RNA29	76	10	2
RNA29	76	11	4
RNA14	144	11	3
RNA29	76	12	1
RNA29	76	13	1
RNA29	76	14	4
RNA29	76	15	1
RNA5_F	135	12	1
RNA29	76	16	1
RNA5_F	135	15	5
RNA29	76	19	3
RNA5_F	87	10	26
RNA30	54	21	1
RNA1	150	42	1
RNA5_F	87	11	47
RNA30	54	22	1
RNA11_1	59	20	19
RNA5_F	87	12	20
RNA30	54	23	175
RNA11_1	59	21	3
RNA5_F	87	13	8
RNA30	54	24	1
SSUE_1	46	0	18
RNA41	45	15	1
RNA11_1	59	22	7
RNA5_F	87	14	8
RNA43	34	0	9
SSUE_1	46	1	8
RNA11_1	59	23	1
RNA5_F	87	15	4
RNA43	34	1	3
SSUE_1	46	2	1
RNA11_1	59	24	1
SSUF_2	64	10	2122
SSUE_1	46	3	2
SSUF_2	64	11	395
SSUE_1	46	4	1
SSUF_2	64	12	1089
RNA11_1	59	26	2
SSUE_1	46	5	1
SSUF_2	64	13	74
RNA43	34	5	1
SSUE_1	46	6	1
SSUF_2	64	14	12
SSUE_1	46	7	2
LSUB	125	13	2
SSUF_2	64	15	7
SSUE_1	46	8	1
SSUF_2	64	16	2
SSUE_1	46	9	2
SSUF_2	64	17	3
SSUF_2	64	18	16
RNA23t_F	100	0	1
RNA23t_F	100	5	1
SSUF_2	66	0	8012
SSUF_2	66	1	1164
SSUF_2	66	2	465
RNA17	71	0	8
SSUF_2	66	3	416
RNA17	71	1	2
SSUF_2	66	4	298
RNA8	131	13	1
RNA17	71	2	3
SSUF_2	66	5	453
RNA34_1	81	24	78
SSUF_2	66	6	948
RNA33_F	105	0	3
RNA13	50	10	37
RNA34_1	81	25	17
SSUF_2	66	7	511
RNA17	71	5	2
RNA14	67	21	1
RNA13	50	11	22
RNA8	131	16	1
RNA34_1	81	26	2
SSUF_2	66	8	380
RNA17	71	6	1
RNA14	67	22	1
RNA13	50	12	67
RNA8	131	17	2
RNA33_F	80	10	1
SSUF_2	66	9	302
RNA14	57	0	2209
RNA17	71	7	1
RNA13	50	13	1
RNA14	57	1	219
SSUF_1	55	0	199
RNA13	50	14	44
RNA14	57	2	105
SSUF_1	55	1	12
RNA13	50	15	70
RNA14	57	3	136
SSUF_1	55	2	17
RNA35	32	10	6021
RNA13	50	16	8781
RNA14	57	4	133
SSUF_1	55	3	4
RNA30	97	0	2
RNA35	32	11	65
RNA13	50	17	263
RNA16	60	0	4
RNA14	57	5	204
SSUF_1	55	4	15
RNA35	32	12	5
RNA13	50	18	13
RNA15_1	47	10	6
RNA14	57	6	257
SSUF_1	55	5	9
RNA35	32	13	2
RNA13	50	19	158
RNA15_1	47	11	8
RNA14	57	7	166
SSUF_1	55	6	2112
RNA35	32	14	46
RNA15_1	47	12	3
RNA14	57	8	156
SSUF_1	55	7	304
RNA35	32	15	29
RNA15_1	47	13	3
RNA14	57	9	105
SSUF_1	55	8	216
RNA35	32	16	1
RNA15_1	47	14	11
SSUE_2	45	10	2
SSUF_1	55	9	78
RNA15_1	47	15	1
SSUE_2	45	11	9
RNA15_1	47	16	5
RNA16	60	7	3
SSUA	135	20	1
SSUE_2	45	12	3
RNA15_1	47	17	3
RNA16	60	8	1
SSUE_2	45	13	6
RNA10_F	90	10	5
SSUA	135	22	61
SSUE_2	45	14	11
RNA10_F	90	11	6
SSUE_2	45	15	9
RNA10_F	90	12	4
SSUE_2	45	16	29
RNA10_F	90	13	1
RNA40	145	0	6
SSUE_2	45	18	1
RNA43	54	22	1
RNA40	145	2	1
RNA10_F	90	17	2
LSUB	81	1	1
LSUB	81	3	1
RNA33_1	61	13	2
LSUB	81	8	1
RNA33_1	61	14	1
RNA13	40	0	98
SSUE_1	49	0	3
RNA43	37	0	10
RNA13	40	1	16
RNA43	37	1	1
RNA13	40	2	7
RNA13	40	3	1
RNA5_1	100	13	2
RNA13	40	4	9
RNA13	40	5	10
RNA19	45	10	158
RNA13	40	6	748
RNA19	45	11	512
RNA43	37	6	1
RNA13	40	7	34
SSUE_1	49	7	1
RNA19	45	12	9
LSUB	37	10	105
RNA13	40	8	27
SSUE_1	49	8	1
RNA19	45	13	1
RNA43	37	8	2
LSUB	37	11	20081
RNA13	40	9	112
RNA19	45	14	30
RNA10_1	71	11	1
LSUB	37	12	202
LSUB	37	13	32
RNA19	45	16	4
RNA1	150	53	2
LSUB	37	14	29
RNA19	45	17	19
LSUB	37	15	13
LSUB	37	16	21
SSUF_2	64	20	1
SSUE_2	41	0	14
SSUF_2	64	21	1
SSUE_2	41	1	1
SSUE_2	41	2	2
SSUE_2	41	3	4
SSUE_2	41	4	3
SSUE_2	41	5	1
SSUF_2	69	0	1072
SSUE_2	41	6	2
SSUF_2	69	1	175
SSUE_2	41	7	13
SSUF_2	69	2	77
RNA6	65	10	115
SSUE_2	41	8	6
SSUF_2	69	3	62
RNA17	74	0	2
RNA6	65	11	52
SSUE_2	41	9	7
SSUF_2	69	4	87
RNA2	148	27	1
RNA6	65	12	42
RNA1	117	10	2
SSUF_2	69	5	63
RNA31_F	98	10	1
RNA6	65	13	24
SSUE_1	30	0	12
RNA1	117	11	1
SSUF_2	69	6	127
RNA6	65	14	16
SSUE_1	30	1	19
RNA1	117	12	5
SSUF_2	69	7	55
RNA31_F	98	12	3
RNA6	65	15	11
RNA1	117	13	1
SSUF_2	69	8	110
RNA31_F	98	13	2
RNA6	65	16	7
SSUF_2	69	9	122
RNA17	74	7	1
RNA3	96	10	2
SSUF_1	58	0	145
RNA17	74	8	1
RNA1	117	17	10
SSUF_1	58	1	12
RNA3	96	12	1
SSUF_1	58	2	1
RNA3	96	13	2
RNA34_1	102	0	1
SSUF_1	58	3	1
RNA16	63	1	3
RNA3	96	15	8
SSUF_1	58	5	7
SSUF_1	58	6	3
RNA7	141	0	1
RNA3	96	17	1
SSUF_1	58	7	108
RNA16	63	5	1
SSUF_1	58	8	11
RNA8	131	24	7
RNA16	63	6	2
SSUF_1	58	9	464
RNA13	50	20	11
LSUC	95	0	1
RNA14	67	32	7
RNA33_F	80	20	2
RNA16	63	9	1
RNA7	100	10	2
RNA7	100	11	5
RNA7	100	13	5
RNA7	100	14	1
SSUF_2	50	0	1062
RNA11_F	77	10	815
RNA7	100	15	8
SSUF_2	50	1	44
RNA15_1	47	20	197
RNA11_F	77	11	404
RNA7	100	16	4
SSUF_2	50	2	6
RNA15_1	47	21	6
RNA11_F	77	12	270
RNA7	100	17	2
SSUF_2	50	3	11
RNA15_1	47	22	1
RNA11_F	77	13	805
SSUF_2	50	4	38
RNA31_1	79	10	1
RNA11_F	77	14	286
RNA7	100	19	5
SSUF_2	50	5	5
RNA15_1	47	24	4
RNA11_F	77	15	747
SSUF_2	50	6	56
RNA11_F	77	16	659
SSUF_2	50	7	20
RNA11_F	77	17	229
SSUF_2	50	8	16
RNA11_F	77	18	614
SSUF_2	50	9	6
RNA11_F	77	19	52359
RNA13	43	0	94
RNA13	43	1	35
RNA30	81	0	5
RNA13	43	2	6
RNA30	81	1	1
RNA13	43	3	9
RNA13	43	4	8
RNA13	43	5	17
RNA30	81	4	1
RNA30	81	5	1
RNA13	43	7	5
RNA13	43	8	10
RNA13	43	9	1323
RNA30	53	10	10
RNA33_2	78	19	1
RNA30	53	11	2
RNA30	53	12	3
RNA11_1	58	10	3
RNA30	53	13	13
RNA11_1	58	11	2
RNA30	53	14	36
RNA11_1	58	12	10
RNA11_1	58	13	21
SSUE_2	44	0	10
RNA43	139	9	1
RNA11_1	58	14	80
RNA30	53	17	5
RNA23t_2	49	11	1
SSUE_2	44	1	3
RNA23t_F	106	1	1
RNA11_1	58	15	39
RNA30	53	18	5
SSUE_2	44	2	1
RNA11_1	58	16	70
RNA30	53	19	3
RNA23t_2	49	13	1
SSUE_2	44	3	2
RNA11_1	58	17	55
SSUE_2	44	4	1
RNA11_1	58	18	360
SSUE_2	44	5	4
RNA11_1	58	19	31
SSUE_2	44	6	8
SSUE_2	44	7	1
SSUE_2	44	8	2
SSUE_2	44	9	1
RNA17	77	1	1
SSUE_1	33	0	4
SSUE_1	33	1	1
SSUE_1	33	2	1
SSUE_1	33	3	1
RNA15_1	61	3	1
RNA42	23	0	5
SSUE_1	33	4	19
RNA42	23	1	1
SSUE_1	33	7	1
SSUE_1	33	8	1
RNA16	66	0	1
RNA34_1	80	10	5
RNA7	144	0	2
RNA34_1	80	11	3
RNA1	117	20	2
RNA34_1	80	12	3
RNA31_F	98	20	2
RNA43	120	5	1
RNA34_1	80	13	2
RNA34_1	80	15	4
RNA30	123	0	2
RNA34_1	80	17	1
RNA16	66	9	4
RNA14	66	12	1
RNA7	144	7	1
RNA32_1	41	15	1
RNA30	123	2	1
RNA14	66	13	1
RNA34_1	80	19	2
RNA14	66	14	1
RNA42	93	10	1
SSUF_2	53	0	203
SSUF_2	53	1	653
RNA14	66	17	2
SSUF_2	53	2	44
SSUF_2	53	3	11
RNA14	66	19	1
LSUB	87	0	1
SSUF_2	53	4	4
SSUF_2	53	5	4
RNA42	93	16	1
SSUF_2	53	6	8
LSUB	87	3	1
SSUF_2	53	7	75
RNA8	131	37	1
SSUA	134	10	4
SSUF_2	53	8	11
SSUA	134	11	5
RNA7	100	20	171
SSUF_2	53	9	65
SSUA	134	12	1
RNA7	100	21	356
SSUA	134	13	1
RNA7	100	22	4
SSUF_1	42	0	569
SSUF_1	42	1	72
SSUF_1	42	2	31
RNA13	46	0	176
LSUB	87	9	1
RNA11_F	77	20	617
SSUF_1	42	3	27
RNA13	46	1	33
RNA30	84	0	2
RNA11_F	77	21	64
SSUA	134	17	3
SSUF_1	42	4	153
RNA13	46	2	29
RNA43	53	11	1
RNA11_F	77	22	790
SSUF_1	42	5	208
RNA13	46	3	27
RNA43	53	12	2
RNA11_F	77	23	150
SSUA	134	19	2
SSUF_1	42	6	160
RNA13	46	4	20
RNA43	53	13	2
SSUF_1	42	7	397
RNA13	46	5	22
SSUF_1	42	8	320
RNA13	46	6	22
SSUF_1	42	9	220
RNA13	46	7	13
RNA43	53	16	1
RNA30	84	6	2
RNA13	46	8	16
RNA13	46	9	2
RNA43	53	18	1
RNA19	89	1	2
RNA29	75	10	2
RNA29	75	11	4
RNA29	75	12	4
RNA29	75	13	10
RNA29	75	14	5
SSUE_2	47	0	9
RNA23t_F	109	0	4
RNA29	75	15	1
RNA29	75	16	2
RNA23t_1	89	23	1
SSUE_2	47	2	2
SSUE_2	47	5	2
SSUE_2	47	7	1
RNA5_F	86	10	30
RNA30	53	21	4
SSUE_2	47	8	7
RNA5_F	86	11	46
RNA30	53	22	407
RNA33_F	145	16	1
RNA37/38_F	96	0	1
SSUE_2	47	9	2
RNA11_1	58	20	7
RNA5_F	86	12	10
RNA30	53	23	3
RNA11_1	58	21	9
RNA5_F	86	13	21
RNA42	108	10	1
SSUE_1	36	0	3
RNA11_1	58	22	3
RNA5_F	86	14	5
SSUE_1	36	1	2
RNA11_1	58	23	2
RNA15_1	64	1	1
RNA11_1	58	24	1
RNA11_1	58	25	2
RNA42	26	0	1
SSUE_1	36	4	2
SSUE_1	36	5	5
SSUE_1	36	6	6
SSUE_1	36	7	50
RNA16	69	0	3
RNA7	147	0	1
RNA7	147	4	1
RNA15_F	65	15	1
RNA16	69	8	1
RNA7	147	6	2
RNA16	69	9	1
RNA31_F	124	16	1
RNA30	126	4	1
SSUF_2	56	0	1613
SSUF_2	56	1	6962
SSUF_2	56	2	68
SSUF_2	56	3	134
RNA5_1	67	12	5
RNA17	61	0	77
SSUF_2	56	4	152
RNA17	61	1	29
RNA8	130	12	2
RNA34_1	80	23	183
SSUF_2	56	5	26
RNA5_1	67	14	20
RNA17	61	2	14
RNA34_1	80	24	46
SSUF_2	56	6	14
RNA5_1	67	15	1
RNA17	61	3	12
RNA34_1	80	25	1
SSUF_2	56	7	3
RNA5_1	67	16	2
RNA17	61	4	6
SSUF_2	56	8	2
RNA5_1	67	17	1
RNA17	61	5	2
SSUF_2	56	9	25
RNA17	61	6	12
RNA17	61	7	10
SSUF_1	45	0	351
RNA17	61	8	8
RNA14	66	24	1
SSUF_1	45	1	96
RNA17	61	9	11
RNA14	66	25	1
SSUF_1	45	2	47
RNA13	49	0	465
RNA35	31	10	119
RNA16	50	0	6
SSUF_1	45	3	38
RNA13	49	1	155
RNA30	87	0	1
RNA35	31	11	4
RNA14	66	27	1
RNA15_1	46	10	6
RNA16	50	1	3
SSUF_1	45	4	26
RNA13	49	2	61
RNA35	31	12	4
RNA15_1	46	11	7
RNA16	50	2	5
SSUF_1	45	5	21
RNA13	49	3	79
RNA35	31	13	57
RNA15_1	46	12	2
RNA16	50	3	2
SSUF_1	45	6	36
RNA13	49	4	41
RNA35	31	14	35
RNA15_1	46	13	5
RNA16	50	4	5
SSUF_1	45	7	1593
RNA13	49	5	72
RNA35	31	15	4
RNA15_1	46	14	6
RNA16	50	5	1
SSUF_1	45	8	1262
RNA13	49	6	52
SSUE_2	44	10	6
RNA15_1	46	15	8
SSUF_1	45	9	141
RNA13	49	7	26
RNA30	87	6	1
SSUE_2	44	11	3
RNA15_1	46	16	4
SSUA	134	20	1
RNA13	49	8	23
SSUE_2	44	12	5
RNA16	50	8	2
SSUA	134	21	104
RNA13	49	9	30
SSUE_2	44	13	7
RNA16	50	9	2
SSUE_2	44	14	21
RNA15_1	46	19	264
SSUE_2	44	15	45
SSUE_2	44	16	2
RNA14	41	0	68
RNA39	102	17	1
RNA14	41	1	12
RNA14	41	2	12
RNA9	129	18	1
RNA14	41	3	4
RNA14	41	4	16
RNA14	41	5	11
RNA14	41	6	1194
RNA14	41	7	28
RNA14	41	8	6
RNA14	41	9	10
RNA13	30	0	1557
SSUE_1	39	0	14
RNA43	27	0	2
RNA13	30	1	823
RNA15_1	67	0	1
SSUE_1	39	1	2
RNA15_1	67	1	1
RNA19	44	10	799
SSUE_1	39	6	1
RNA19	44	11	9
RNA42	29	3	2
SSUE_1	39	7	2
LSUB	36	10	33166
SSUE_1	39	8	29
LSUB	36	11	283
RNA19	44	13	65
SSUE_1	39	9	25
LSUB	36	12	43
LSUB	36	13	51
RNA19	44	15	5
LSUB	36	14	27
RNA19	44	16	24
LSUB	36	15	29
SSUE_2	31	0	289
SSUE_2	31	1	465
SSUE_2	31	2	61
RNA16	75	15	1
SSUE_2	31	3	19
RNA16	75	16	1
SSUE_2	31	4	9
RNA16	75	17	1
SSUE_2	31	5	22
RNA16	75	18	1
SSUF_2	59	0	3044
SSUE_2	31	6	30
SSUF_2	59	1	20
SSUE_2	31	7	29
RNA6	64	10	52
SSUF_2	59	2	13
SSUE_2	31	8	12
RNA6	64	11	38
SSUF_2	59	3	94
RNA30	115	16	1
RNA17	64	0	17
SSUE_2	31	9	12
RNA6	64	12	33
SSUF_2	59	4	28610
RNA17	64	1	4
RNA6	64	13	21
RNA1	116	10	5
SSUF_2	59	5	1085
RNA17	64	2	6
RNA6	64	14	24
RNA1	116	11	3
SSUF_2	59	6	827
RNA31_F	97	11	1
RNA17	64	3	6
RNA6	64	15	7
SSUF_2	59	7	472
RNA31_F	97	12	1
RNA17	64	4	9
RNA6	64	16	2
SSUF_2	59	8	161
RNA17	64	5	2
RNA1	116	14	1
SSUF_2	59	9	50
RNA31_F	97	14	1
RNA17	64	6	5
RNA3	95	10	1
RNA17	64	7	2
RNA1	116	16	31
SSUF_1	48	0	243
RNA17	64	8	1
SSUF_1	48	1	37
RNA17	64	9	4
SSUF_1	48	2	22
RNA3	95	14	15
RNA1	116	19	1
RNA16	53	0	4
SSUF_1	48	3	13
RNA16	53	1	1
SSUF_1	48	4	21
RNA3	95	16	2
RNA16	53	2	1
SSUF_1	48	5	149
RNA7	131	0	1
RNA3	95	17	1
RNA16	53	3	1
SSUF_1	48	6	109
RNA16	53	4	1
RNA5_1	67	24	1
SSUF_1	48	7	64
RNA8	130	23	15
RNA16	53	5	2
SSUF_1	48	8	66
SSUF_1	48	9	15
RNA16	53	7	1
RNA14	66	31	12
RNA7	131	5	2
RNA7	131	6	3
RNA11_F	76	10	556
SSUF_2	40	0	3199
RNA11_F	76	11	422
SSUF_2	40	1	212
RNA15_1	46	20	4
RNA11_F	76	12	854
SSUF_2	40	2	13
RNA14	44	0	245
RNA11_F	76	13	482
SSUF_2	40	3	10
RNA14	44	1	42
RNA11_F	76	14	1777
SSUF_2	40	4	4
RNA14	44	2	26
RNA15_1	46	23	23
RNA11_F	76	15	1685
SSUF_2	40	5	1
RNA14	44	3	35
RNA15_1	46	24	1
RNA11_F	76	16	331
SSUF_2	40	6	185
RNA14	44	4	29
RNA11_F	76	17	821
SSUF_2	40	7	283
RNA14	44	5	24
RNA11_F	76	18	91357
SSUF_2	40	8	57
RNA14	44	6	36
RNA11_F	76	19	1408
SSUF_2	40	9	57
RNA14	44	7	32
RNA14	44	8	18
RNA14	44	9	5779
SSUE_2	44	26	3
RNA31_1	78	18	1
RNA13	33	0	260
RNA13	33	1	3
RNA23t_1	81	2	1
RNA13	33	2	1725
RNA13	33	3	74
RNA13	33	4	60
RNA13	33	5	73
RNA43	129	1	1
RNA5_F	134	11	2
RNA30	52	10	12
RNA43	138	14	1
RNA29	75	30	1
RNA30	52	11	7
RNA30	52	12	15
RNA5_F	134	14	5
RNA11_1	57	10	8
RNA30	52	13	36
RNA11_1	57	11	12
RNA30	52	14	2
RNA5_F	134	16	1
RNA11_1	57	12	21
RNA30	52	15	6
RNA34_F	139	10	1
RNA11_1	57	13	77
RNA30	52	16	3
SSUE_2	34	0	277
RNA34_F	139	11	1
RNA11_1	57	14	51
RNA30	52	17	14
SSUE_2	34	1	206
RNA34_F	139	12	10
RNA11_1	57	15	77
RNA30	52	18	3
SSUE_2	34	2	8
RNA34_F	139	13	1
RNA11_1	57	16	67
RNA30	52	19	3
SSUE_2	34	3	22
RNA11_1	57	17	665
SSUE_2	34	4	62
RNA11_1	57	18	62
SSUE_2	34	5	31
RNA11_1	57	19	14
SSUE_2	34	6	9
SSUF_2	63	10	630
SSUE_2	34	7	11
SSUF_2	63	11	2414
SSUE_2	34	8	15
RNA17	67	0	6
SSUF_2	63	12	113
SSUE_2	34	9	20
RNA17	67	1	4
SSUF_2	63	13	21
RNA17	67	2	5
SSUF_2	63	14	14
RNA17	67	3	1
SSUF_2	63	15	8
RNA15_1	51	0	5
RNA2	147	12	1
RNA17	67	4	1
SSUF_2	63	16	1
RNA15_1	51	1	2
RNA17	67	5	3
SSUF_2	63	17	41
RNA17	67	6	2
SSUF_2	63	18	1
RNA15_1	51	3	2
RNA17	67	7	1
SSUF_2	63	19	2
RNA15_1	51	4	1
RNA30	115	22	1
RNA15_1	51	7	1
RNA16	56	0	4
RNA16	56	1	6
RNA15_1	51	9	2
RNA16	56	2	4
RNA7	134	0	1
RNA16	56	3	1
RNA1	116	20	1
RNA16	56	5	1
RNA43	110	7	1
RNA7	134	3	1
RNA16	56	8	1
SSUF_2	43	0	1400
SSUF_2	43	1	22
SSUF_2	43	2	7
RNA14	47	0	3663
SSUF_2	43	3	32
RNA14	47	1	873
RNA42	92	14	1
SSUF_2	43	4	5
RNA14	47	2	366
SSUF_2	43	5	8
RNA14	47	3	339
RNA42	92	16	1
SSUF_2	43	6	8
RNA14	47	4	308
RNA8	130	36	1
SSUF_2	43	7	16
RNA14	47	5	286
RNA42	92	18	1
SSUF_2	43	8	5
RNA14	47	6	332
SSUF_2	43	9	379
RNA14	47	7	226
RNA14	47	8	267
RNA14	47	9	299
RNA11_F	76	20	109
RNA13	36	0	36
RNA11_F	76	21	2172
RNA13	36	1	2
RNA43	52	10	4
RNA11_F	76	22	373
RNA13	36	2	156
RNA43	52	11	5
RNA11_F	76	23	2
RNA13	36	3	9
RNA43	52	12	3
RNA43	52	13	1
RNA13	36	5	32
RNA13	36	6	17
RNA13	36	7	37
RNA13	36	8	52
RNA43	52	17	1
RNA31_1	75	3	1
SSUE_2	37	0	90
SSUE_2	37	1	137
SSUE_2	37	2	8
SSUE_2	37	3	6
SSUE_2	37	4	6
RNA43	138	21	1
SSUE_2	37	5	10
SSUE_2	37	6	7
RNA30	52	20	4
SSUE_2	37	7	92
RNA5_F	85	10	15
RNA30	52	21	802
SSUE_2	37	8	47
RNA5_F	85	11	28
RNA30	52	22	2
SSUE_2	37	9	12
RNA11_1	57	20	19
RNA5_F	85	12	45
RNA30	52	23	2
RNA11_1	57	21	2
RNA5_F	85	13	3
SSUE_1	26	0	5
RNA11_1	57	22	3
RNA15_1	54	0	6
SSUE_1	26	1	4
RNA11_1	57	23	5
RNA15_1	54	1	1
RNA11_1	57	24	9
RNA5_F	85	16	2
RNA15_1	54	2	1
RNA15_1	54	3	3
RNA15_1	54	4	1
RNA43	113	0	2
SSUF_2	63	20	3
RNA16	59	0	5
RNA15_1	54	8	1
RNA16	59	1	3
RNA7	137	0	1
SSUF_2	63	23	1
SSUD	139	67	2
RNA7	137	5	1
RNA28	141	0	1
SSUF_2	46	0	2775
SSUF_2	46	1	22
RNA23t_2	98	0	1
SSUF_2	46	2	77
RNA5_1	66	11	3
SSUF_2	46	3	28
RNA17	51	0	6910
SSUF_2	46	4	9
RNA5_1	66	13	25
RNA17	51	1	909
SSUF_2	46	5	7
RNA5_1	66	14	1
RNA17	51	2	300
SSUF_2	46	6	9
RNA5_1	66	15	3
RNA17	51	3	415
SSUF_2	46	7	14
RNA31_F	97	33	1
RNA17	51	4	314
SSUF_2	46	8	13
RNA17	51	5	273
SSUF_2	46	9	11
RNA1	90	0	171
RNA17	51	6	283
RNA1	90	1	39
RNA17	51	7	14
RNA17	51	8	127
RNA1	90	3	9
RNA17	51	9	594
RNA35	30	10	9
RNA13	39	0	56
RNA35	30	11	9
RNA16	40	0	557
RNA1	90	5	1
RNA13	39	1	9
RNA35	30	12	40
RNA16	40	1	122
RNA30	110	0	1
RNA1	90	6	1
RNA13	39	2	2
RNA35	30	13	31
RNA16	40	2	47
RNA1	90	7	2
RNA13	39	3	2
RNA35	30	14	1
RNA16	40	3	46
RNA1	90	8	2
RNA13	39	4	5
RNA16	40	4	42
RNA1	90	9	1
RNA13	39	5	470
RNA16	40	5	35
RNA13	39	6	23
SSUE_2	43	10	5
RNA16	40	6	40
RNA10_1	101	12	1
RNA13	39	7	10
SSUE_2	43	11	3
RNA16	40	7	37
RNA13	39	8	82
SSUE_2	43	12	8
RNA16	40	8	34
RNA13	39	9	53
SSUE_2	43	13	37
RNA16	40	9	33
RNA30	110	8	1
SSUE_2	43	14	69
LSUB	74	0	1
SSUE_2	43	15	3
SSUE_2	43	16	2
RNA9	128	14	1
SSUE_2	43	19	1
RNA14	31	0	711
RNA14	31	1	25
RNA9	128	17	2
RNA14	31	2	8
RNA30	71	0	5
RNA23t_F	101	15	1
SSUD	137	12	1
RNA30	71	5	1
SSUE_1	29	0	23
RNA15_1	57	0	1
SSUE_1	29	4	1
RNA19	43	10	14
LSUB	35	10	491
RNA19	43	12	97
RNA43	116	0	1
RNA15_1	57	8	2
LSUB	35	11	37
RNA19	43	13	3
LSUB	35	12	89
RNA19	43	14	7
LSUB	35	13	38
RNA19	43	15	34
LSUB	35	14	57
RNA17	146	11	2
RNA18	65	0	2
RNA23t_1	89	61	1
RNA18	65	1	1
RNA18	65	2	1
SSUE_2	21	0	36
RNA16	74	13	1
RNA18	65	3	1
SSUE_2	21	1	64
RNA16	74	14	1
SSUE_2	21	2	6
SSUE_2	21	3	28
RNA16	74	16	3
SSUE_2	21	4	2
RNA16	74	17	2
RNA28	144	0	1
SSUF_2	49	0	621
SSUF_2	49	1	29
RNA6	63	10	32
SSUF_2	49	2	4
RNA17	54	0	4384
RNA6	63	11	26
SSUF_2	49	3	37
RNA17	54	1	1009
RNA6	63	12	23
SSUF_2	49	4	6
RNA17	54	2	427
RNA6	63	13	26
RNA1	115	10	9
SSUF_2	49	5	48
RNA31_F	96	10	1
RNA17	54	3	474
RNA6	63	14	10
RNA1	115	11	1
SSUF_2	49	6	30
RNA31_F	96	11	1
RNA17	54	4	323
SSUF_2	49	7	6
RNA17	54	5	320
SSUF_2	49	8	4
RNA31_F	96	13	2
RNA17	54	6	393
SSUF_2	49	9	34
RNA1	93	0	139
RNA17	54	7	271
RNA1	115	15	45
RNA1	93	1	16
RNA17	54	8	399
RNA1	115	16	3
RNA1	93	2	1
RNA17	54	9	220
RNA3	94	12	3
RNA31_F	96	17	1
RNA1	93	3	11
RNA3	94	13	25
RNA1	115	18	1
RNA31_F	96	18	4
RNA1	93	4	2
RNA14	65	10	1
RNA3	94	14	4
RNA1	115	19	2
RNA16	43	0	380
RNA1	93	5	1
RNA3	94	15	3
RNA16	43	1	94
RNA1	93	6	13
RNA14	65	12	3
RNA3	94	16	1
RNA16	43	2	22
RNA1	93	7	10
RNA7	121	0	55
RNA16	43	3	30
RNA14	65	14	2
RNA7	121	1	3
RNA16	43	4	26
RNA30	113	3	4
RNA14	65	15	1
RNA7	121	2	1
RNA16	43	5	31
RNA14	65	16	1
RNA7	121	3	1
RNA16	43	6	21
RNA36	47	11	2
RNA14	65	17	2
RNA7	121	4	3
RNA16	43	7	24
RNA7	121	5	4
RNA16	43	8	17
RNA7	121	6	1
RNA16	43	9	18
RNA6	124	16	1
RNA36	47	14	2
RNA11_F	75	10	477
SSUA	133	10	5
RNA11_F	75	11	657
RNA14	34	0	1129
SSUA	133	11	5
RNA11_F	75	12	480
LSUB	77	5	1
RNA14	34	1	27
SSUA	133	12	4
RNA11_F	75	13	3362
RNA14	34	2	1
RNA11_F	75	14	3159
SSUF_1	32	0	91
RNA14	34	3	3
SSUA	133	14	2
RNA11_F	75	15	430
SSUF_1	32	1	58
RNA23t_2	82	4	1
RNA14	34	4	3
SSUA	133	15	1
RNA11_F	75	16	688
SSUF_1	32	2	175
RNA14	34	5	1
RNA17	149	108	1
SSUA	133	16	2
RNA11_F	75	17	97885
SSUF_1	32	3	39
RNA30	74	0	3
RNA11_F	75	18	2396
SSUF_1	32	4	13
SSUA	133	18	3
RNA11_F	75	19	230
SSUF_1	32	5	14
RNA30	74	2	1
SSUA	133	19	1
SSUF_1	32	6	86
SSUE_2	43	25	4
RNA10_F	150	0	3
SSUF_1	32	7	97
RNA31_1	77	18	1
RNA10_F	150	1	13
SSUF_1	32	8	102
RNA30	74	7	1
RNA19	79	0	1
RNA30	74	9	1
RNA29	74	10	2
RNA33_2	76	14	1
RNA29	74	11	8
RNA29	74	12	10
RNA29	74	13	13
RNA9	89	10	2
RNA5_F	133	10	3
RNA31_1	62	0	2
RNA29	74	14	7
RNA9	89	11	4
RNA5_F	133	11	1
RNA43	137	13	2
RNA29	74	16	1
RNA5_F	133	13	5
RNA29	74	17	2
RNA9	89	14	103
RNA11_1	56	10	17
RNA9	89	15	1
RNA5_F	133	15	2
RNA11_1	56	11	27
RNA11_1	56	12	95
RNA9	89	17	1
RNA34_F	138	10	1
RNA11_1	56	13	66
SSUE_2	24	0	32
RNA23t_2	47	11	1
RNA34_F	138	11	27
RNA11_1	56	14	70
SSUE_2	24	1	72
RNA34_F	138	12	9
RNA11_1	56	15	127
SSUE_2	24	2	1
RNA11_1	56	16	1082
SSUE_2	24	3	4
RNA11_1	56	17	94
SSUE_2	24	4	5
RNA11_1	56	18	33
SSUE_2	24	5	16
RNA5_F	142	0	20
RNA11_1	56	19	39
SSUE_2	24	6	89
RNA5_F	142	1	2
SSUF_2	62	10	6004
SSUE_2	24	7	16
RNA5_F	142	2	2
SSUF_2	62	11	230
SSUE_2	24	8	4
RNA17	57	0	1117
SSUF_2	62	12	44
RNA5_F	142	4	1
RNA17	57	1	170
SSUF_2	62	13	5
RNA5_F	142	5	1
RNA17	57	2	85
RNA16	74	20	1
SSUF_2	62	14	16
RNA5_F	142	6	1
RNA17	57	3	76
SSUF_2	62	15	10
RNA15_1	41	0	348
RNA17	57	4	94
SSUF_2	62	16	60
RNA15_1	41	1	54
RNA5_F	142	8	2
RNA17	57	5	89
SSUF_2	62	17	3
RNA15_1	41	2	15
RNA5_F	142	9	2
RNA17	57	6	126
SSUF_2	62	18	7
RNA15_1	41	3	25
RNA1	96	0	7234
RNA17	57	7	60
RNA15_F	64	11	1
SSUF_2	62	19	4
RNA15_1	41	4	29
RNA1	96	1	362
RNA17	57	8	68
RNA15_1	41	5	33
RNA1	96	2	2904
RNA17	57	9	96
RNA15_1	41	6	31
RNA1	96	3	41
RNA15_1	41	7	30
RNA16	46	0	57
RNA15_1	41	8	18
RNA1	96	5	2
RNA16	46	1	11
RNA15_1	41	9	24
RNA1	96	6	31
RNA16	46	2	4
RNA1	96	7	12
RNA7	124	0	25
RNA16	46	3	8
RNA1	96	8	3
RNA16	46	4	4
RNA1	96	9	86
RNA16	46	5	2
RNA16	46	6	7
RNA16	46	7	3
RNA7	124	5	2
RNA16	46	8	5
RNA7	124	6	1
RNA16	46	9	4
RNA3	94	21	1
RNA7	124	7	1
SSUF_2	33	0	3535372
RNA14	65	21	2
SSUF_2	33	1	29370
SSUF_2	33	2	81
RNA14	37	0	73
RNA42	91	13	3
SSUF_2	33	3	33
SSUF_2	33	4	1421
RNA14	37	2	335
SSUF_1	35	0	175
SSUF_2	33	5	2070
RNA14	37	3	25
SSUF_1	35	1	32
RNA14	65	26	1
SSUF_2	33	6	42
SSUF_1	35	2	17
RNA14	37	5	1
SSUF_1	35	3	58
RNA30	77	0	4
RNA15_1	45	10	8
RNA14	37	6	16
SSUF_1	35	4	61
RNA15_1	45	11	6
RNA14	37	7	3
SSUF_1	35	5	1098
RNA30	77	2	3
RNA15_1	45	12	5
RNA14	37	8	4
SSUF_1	35	6	164
RNA15_1	45	13	6
SSUF_1	35	7	98
RNA23t_1	74	0	1
RNA15_1	45	14	5
SSUF_1	35	8	105
RNA15_1	45	15	8
RNA11_F	75	20	4732
SSUF_1	35	9	184
RNA15_1	45	16	1
SSUA	133	20	328
RNA11_F	75	21	796
RNA15_1	45	17	4
SSUA	133	21	1
RNA11_F	75	22	19
RNA15_1	45	18	430
RNA15_1	45	19	7
RNA43	51	13	1
RNA43	51	16	1
RNA40	82	10	3
RNA31_1	65	0	4
LSUB	61	0	4
LSUB	61	1	1
LSUB	61	3	1
RNA31_1	65	5	2
SSUE_2	27	0	59
SSUE_2	27	1	107
SSUE_2	27	2	4
LSUB	61	8	1
SSUE_2	27	3	4
LSUB	61	9	1
SSUE_2	27	5	3
RNA5_F	145	0	6
SSUE_2	27	6	7
SSUE_2	27	7	5
RNA5_F	84	10	7
SSUE_2	27	8	78
RNA5_F	84	11	67
SSUE_2	27	9	535
RNA5_F	145	4	2
RNA11_1	56	20	8
RNA5_F	84	12	17
RNA5_F	145	5	1
RNA11_1	56	21	4
RNA29	74	29	1
RNA15_1	44	0	75
RNA11_1	56	22	13
RNA15_1	44	1	15
RNA11_1	56	23	6
RNA15_1	44	2	8
RNA15_1	44	3	4
RNA1	99	0	1163
RNA15_1	44	4	5
RNA1	99	1	184
RNA42	106	15	1
RNA15_1	44	5	5
RNA1	99	2	1
RNA15_1	44	6	11
RNA1	99	3	992
RNA15_1	44	7	12
RNA1	99	4	1
RNA19	63	5	1
RNA15_1	44	8	21
RNA1	99	5	54
RNA16	49	0	19
RNA15_1	44	9	10
RNA1	99	6	1
RNA16	49	1	4
LSUB	122	16	1
SSUF_2	62	22	1
RNA16	49	2	1
RNA7	127	0	6
RNA16	49	3	1
RNA1	99	9	2
RNA16	49	4	2
RNA18	52	0	8
RNA16	49	5	2
RNA16	49	6	3
RNA16	49	7	1
RNA16	49	8	1
RNA18	52	4	1
RNA16	49	9	1
RNA18	52	6	2
RNA28	131	0	4
SSUF_2	36	0	4548
RNA18	52	8	1
RNA28	131	1	1
SSUF_2	36	1	36
RNA5_1	65	10	4
SSUF_2	36	2	5926
RNA17	41	0	140198
SSUF_2	36	3	1772
RNA5_1	65	12	15
RNA17	41	1	18937
SSUF_2	36	4	147
RNA5_1	65	13	1
SSUF_1	38	0	413
SSUF_2	36	5	106
SSUF_1	38	1	107
RNA17	41	3	14
SSUF_2	36	6	5
SSUF_1	38	2	42
RNA17	41	4	123
SSUF_2	36	7	84
SSUF_1	38	3	42
RNA17	41	5	106
SSUF_2	36	8	122
SSUF_1	38	4	55
RNA17	41	6	24
SSUF_2	36	9	3
SSUF_1	38	5	108
RNA1	80	0	29
RNA17	41	7	1
SSUF_1	38	6	178
RNA1	80	1	5
RNA17	41	8	5
SSUF_1	38	7	316
SSUF_1	38	8	7046
RNA14	65	30	23
SSUF_1	38	9	440
RNA13	29	0	1068
RNA23t_1	77	2	1
RNA13	29	1	200
RNA14	65	32	1
RNA30	100	0	2
RNA17	148	94	1
RNA11_1	150	0	3
SSUE_2	42	10	5
SSUF_2	30	0	3183
RNA40	128	0	3
SSUE_2	42	11	15
SSUF_2	30	1	1537
RNA15_1	45	20	1
RNA30	100	6	1
SSUE_2	42	12	27
SSUF_2	30	2	31
SSUE_2	42	13	77
SSUF_2	30	3	15
RNA15_1	45	22	26
SSUE_2	42	14	1
LSUB	64	0	1
SSUE_2	42	15	3
RNA40	128	5	1
SSUE_2	42	16	1
SSUE_2	42	17	2
RNA15_1	45	26	2
SSUE_2	42	18	1
RNA31_1	68	6	1
SSUE_2	42	19	1
LSUB	64	7	3
RNA1	142	4	1
RNA23t_F	100	13	1
RNA30	61	0	13
RNA5_F	148	0	2
RNA30	61	1	2
RNA30	61	2	1
RNA30	61	3	3
RNA30	61	4	4
RNA5_F	148	5	1
RNA30	61	6	23
RNA15_1	47	0	42
RNA30	61	7	2
RNA15_1	47	1	9
RNA30	61	8	1
RNA15_1	47	2	7
RNA30	51	10	16
RNA42	59	11	2
RNA15_1	47	3	6
RNA30	51	11	25
RNA15_1	47	4	1
RNA30	51	12	44
RNA42	59	13	2
RNA15_1	47	5	3
RNA19	42	10	3
RNA30	51	13	16
RNA42	59	14	1
RNA15_1	47	6	2
RNA19	42	11	113
RNA30	51	14	5
RNA15_1	47	7	3
LSUB	34	10	56
RNA19	42	12	2
RNA30	51	15	20
RNA15_1	47	8	5
LSUB	34	11	110
RNA19	42	13	8
RNA30	51	16	17
LSUB	34	12	49
RNA19	42	14	43
RNA30	51	17	16
LSUB	34	13	83
RNA30	51	18	9
RNA30	51	19	9
RNA16	73	11	1
RNA34_1	92	0	68
RNA34_1	92	1	2
RNA34_1	92	3	1
RNA16	73	15	3
RNA34_1	92	4	2
RNA16	73	16	2
RNA34_1	92	5	6
RNA28	134	0	4
RNA34_1	92	6	2
SSUF_2	39	0	4554
RNA16	73	19	2
SSUF_2	39	1	71
RNA28	134	2	3
SSUF_2	39	2	4
RNA17	44	0	53
SSUF_2	39	3	12
RNA17	44	1	6
RNA17	44	2	1
SSUF_2	39	5	234
RNA17	44	3	32688
SSUF_2	39	6	289
RNA17	44	4	607
SSUF_2	39	7	39
RNA2	94	9	1
RNA17	44	5	60
SSUF_2	39	8	39
RNA17	44	6	95
SSUF_2	39	9	5
RNA1	83	0	95
RNA17	44	7	67
RNA3	93	10	1
RNA1	83	1	13
RNA17	44	8	53
RNA3	93	11	2
RNA1	83	2	1
RNA17	44	9	7
RNA3	93	12	26
RNA1	83	3	2
RNA43	100	7	2
RNA3	93	13	2
RNA14	64	10	3
RNA3	93	14	2
RNA1	83	5	1
RNA14	64	11	1
RNA43	100	9	1
RNA30	103	0	2
RNA14	64	12	1
RNA14	64	13	3
RNA7	111	0	23
RNA14	64	14	2
RNA7	111	1	3
RNA14	64	15	1
RNA7	111	2	5
RNA30	103	4	1
RNA36	46	10	1
RNA14	64	16	1
RNA7	111	3	13
RNA7	111	4	13
RNA6	123	15	1
RNA36	46	12	2
RNA7	111	5	15
RNA36	46	13	1
RNA14	64	19	1
RNA7	111	6	2
RNA36	46	14	1
RNA7	111	8	1
RNA36	46	16	1
SSUA	132	10	13
SSUA	132	11	6
LSUB	67	5	2
RNA1	145	0	1
SSUA	132	12	6
SSUA	132	13	5
SSUA	132	14	3
RNA11_F	129	12	1
RNA31_1	76	12	1
SSUA	132	15	8
RNA30	64	0	6
SSUA	132	17	1
RNA30	64	1	1
SSUE_2	42	23	2
SSUA	132	18	5
RNA30	64	2	2
SSUE_2	42	24	5
SSUA	132	19	769
RNA30	64	3	2
RNA10_F	140	0	2
RNA30	64	4	1
RNA23t_1	61	0	4
RNA30	64	5	1
RNA23t_1	61	1	2
RNA23t_1	61	2	6
RNA23t_1	61	4	2
RNA30	64	9	15
RNA23t_1	61	5	1
RNA29	73	10	2
RNA29	73	11	6
RNA29	73	12	17
RNA29	73	13	1
RNA9	88	10	1
RNA9	88	11	2
RNA5_F	132	11	1
RNA29	73	16	2
RNA5_F	132	12	11
RNA9	88	13	98
RNA29	73	18	1
RNA9	88	14	2
RNA5_F	132	14	2
RNA31_1	52	4	1
RNA9	88	15	1
RNA9	88	16	3
RNA34_F	137	10	42
RNA34_1	95	0	19
RNA30	51	20	1758
RNA34_F	137	11	9
RNA30	51	21	7
RNA31_1	52	9	1
RNA30	51	22	2
RNA30	51	23	1
RNA34_1	95	4	2
RNA30	51	24	1
RNA34_1	95	5	1
RNA28	137	0	1
RNA5_F	132	0	6
RNA18	58	9	1
SSUF_2	61	10	385
RNA5_F	132	2	1
SSUF_2	61	11	55
RNA5_F	132	3	97
RNA17	47	0	34266
SSUF_2	61	12	19
RNA5_F	132	4	1
RNA17	47	1	2019
SSUF_2	61	13	11
RNA17	47	2	1250
RNA16	73	20	1
SSUF_2	61	14	14
RNA15_1	31	0	1805
RNA5_F	132	6	8
RNA17	47	3	32
SSUF_2	61	15	84
RNA15_1	31	1	200
RNA5_F	132	7	4
RNA17	47	4	877
RNA2	97	9	1
SSUF_2	61	16	1
RNA15_1	31	2	572
RNA19	50	0	6
RNA17	47	5	2917
SSUF_2	61	17	15
RNA15_1	31	3	573
RNA1	86	0	53
RNA19	50	1	4
RNA7	79	10	21
RNA17	47	6	423698
SSUF_2	61	18	3
RNA15_1	31	4	121148
RNA1	86	1	3
RNA19	50	2	1
RNA7	79	11	4
RNA17	47	7	4723
RNA15_1	31	5	965
RNA7	79	12	3
RNA17	47	8	268
RNA15_1	31	6	83
RNA19	50	4	1
RNA7	79	13	2
RNA17	47	9	63
RNA15_1	31	7	112
RNA7	79	14	3
RNA15_1	31	8	22138
RNA1	86	5	1
RNA19	50	6	2
RNA7	79	15	1
RNA15_1	31	9	1115
RNA19	50	7	1
RNA30	106	0	3
RNA1	86	7	2
RNA7	114	0	46
RNA30	106	2	1
RNA7	114	1	8
RNA7	114	2	11
RNA7	114	3	16
RNA7	114	4	19
RNA7	114	5	27
RNA7	114	6	4
SSUF_1	69	20	3
RNA7	114	7	1
RNA7	114	8	1
SSUF_1	69	23	1
RNA14	64	20	1
RNA14	64	21	1
RNA23t_2	75	1	1
RNA1	148	0	1
RNA14	64	24	1
SSUF_1	25	0	50
RNA14	64	25	1
SSUF_1	25	1	12
SSUF_1	25	2	1
RNA30	67	0	3
RNA14	64	27	1
RNA16	30	0	1003
RNA14	64	28	1
RNA15_1	44	10	7
RNA16	30	1	974
RNA14	64	29	26
RNA15_1	44	11	14
RNA15_1	44	12	10
RNA16	30	3	91
RNA30	67	4	3
RNA15_1	44	13	17
RNA16	30	4	116
RNA30	67	5	1
RNA23t_1	64	0	7
RNA15_1	44	14	16
RNA16	30	5	10770
RNA23t_1	64	1	1
RNA15_1	44	15	1
RNA16	30	6	35
RNA23t_1	64	2	2
RNA16	30	7	2
SSUA	132	20	8
RNA23t_1	64	3	1
RNA15_1	44	17	641
RNA30	67	9	1
RNA15_1	44	18	8
RNA16	30	9	1
RNA15_1	44	19	1
RNA31_1	55	0	1
RNA31_1	55	1	1
RNA9	127	16	1
LSUB	51	0	9
LSUB	51	1	2
LSUB	51	2	3
RNA31_1	55	5	1
LSUB	51	3	3
LSUB	51	5	2
RNA34_1	98	0	4
SSUE_2	17	0	2
LSUB	51	6	1
SSUE_2	17	1	17
LSUB	51	8	1
LSUB	51	9	7
RNA5_F	135	0	5
RNA5_F	135	1	1
RNA5_F	83	10	32
RNA5_F	83	11	17
RNA5_F	135	3	1
RNA29	73	28	2
RNA5_F	83	13	1
RNA5_F	83	14	6
RNA15_1	34	0	1937
RNA5_F	135	6	75
RNA43	106	0	1
RNA15_1	34	1	361
RNA5_F	135	7	1
RNA15_1	34	2	178
RNA19	53	0	2
RNA15_1	34	3	219
RNA1	89	0	146
RNA5_F	135	9	9
RNA19	53	1	1
RNA15_1	34	4	197
RNA1	89	1	18
RNA15_1	34	5	57
RNA1	89	2	48
RNA15_1	34	6	77
RNA1	89	3	1
RNA19	53	4	1
RNA15_1	34	7	28294
RNA1	89	4	1
RNA15_1	34	8	1388
RNA3	92	0	32
RNA19	53	6	1
RNA30	109	0	1
RNA15_1	34	9	462
RNA3	92	1	127
RNA19	53	7	1
RNA30	109	1	2
RNA3	92	2	23
SSUF_2	61	22	1
RNA30	109	2	3
RNA2	145	20	1
RNA3	92	3	7
RNA19	53	9	1
RNA7	117	0	69
SSUF_2	61	23	1
RNA3	92	4	17
RNA1	89	9	4
RNA7	117	1	5
RNA3	92	5	8
RNA7	117	2	3
SSUF_2	61	25	1
RNA18	42	0	242
RNA3	92	6	8
RNA7	117	3	3
RNA18	42	1	38
RNA2	145	24	1
RNA3	92	7	1
RNA7	117	4	8
SSUF_2	61	27	1
RNA18	42	2	8
RNA3	92	8	2
RNA6	62	10	19
RNA7	117	5	31
RNA18	42	3	13
RNA6	62	11	17
RNA7	117	6	4
RNA18	42	4	7
RNA6	62	12	36
RNA7	117	7	2
RNA18	42	5	8
RNA6	62	13	16
RNA1	114	10	4
RNA31_F	95	10	5
RNA7	117	8	1
RNA18	42	6	7
RNA6	62	14	1
RNA31_F	95	11	1
RNA18	42	7	20
RNA14	109	10	2
RNA31_F	95	12	1
RNA18	42	8	2
RNA14	109	11	37
RNA31_F	95	13	3
RNA18	42	9	10
RNA1	114	14	47
RNA31_F	95	14	2
RNA5_1	64	11	20
RNA14	109	14	1
RNA1	114	15	1
RNA5_1	64	12	1
RNA31_F	95	16	1
RNA5_1	64	13	2
SSUF_1	28	0	16
RNA1	114	17	3
RNA31_F	95	17	7
SSUF_1	28	1	14
RNA1	114	18	2
SSUF_1	28	2	12
RNA16	33	0	181
RNA5_1	64	16	1
SSUF_1	28	3	3
RNA16	33	1	208
SSUF_1	28	4	16
RNA16	33	2	21
RNA16	33	3	27
RNA16	33	4	20
RNA16	33	6	11
RNA16	33	7	10
RNA16	33	8	2304
RNA23t_1	67	4	1
RNA16	33	9	27
SSUE_2	41	10	15
RNA11_F	74	10	551
SSUE_2	41	11	39
RNA40	118	1	1
RNA11_F	74	11	292
SSUE_2	41	12	85
RNA15_1	44	21	45
RNA31_1	58	0	2
RNA11_F	74	12	2423
SSUE_2	41	13	8
RNA15_1	44	22	2
RNA11_F	74	13	2206
SSUE_2	41	14	1
RNA11_F	74	14	423
LSUB	54	0	10
SSUE_2	41	15	3
RNA15_1	44	24	1
RNA33_1	73	1	1
RNA11_F	74	15	495
SSUE_2	41	16	1
RNA11_F	74	16	71593
SSUE_2	41	17	2
RNA11_F	74	17	2555
SSUE_2	41	18	1
RNA11_F	74	18	371
LSUB	54	4	1
RNA11_F	74	19	4037
RNA1	132	0	4
LSUB	54	7	1
RNA1	132	3	1
RNA1	132	4	1
RNA30	51	0	310
RNA5_F	138	0	12
RNA30	51	1	67
RNA5_F	138	1	3
RNA30	51	2	23
RNA30	51	3	32
RNA5_F	138	3	2
RNA30	51	4	26
RNA30	51	5	23
RNA5_F	138	5	1
RNA30	51	6	21
RNA15_1	37	0	11708
RNA5_F	138	6	1
RNA30	51	7	17
RNA15_1	37	1	366
RNA30	51	8	21
RNA30	50	10	27
RNA15_1	37	2	238
RNA19	56	0	3
RNA30	51	9	14
RNA30	50	11	43
RNA15_1	37	3	216
RNA5_F	138	9	203
RNA30	50	12	17
RNA15_1	37	4	177
RNA19	56	2	1
RNA11_1	55	10	41
RNA30	50	13	16
RNA15_1	37	5	213
RNA11_1	55	11	127
RNA30	50	14	25
RNA15_1	37	6	288
RNA42	58	15	1
RNA11_1	55	12	77
RNA30	50	15	15
RNA15_1	37	7	418
LSUB	33	10	88
RNA19	56	5	1
RNA11_1	55	13	110
RNA30	50	16	13
RNA15_1	37	8	40
RNA3	95	0	107
LSUB	33	11	41
RNA11_1	55	14	186
RNA30	50	17	18
RNA15_1	37	9	496
RNA3	95	1	12
LSUB	33	12	77
RNA42	58	18	1
RNA11_1	55	15	1634
RNA30	50	18	14
RNA3	95	2	9
RNA11_1	55	16	135
RNA30	50	19	3148
RNA3	95	3	34
RNA11_1	55	17	54
RNA3	95	4	4150
RNA18	45	0	112
RNA11_1	55	18	59
RNA3	95	5	1042
RNA18	45	1	27
RNA11_1	55	19	6
RNA3	95	6	115
RNA18	45	2	7
RNA3	95	7	30
RNA34_1	82	0	13
RNA18	45	3	6
RNA34_1	82	1	1
RNA16	72	13	3
RNA18	45	4	7
RNA3	95	9	6
RNA16	72	14	3
RNA18	45	5	5
RNA16	72	15	14
RNA18	45	6	12
RNA18	45	7	7
RNA18	45	8	4
RNA18	45	9	5
RNA34_1	82	8	1
RNA17	34	0	22799
RNA40	49	10	1
RNA34_1	82	9	1
RNA17	34	1	4
RNA2	84	8	1
RNA16	36	0	344
RNA16	36	1	122
RNA16	36	2	14
RNA3	92	10	11
RNA16	36	3	39
RNA3	92	11	24
RNA31_F	95	20	1
RNA16	36	4	32
RNA3	92	12	5
RNA31_F	95	21	1
RNA16	36	5	23
RNA3	92	13	4
RNA16	36	6	25
RNA14	63	10	1
RNA3	92	14	1
RNA16	36	7	25
RNA14	63	11	1
RNA16	36	8	2
RNA14	63	12	1
RNA16	36	9	27
RNA14	63	13	7
RNA7	101	0	34
RNA14	63	14	2
RNA7	101	1	13
RNA11_1	143	0	1
RNA14	63	15	3
RNA7	101	2	17
RNA14	63	16	2
RNA7	101	3	15
RNA33_2	87	8	1
RNA14	63	17	1
RNA7	101	4	11
RNA14	63	18	1
RNA7	101	5	13
RNA14	63	19	1
RNA7	101	6	8
RNA7	101	7	11
LSUB	57	0	1
RNA7	101	8	6
RNA7	101	9	5
LSUB	57	2	1
SSUA	131	10	29
RNA23t_2	62	0	4
SSUA	131	11	18
RNA23t_2	62	1	2
SSUA	131	12	14
RNA1	135	1	2
SSUA	131	13	13
RNA23t_2	62	3	1
SSUA	131	14	31
SSUE_2	41	20	2
RNA11_F	74	20	922
SSUA	131	15	1
RNA23t_2	62	5	1
RNA30	54	0	43
RNA11_F	128	14	1
RNA11_F	74	21	27
SSUA	131	16	7
RNA23t_2	62	6	1
SSUE_2	41	22	1
RNA30	54	1	9
RNA11_F	74	22	3
RNA1	135	5	1
SSUA	131	17	13
SSUE_2	41	23	10
RNA30	54	2	1
RNA11_F	74	23	1
SSUA	131	18	1595
SSUE_2	41	24	1
RNA30	54	3	18
SSUA	131	19	3
RNA30	54	4	6
RNA30	54	5	4
RNA30	54	6	5
RNA30	54	7	4
RNA30	54	8	4
RNA30	54	9	2
RNA19	59	0	2
RNA29	72	10	5
SSUD	99	10	3
RNA29	72	11	16
RNA40	102	0	2
SSUD	99	11	5
RNA29	72	12	4
SSUD	99	12	2
RNA33_2	74	16	1
RNA29	72	13	3
SSUE_1	49	10	2
SSUD	99	13	3
RNA29	72	14	1
RNA3	98	0	205
SSUD	99	14	5
RNA3	98	1	23
RNA5_F	131	11	25
SSUD	99	15	1
SSUE_1	49	12	1
RNA31_1	42	2	14
RNA3	98	2	12
SSUE_1	49	13	1
SSUD	99	16	2
RNA31_1	42	3	19
RNA29	72	17	1
RNA3	98	3	12
RNA5_F	131	13	5
SSUD	99	17	1
SSUE_1	49	14	2
RNA3	98	4	6
SSUE_1	49	15	4
SSUD	99	18	5
RNA31_1	42	5	5
RNA18	48	0	49
RNA3	98	5	682
SSUE_1	49	16	3
SSUD	99	19	3
RNA18	48	1	6
RNA3	98	6	16
RNA5_F	131	16	1
SSUE_1	49	17	2
RNA30	50	20	8
RNA18	48	2	1
RNA3	98	7	1819
RNA34_1	85	0	3
SSUE_1	49	18	7
RNA30	50	21	2
RNA18	48	3	3
RNA3	98	8	103
SSUE_1	49	19	6
RNA30	50	22	1
RNA18	48	4	2
RNA3	98	9	69
RNA34_1	85	2	1
RNA11_1	55	20	14
RNA30	50	23	1
RNA18	48	5	4
RNA34_1	85	3	2
RNA11_1	55	21	20
RNA18	48	6	1
SSUD	136	51	1
RNA11_1	55	22	16
RNA18	48	7	2
RNA34_1	85	5	1
RNA11_1	55	23	3
RNA18	48	8	4
RNA5_F	122	0	16
RNA5_F	122	1	3
SSUF_2	60	10	100
RNA5_F	122	2	18
SSUF_2	60	11	22
RNA17	37	0	6308
SSUF_2	60	12	20
RNA5_F	122	4	4
RNA17	37	1	696
SSUF_2	60	13	17
RNA5_F	122	5	1
SSUF_2	60	14	117
SSUF_2	60	15	5
RNA5_F	122	7	2
RNA17	37	4	3
RNA16	39	0	531
SSUF_2	60	16	6
RNA19	40	0	46
RNA5_F	132	49	1
RNA16	39	1	134
SSUF_2	60	17	4
RNA5_F	122	9	5
RNA19	40	1	11
RNA7	78	10	8
RNA16	39	2	41
SSUF_2	60	18	1
RNA19	40	2	7
RNA7	78	11	7
RNA16	39	3	45
RNA19	40	3	3
RNA16	39	4	47
RNA19	40	4	2
RNA7	78	13	1
RNA16	39	5	31
RNA19	40	5	17
RNA7	78	14	2
RNA16	39	6	39
RNA19	40	6	548
RNA16	39	7	29
RNA18	49	12	1
RNA19	40	7	15
RNA16	39	8	25
RNA18	49	13	3
RNA19	40	8	1
RNA16	39	9	31
RNA18	49	14	5
RNA19	40	9	85
RNA7	104	0	49
RNA11_1	146	0	1
RNA18	49	15	1
RNA7	104	1	33
RNA11_1	146	1	1
RNA18	49	16	3
RNA7	104	2	16
RNA18	49	17	29
RNA7	104	3	24
RNA18	49	18	219
RNA7	104	4	16
RNA18	49	19	5
RNA7	104	5	23
RNA7	104	6	6
RNA7	104	7	6
RNA7	104	8	5
RNA7	104	9	9
RNA14	63	20	1
RNA23t_2	65	0	2
RNA23t_2	65	1	1
RNA1	138	0	3
RNA14	63	24	2
RNA1	138	1	3
RNA14	63	26	1
RNA1	138	3	1
RNA30	57	0	12
RNA16	20	0	27
RNA30	57	1	8
RNA14	63	28	66
RNA15_1	43	10	17
SSUE_F	68	20	1
RNA30	57	2	6
RNA15_1	43	11	10
RNA30	57	3	6
RNA15_1	43	12	20
RNA30	57	4	5
RNA15_1	43	13	35
RNA30	57	5	1
RNA15_1	43	14	1
RNA30	57	6	1
RNA15_1	43	15	2
RNA30	57	7	1
RNA15_1	43	16	1049
RNA30	57	8	4
RNA15_1	43	17	17
RNA30	57	9	5
LSUC	52	5	1
RNA33_2	71	9	1
RNA31_1	45	0	1
RNA31_1	45	1	1
RNA9	126	16	1
LSUB	41	0	381
RNA33_1	60	1	1
LSUB	41	1	135
LSUB	41	2	18
LSUB	41	3	23
RNA31_1	45	6	18
LSUB	41	4	31
LSUB	41	5	27
RNA34_1	88	0	1
SSUF_2	150	117	1
LSUB	41	6	17
RNA34_1	88	1	2
LSUB	41	7	17
RNA34_1	88	2	18
SSUD	99	20	1
LSUB	41	8	27
RNA34_1	88	3	14
SSUD	99	21	1
RNA33_1	60	9	1
LSUB	41	9	32
RNA34_1	88	4	12
RNA34_1	88	5	3
SSUD	99	23	1
SSUE_1	49	20	8
RNA5_F	125	0	17
RNA34_1	88	6	1
RNA5_F	125	1	2
RNA5_F	82	10	13
SSUD	99	26	1
SSUD	99	27	88
RNA19	41	10	110
RNA5_F	82	13	8
RNA5_F	125	5	5
RNA19	41	11	9
RNA5_F	125	6	1
RNA19	41	12	8
RNA5_F	82	15	1
RNA5_F	125	7	3
RNA19	41	13	38
RNA19	43	0	57
RNA1	79	0	56
RNA5_F	125	9	2
RNA19	43	1	7
RNA19	43	2	4
RNA1	79	2	2
RNA19	43	3	3
RNA19	43	4	10
RNA19	43	5	21
RNA3	82	0	32
RNA19	43	6	7
SSUF_2	60	20	1
RNA3	82	1	32
RNA19	43	7	1
RNA3	82	2	1
RNA19	43	8	99
RNA3	82	3	3
RNA19	43	9	826
RNA7	107	0	42
RNA3	82	4	33
RNA7	107	1	7
RNA3	82	5	94
RNA7	107	2	15
RNA18	32	0	1684
RNA3	82	6	41
SSUF_2	29	0	84636
RNA7	107	3	8
RNA18	32	1	6522
RNA3	82	7	17
SSUF_2	29	1	583
RNA7	107	4	11
RNA18	32	2	12
RNA3	82	8	20
RNA6	61	10	15
SSUF_2	29	2	2
RNA7	107	5	15
RNA18	32	3	1876
RNA3	82	9	6
RNA6	61	11	32
RNA7	107	6	4
RNA18	32	4	28
RNA6	61	12	19
RNA7	107	7	3
RNA18	32	5	97
RNA6	61	13	4
RNA7	107	8	6
RNA18	32	6	24
RNA14	108	10	18
RNA18	49	20	23
RNA31_F	94	11	5
RNA7	107	9	8
RNA18	32	7	46
RNA18	49	21	3
RNA14	108	12	1
RNA1	113	13	62
RNA5_1	63	10	13
RNA1	113	14	3
SSUF_1	68	10	1
RNA5_1	63	12	4
RNA1	113	16	3
RNA31_F	94	16	3
RNA5_1	63	13	1
RNA1	113	17	1
RNA31_F	94	17	1
RNA2	71	8	4
RNA1	113	19	1
RNA16	23	0	32
RNA31_F	94	19	1
SSUF_1	68	14	1
RNA16	23	3	4
SSUF_1	68	17	1
RNA5_1	63	19	1
RNA19	117	10	1
SSUF_1	68	19	3
LSUC	55	0	1
SSUF_2	128	21	1
RNA14	109	45	1
RNA17	146	95	1
RNA11_F	73	10	208
RNA15_1	43	20	93
RNA11_F	73	11	1415
RNA15_1	43	21	3
RNA31_1	48	0	13
RNA11_F	73	12	1375
RNA15_1	43	22	2
RNA31_1	48	1	2
RNA11_F	73	13	264
RNA11_F	73	14	378
LSUB	44	0	99
RNA11_F	73	15	45510
LSUB	44	1	32
RNA11_F	73	16	1927
LSUB	44	2	7
RNA31_1	75	13	1
RNA11_F	73	17	354
LSUB	44	3	6
RNA11_F	73	18	2223
LSUB	44	4	4
RNA11_F	73	19	597
LSUB	44	5	10
RNA1	122	0	5
LSUB	44	6	14
RNA31_1	48	9	7
LSUB	44	7	10
RNA23t_1	51	0	126
LSUB	44	8	9
RNA23t_1	51	1	14
LSUB	44	9	7
RNA30	41	0	2077
RNA23t_1	51	2	5
RNA30	41	1	267
RNA23t_1	51	3	3
RNA5_F	128	0	4
RNA30	41	2	72
RNA23t_1	51	4	4
RNA30	41	3	89
RNA23t_1	51	5	4
RNA5_F	128	2	11
RNA30	41	4	53
RNA23t_1	51	6	5
RNA5_F	128	3	1
RNA30	41	5	45
RNA23t_1	51	7	3
RNA30	41	6	59
RNA23t_1	51	8	4
RNA5_F	128	5	2
RNA30	41	7	93
RNA23t_1	51	9	2
RNA30	41	8	69
RNA9	87	10	3
RNA30	41	9	87
RNA9	87	11	1
RNA5_F	128	8	7
RNA19	46	0	49
RNA9	87	12	179
RNA19	46	1	9
SSUD	99	30	1
RNA9	87	13	4
RNA19	46	2	6
RNA11_1	54	10	105
RNA19	46	3	4
RNA11_1	54	11	123
RNA19	46	4	2
SSUD	99	33	2
RNA11_1	54	12	83
RNA19	46	5	1
RNA34_F	136	10	25
RNA11_1	54	13	263
RNA3	85	0	7
RNA19	46	6	3
RNA42	57	17	1
RNA11_1	54	14	2054
RNA3	85	1	1
RNA11_1	54	15	158
RNA19	46	8	8
RNA11_1	54	16	49
RNA3	85	3	9
RNA19	46	9	1
RNA11_1	54	17	77
RNA3	85	4	142
RNA18	35	0	953
RNA11_1	54	18	24
RNA3	85	5	70
RNA16	71	10	1
RNA42	104	21	1
RNA18	35	1	136
RNA11_1	54	19	29
RNA3	85	6	40
RNA16	71	11	1
RNA18	35	2	72
RNA3	85	7	21
RNA16	71	12	1
RNA18	35	3	1337
RNA3	85	8	11
RNA16	71	13	1
RNA18	35	4	22200
RNA3	85	9	6
RNA16	71	14	9
RNA18	35	5	96
RNA18	35	6	12318
RNA15_1	21	0	2532
RNA18	35	7	30
RNA16	71	17	2
RNA15_1	21	1	336
RNA18	35	8	344
RNA16	71	18	4
RNA15_1	21	2	11
RNA18	35	9	42
RNA15_1	21	3	7
RNA17	89	36	1
RNA16	26	0	307
RNA16	26	1	3288
RNA16	26	2	20
RNA3	91	10	57
RNA16	26	3	5
RNA3	91	11	5
RNA16	26	4	11
RNA3	91	12	17
RNA16	26	5	1
RNA33_2	77	0	1
RNA16	26	6	2
RNA3	91	14	2
RNA5_1	63	20	1
RNA14	62	11	5
RNA3	91	15	1
RNA14	62	12	7
RNA14	62	13	3
RNA14	62	14	1
RNA14	62	16	5
RNA31_F	94	29	1
RNA36	44	11	1
RNA14	62	19	4
LSUB	47	0	21
LSUB	47	1	8
LSUB	47	2	5
LSUB	47	3	3
RNA23t_2	52	0	16
SSUA	130	10	24
RNA23t_2	52	1	3
SSUA	130	11	24
LSUB	47	5	6
SSUA	130	12	13
RNA23t_2	52	3	222
SSUA	130	13	41
LSUB	47	7	1
SSUE_F	67	19	1
RNA23t_1	54	0	22
SSUA	130	14	2
LSUB	47	8	1
RNA23t_2	52	5	1
RNA23t_1	54	1	6
RNA11_F	73	20	45
SSUA	130	15	12
LSUB	47	9	5
RNA23t_2	52	6	8
RNA30	44	0	2071
RNA23t_1	54	2	5
RNA11_F	73	21	3
SSUA	130	16	15
RNA23t_2	52	7	4
RNA30	44	1	392
SSUA	130	17	3759
RNA23t_2	52	8	246
RNA30	44	2	111
RNA23t_1	54	4	1
SSUA	130	18	16
RNA23t_2	52	9	4
RNA30	44	3	188
RNA23t_1	54	5	1
RNA30	44	4	165
RNA10_F	120	0	1
RNA30	44	5	182
RNA1	125	9	1
RNA19	97	10	2
RNA30	44	6	150
RNA23t_1	54	8	1
RNA10_F	120	2	1
RNA30	44	7	99
RNA10_F	120	3	1
RNA30	44	8	90
LSUB	89	11	4
RNA19	49	0	15
RNA30	44	9	86
RNA19	49	1	3
RNA10_F	120	6	4
RNA19	49	2	2
RNA29	71	10	13
SSUD	98	10	13
RNA29	71	11	4
RNA10_F	120	8	1
RNA19	49	4	3
SSUD	98	11	6
RNA29	71	12	2
RNA10_F	120	9	1
SSUD	98	12	5
LSUB	89	17	1
SSUD	98	13	2
RNA19	49	6	1
RNA31_1	32	0	5
RNA29	71	14	4
RNA3	88	0	62
RNA5_F	130	10	20
SSUD	98	14	1
RNA19	49	7	3
RNA29	71	15	1
RNA3	88	1	3
SSUB	129	10	4
SSUD	98	15	1
RNA19	49	8	1
RNA29	71	16	1
RNA3	88	2	3
RNA5_F	130	12	3
SSUE_1	48	13	2
RNA3	88	3	2
SSUE_1	48	14	2
SSUD	98	17	5
RNA3	88	4	4
SSUE_1	48	15	2
SSUD	98	18	4
RNA18	38	0	2714
RNA3	88	5	11
RNA5_F	130	15	2
SSUD	98	19	2
SSUE_1	48	16	7
RNA18	38	1	1202
RNA3	88	6	46
SSUE_1	48	17	32
RNA18	38	2	155
RNA3	88	7	348
SSUE_1	48	18	8
RNA18	38	3	183
LSUC	49	12	1
RNA3	88	8	21
SSUE_1	48	19	11
RNA18	38	4	58
RNA3	88	9	67
RNA11_1	54	20	30
RNA18	38	5	86
RNA2	77	0	2
RNA11_1	54	21	19
RNA18	38	6	6270
RNA11_1	54	22	1
RNA15_1	24	0	21
RNA18	38	7	36633
RNA15_1	24	1	92
RNA18	38	8	70
RNA5_F	112	0	126
RNA15_1	24	2	739
RNA18	38	9	6372
RNA5_F	112	1	5
RNA15_1	24	3	85
RNA5_F	112	2	66
RNA15_1	24	4	33
RNA5_F	112	3	57
RNA15_1	24	5	65
RNA5_F	112	4	166
RNA15_1	24	6	12
RNA5_F	112	5	164
RNA15_1	24	7	17
RNA5_F	112	6	11
RNA16	29	0	190
RNA5_F	112	7	1
RNA5_F	112	8	1
RNA19	30	0	401
RNA16	29	2	275
RNA19	30	1	30
RNA16	29	3	564
RNA19	30	2	2387
RNA16	29	4	112882
RNA16	29	5	175
RNA16	29	6	4
RNA18	48	10	1
RNA16	29	7	1
RNA18	48	11	2
RNA16	29	8	1
RNA16	29	9	1
RNA18	48	13	5
RNA18	48	16	31
RNA28	111	0	2
RNA35	70	7	1
RNA18	48	17	318
RNA35	70	8	1
RNA18	48	18	11
RNA28	111	2	1
RNA18	48	19	73
RNA14	62	20	2
RNA23t_2	55	0	20
RNA14	62	21	2
RNA23t_2	55	1	8
RNA23t_2	55	2	2
SSUF_2	127	13	2
RNA14	62	23	3
RNA23t_2	55	3	1
RNA14	62	24	1
RNA1	128	1	3
RNA23t_2	55	4	1
RNA14	62	25	1
RNA23t_1	57	0	4
RNA23t_2	55	5	1
RNA14	62	26	2
RNA1	128	3	1
RNA23t_2	55	6	21
RNA30	47	0	998
RNA14	62	27	159
RNA23t_1	57	2	9
RNA23t_2	55	7	3
RNA16	39	10	45
RNA30	47	1	244
RNA23t_1	57	3	3
RNA15_1	42	10	13
RNA1	128	5	1
RNA23t_2	55	8	2
RNA16	39	11	8
RNA30	47	2	92
RNA23t_1	57	4	5
RNA15_1	42	11	29
RNA23t_2	55	9	4
RNA16	39	12	54
RNA30	47	3	69
RNA15_1	42	12	40
RNA16	39	13	75
RNA30	47	4	68
RNA23t_1	57	6	3
RNA15_1	42	13	6
RNA10_F	123	0	1
RNA16	39	14	8518
RNA30	47	5	67
RNA15_1	42	14	5
SSUE_2	40	10	42
RNA33_2	61	0	1
RNA16	39	15	135
LSUC	42	0	5
RNA30	47	6	43
RNA15_1	42	15	2044
SSUE_2	40	11	49
RNA16	39	16	35
RNA30	47	7	39
RNA23t_1	57	9	4
RNA15_1	42	16	24
SSUE_2	40	12	6
RNA16	39	17	8
RNA30	47	8	51
RNA15_1	42	17	2
SSUE_2	40	13	6
RNA14	150	112	1
RNA16	39	18	7
RNA30	47	9	36
SSUE_2	40	14	1
RNA16	39	19	11
RNA15_1	42	19	156
RNA10_F	123	6	1
SSUE_2	40	15	4
SSUE_2	40	16	5
RNA14	150	115	19
LSUC	42	6	2
SSUE_2	40	17	1
LSUC	42	7	8
RNA10_F	123	9	1
LSUC	42	8	1
RNA9	125	14	1
SSUE_2	40	19	1
RNA33_2	61	9	3
LSUC	42	9	1
RNA31_1	35	1	6
RNA6	92	0	4
LSUB	31	0	5335
LSUB	31	1	359
RNA6	92	3	4
LSUB	31	2	555
RNA6	92	4	4
LSUB	31	3	327
RNA6	92	5	1
LSUB	31	4	185
LSUB	31	5	75113
RNA18	80	14	1
LSUB	31	6	346
LSUB	31	7	58
LSUB	31	8	31
SSUD	98	21	2
LSUB	31	9	19
RNA15_1	27	0	263
RNA15_1	27	1	3209
RNA5_F	115	0	178
RNA15_1	27	2	2276
RNA5_F	115	1	15
SSUE_1	48	22	2
SSUD	98	25	2
RNA29	71	26	3
RNA15_1	27	3	297
RNA5_F	115	2	16
SSUD	98	26	102
RNA15_1	27	4	9192
RNA5_F	115	3	20
RNA15_1	27	5	1029
RNA5_F	115	4	23
RNA19	40	10	3
RNA15_1	27	6	655
RNA5_F	115	5	27
RNA19	40	11	13
RNA15_1	27	7	198
LSUB	32	10	27
RNA5_F	115	6	4
RNA19	40	12	39
RNA15_1	27	8	93
LSUB	32	11	45
RNA5_F	115	7	5
RNA15_1	27	9	25
RNA5_F	115	8	14
RNA19	33	0	842
RNA5_F	115	9	1
RNA19	33	1	17
RNA19	33	2	239
RNA42	103	16	2
RNA19	33	4	3
RNA35	73	0	1
RNA19	33	5	25
RNA34_1	72	0	10
RNA34_1	72	1	3
RNA34_1	72	2	4
RNA34_1	72	3	1
RNA34_1	72	4	3
RNA2	143	22	1
RNA32_1	44	0	1
RNA28	114	0	1
RNA34_1	72	6	3
RNA6	60	10	22
RNA6	60	11	22
RNA6	60	12	7
RNA31_F	93	10	1
RNA2	61	0	3
RNA18	48	20	1
RNA1	112	11	2
RNA18	48	21	2
RNA1	112	12	61
RNA31_F	93	12	1
RNA23t_2	58	0	19
RNA18	48	22	1
RNA1	112	13	5
RNA2	61	3	1
RNA23t_2	58	1	2
RNA23t_2	58	2	3
RNA1	112	15	15
RNA31_F	93	15	2
RNA2	61	5	3
RNA1	112	16	3
RNA2	61	8	1
RNA23t_2	58	6	1
RNA31_F	93	19	1
RNA2	61	9	14
RNA23t_2	58	7	1
SSUF_1	67	16	1
RNA23t_2	58	9	19
SSUF_1	67	18	5
SSUF_1	67	19	1
RNA33_F	109	16	2
RNA33_2	64	0	1
LSUC	45	0	1
RNA10_F	126	6	1
RNA11_F	72	10	970
RNA15_1	42	20	14
RNA11_F	72	11	888
RNA15_1	42	21	3
LSUC	45	9	1
RNA31_1	38	0	5
RNA11_F	72	12	205
RNA31_1	38	1	2
RNA6	95	0	5
RNA11_F	72	13	281
RNA15_1	42	23	1
RNA31_1	38	2	1
RNA11_F	72	14	33046
LSUB	34	0	6526
RNA11_F	72	15	1243
LSUB	34	1	1031
SSUE_2	40	20	2
RNA11_F	72	16	272
LSUB	34	2	350
RNA11_F	72	17	1157
LSUB	34	3	359
SSUE_2	40	22	12
RNA11_F	72	18	322
LSUB	34	4	414
SSUE_2	40	23	2
RNA6	95	6	6
RNA11_F	72	19	30
LSUB	34	5	734
RNA6	95	7	2
RNA1	112	0	8
LSUB	34	6	442
RNA1	112	1	5
LSUB	34	7	385
RNA23t_1	41	0	89
LSUB	34	8	89736
RNA23t_1	41	1	24
LSUB	34	9	394
RNA30	31	0	278
RNA23t_1	41	2	8
RNA30	31	1	11
RNA23t_1	41	3	8
RNA1	112	5	1
RNA5_F	118	0	106
RNA23t_1	41	4	7
RNA1	112	6	2
RNA5_F	118	1	9
RNA23t_1	41	5	3
RNA1	112	7	3
RNA5_F	118	2	3
RNA30	31	4	5
RNA23t_1	41	6	7
RNA5_F	118	3	3
RNA30	31	5	1
RNA23t_1	41	7	4
RNA5_F	118	4	6
RNA30	31	6	21
RNA23t_1	41	8	3
RNA5_F	118	5	3
RNA23t_1	41	9	24
RNA5_F	118	6	2
RNA9	86	10	1
RNA9	86	11	207
RNA19	36	0	52
RNA9	86	12	2
RNA5_F	118	9	1
RNA19	36	1	241
RNA38	90	3	2
RNA9	86	13	2
RNA19	36	2	1752
RNA38	90	4	1
RNA11_1	53	10	78
RNA9	86	14	2
RNA19	36	3	90
RNA42	56	14	1
RNA38	90	5	3
RNA11_1	53	11	83
RNA19	36	4	1
RNA11_1	53	12	265
RNA35	76	0	1
RNA19	36	5	47
RNA42	56	16	2
RNA34_F	135	10	4
RNA11_1	53	13	2292
RNA35	76	1	1
RNA3	75	0	7
RNA34_1	75	0	12
RNA9	86	17	1
RNA19	36	6	3
RNA11_1	53	14	205
RNA3	75	1	7
RNA34_1	75	1	6
RNA19	36	7	1
RNA11_1	53	15	38
RNA3	75	2	1
RNA19	36	8	50
RNA11_1	53	16	111
RNA34_1	75	3	1
RNA34_F	135	14	1
RNA11_1	53	17	36
RNA34_1	75	4	1
RNA11_1	53	18	46
RNA34_1	75	5	2
RNA11_1	53	19	54
RNA34_1	75	8	1
RNA34_1	75	9	2
RNA2	64	0	3
RNA2	64	4	1
RNA7	77	10	10
RNA7	77	12	1
RNA7	77	13	2
RNA2	64	8	1
RNA2	64	9	5
LSUC	48	0	3
RNA14	61	10	6
RNA14	61	11	1
RNA14	61	12	4
RNA14	61	13	6
RNA14	61	14	6
RNA14	61	15	9
RNA36	43	10	1
RNA14	61	16	2
RNA36	43	11	1
RNA14	61	17	5
RNA14	61	18	3
SSUE_F	66	10	2
RNA14	61	19	4
RNA6	98	0	2
LSUB	37	0	2412
LSUB	37	1	411
RNA6	98	2	1
LSUB	37	2	89
LSUB	37	3	105
SSUE_F	66	15	2
LSUB	37	4	159
SSUE_F	66	16	1
LSUB	37	5	107
LSUB	37	6	90
RNA1	115	0	2
SSUE_F	66	18	1
LSUB	37	7	98
RNA1	115	1	1
SSUE_1	80	51	1
LSUB	37	8	170
RNA23t_1	44	0	206
RNA6	98	9	7
RNA1	115	2	1
LSUB	37	9	100
RNA23t_1	44	1	46
RNA11_F	72	20	8
RNA1	115	3	1
RNA10_F	90	0	263
RNA30	34	0	85
RNA23t_1	44	2	11
RNA11_F	72	21	2
RNA10_F	90	1	32
RNA30	34	1	2
RNA23t_1	44	3	17
RNA11_F	72	22	2
RNA10_F	90	2	15
RNA23t_1	44	4	19
RNA1	115	6	1
RNA10_F	90	3	19
RNA30	34	3	419
RNA23t_1	44	5	7
RNA11_F	72	24	1
RNA1	115	7	1
RNA10_F	90	4	17
RNA30	34	4	5
RNA23t_1	44	6	18
RNA11_F	72	25	1
RNA10_F	90	5	1895
RNA7	90	0	1163
RNA30	34	5	6
RNA23t_1	44	7	13
RNA10_F	90	6	771
RNA7	90	1	237
RNA30	34	6	21
RNA23t_1	44	8	14
RNA10_F	90	7	77
RNA7	90	2	105
RNA30	34	7	398
RNA23t_1	44	9	7
RNA10_F	90	8	43
RNA7	90	3	109
RNA30	34	8	59
RNA10_F	90	9	4
RNA7	90	4	121
RNA19	39	0	58
RNA30	34	9	18
RNA7	90	5	115
RNA19	39	1	23
RNA33_1	50	0	3
RNA7	90	6	104
RNA19	39	2	3
RNA29	70	10	9
LSUB	88	15	1
RNA7	90	7	42
RNA7	90	8	35
RNA19	39	4	69
RNA38	93	5	1
RNA29	70	12	1
RNA7	90	9	85
RNA19	39	5	386
RNA38	93	6	4
RNA29	70	13	2
SSUE_1	47	10	2
RNA34_1	78	0	44
RNA19	39	6	20
RNA38	93	7	1
RNA3	78	0	82
SSUE_1	47	11	1
RNA34_1	78	1	11
RNA29	70	15	4
RNA3	78	1	7
SSUE_1	47	12	1
RNA34_1	78	2	5
SSUB	128	11	1
RNA19	39	8	71
RNA29	70	16	1
RNA3	78	2	1
SSUE_1	47	13	12
RNA34_1	78	3	4
RNA19	39	9	1
RNA33_F	140	10	1
RNA3	78	3	8
SSUE_1	47	14	4
RNA34_1	78	4	1
RNA3	78	4	28
SSUE_1	47	15	7
RNA34_1	78	5	5
RNA3	78	5	152
SSUE_1	47	16	34
RNA34_1	78	6	8
SSUE_1	47	17	11
RNA34_1	78	7	7
SSUB	128	16	1
LSUC	48	11	1
SSUE_1	47	18	36
RNA34_1	78	8	4
RNA29	135	13	1
RNA37	82	4	2
RNA34_1	78	9	4
RNA5_F	81	11	1
LSUC	48	13	4
RNA29	135	15	1
RNA11_1	53	20	35
RNA5_F	81	12	9
LSUC	48	14	1
RNA2	67	0	2
RNA11_1	53	21	3
RNA5_F	81	14	2
RNA2	67	2	1
LSUC	48	19	1
RNA35	60	0	18
RNA18	47	10	2
RNA35	60	1	5
RNA18	47	11	1
RNA18	47	12	4
RNA18	47	14	1
RNA18	47	15	34
RNA17	88	47	1
RNA18	47	16	436
RNA18	47	17	9
RNA35	60	8	1
RNA18	47	18	120
RNA5_1	62	11	1
RNA35	60	9	2
RNA18	47	19	2
RNA28	101	3	1
RNA5_1	62	15	3
RNA14	61	20	2
RNA14	61	21	1
RNA14	61	22	4
RNA1	118	0	4
RNA14	61	23	2
RNA1	118	1	2
RNA14	61	24	6
RNA14	61	25	1
RNA23t_1	47	0	2462
RNA14	61	26	356
RNA23t_1	47	1	514
RNA1	118	4	1
RNA10_F	93	0	32
RNA30	37	0	4962
RNA23t_1	47	2	230
RNA42	150	0	5
RNA10_F	93	1	9
RNA16	38	10	2
RNA30	37	1	190
RNA14	61	28	1
RNA23t_1	47	3	294
RNA15_1	41	10	41
RNA42	150	1	40
RNA10_F	93	2	1
RNA16	38	11	61
RNA30	37	2	166
RNA23t_1	47	4	191
RNA15_1	41	11	67
RNA10_F	93	3	1
RNA16	38	12	75
RNA30	37	3	210
RNA23t_1	47	5	275
RNA15_1	41	12	8
RNA42	150	3	1
RNA10_F	93	4	2
RNA16	38	13	8368
RNA30	37	4	160
RNA23t_1	47	6	258
RNA15_1	41	13	5
RNA42	150	4	3
RNA10_F	93	5	1
RNA7	93	0	702
RNA16	38	14	121
RNA2	98	10	3
RNA30	37	5	266
RNA23t_1	47	7	255
RNA15_1	41	14	3340
RNA10_F	93	6	4
RNA7	93	1	125
RNA16	38	15	43
LSUC	32	0	19
RNA30	37	6	66792
RNA23t_1	47	8	250
RNA15_1	41	15	47
RNA10_F	93	7	1
RNA7	93	2	64
RNA16	38	16	9
LSUC	32	1	4
RNA30	37	7	1097
RNA23t_1	47	9	217
RNA15_1	41	16	7
RNA10_F	93	8	174
RNA7	93	3	61
RNA16	38	17	6
LSUC	32	2	2
RNA30	37	8	79
RNA42	150	8	2
RNA10_F	93	9	65
RNA7	93	4	46
RNA16	38	18	15
LSUC	32	3	1
RNA30	37	9	28
RNA15_1	41	18	309
RNA42	150	9	1
RNA7	93	5	70
LSUC	32	4	1
RNA15_1	41	19	19
RNA7	93	6	75
LSUC	32	5	5
RNA7	93	7	60
LSUC	32	6	3
RNA7	93	8	57
LSUC	32	7	5
RNA9	124	13	3
RNA7	93	9	62
RNA13	69	15	2
RNA33_1	53	4	1
RNA6	82	0	6
RNA6	82	1	2
RNA6	82	2	2
RNA6	82	3	4
RNA6	82	4	1
SSUD	133	12	1
RNA15_1	17	0	9
RNA29	70	25	4
RNA29	70	28	2
LSUB	31	10	32
RNA18	25	0	115
RNA16	70	10	1
RNA35	63	0	2
LSUC	48	27	1
RNA16	70	11	2
RNA35	63	1	1
RNA34_1	62	0	6
RNA16	70	12	4
RNA34_1	62	1	1
RNA16	70	13	10
RNA11_1	129	0	1
RNA2	142	21	1
RNA16	70	16	2
RNA34_1	62	5	9
RNA16	70	17	2
RNA28	104	0	2
RNA34_1	62	6	4
RNA34_1	62	7	1
RNA31_F	92	10	1
RNA2	51	0	1
RNA1	111	10	1
RNA18	47	20	2
RNA1	111	11	49
RNA1	111	12	3
RNA28	104	8	1
RNA2	51	3	2
RNA31_F	92	14	3
RNA1	111	14	5
RNA2	51	5	2
RNA3	90	10	10
RNA1	111	15	4
RNA2	51	6	1
RNA5_1	72	9	1
RNA3	90	11	19
RNA1	111	16	1
RNA31_F	92	17	2
SSUF_1	66	12	1
RNA3	90	12	4
RNA31_F	92	18	1
RNA2	51	8	2
RNA3	90	13	4
RNA2	51	9	1
RNA10_F	96	0	6
SSUF_1	66	15	7
RNA5_1	62	21	1
RNA10_F	96	1	4
RNA10_F	96	2	1
SSUF_1	66	17	8
RNA10_F	96	3	1
SSUF_1	66	18	4
RNA33_F	108	15	1
RNA10_F	96	5	3
RNA7	96	0	216
RNA7	96	1	29
RNA14	61	30	1
LSUC	35	0	39
RNA33_F	108	18	1
RNA7	96	2	12
LSUC	35	1	3
RNA7	96	3	20
LSUC	35	2	3
RNA10_F	96	9	2
RNA7	96	4	11
LSUC	35	3	7
RNA7	96	5	14
LSUC	35	4	1
RNA33_1	56	0	2
RNA7	96	6	17
LSUC	35	5	6
RNA7	96	7	16
LSUC	35	6	1
RNA7	96	8	14
LSUC	35	7	5
RNA11_F	71	10	754
RNA23t_2	42	0	5156
RNA7	96	9	31
RNA15_1	41	20	4
LSUC	35	8	9
RNA11_F	71	11	158
RNA23t_2	42	1	49
RNA15_1	41	21	1
LSUC	35	9	3
RNA11_F	71	12	179
RNA23t_2	42	2	9
RNA6	85	0	5
RNA11_F	71	13	25788
RNA23t_2	42	3	1
RNA6	85	1	1
RNA11_F	71	14	981
RNA11_F	126	12	1
RNA31_1	73	11	2
RNA6	85	2	2
RNA11_F	71	15	174
RNA11_F	126	13	1
RNA6	85	3	2
RNA11_F	71	16	783
RNA6	85	4	2
RNA11_F	71	17	194
RNA6	85	5	1
RNA11_F	71	18	15
RNA6	85	6	1
RNA11_F	71	19	10
RNA1	102	0	11
RNA1	102	1	4
RNA11_F	126	19	1
RNA23t_1	31	0	21
RNA1	102	2	21
RNA1	102	3	5
RNA1	102	4	3
RNA23t_1	31	3	70
RNA1	102	5	69
RNA1	102	6	67
RNA23t_1	31	5	2
RNA39	91	7	1
RNA23t_1	31	6	7
RNA7	119	16	1
RNA1	102	8	6
SSUD	97	10	20
SSUD	97	11	7
RNA23t_1	31	8	1
RNA10_F	110	9	1
SSUD	97	12	7
SSUD	97	13	3
RNA9	85	10	212
RNA43	133	12	1
RNA38	80	0	1
SSUD	97	14	4
RNA9	85	11	4
SSUD	97	15	4
RNA9	85	12	2
SSUD	97	16	4
RNA9	85	13	3
SSUD	97	17	1
RNA11_1	52	10	88
SSUD	97	18	6
RNA18	28	0	205
RNA11_1	52	11	282
SSUD	97	19	2
RNA18	28	1	479
RNA11_1	52	12	1818
RNA29	70	34	1
RNA35	66	0	1
RNA34_1	65	0	6
RNA18	28	2	29
RNA11_1	52	13	282
RNA18	28	3	27
RNA11_1	52	14	54
RNA11_1	52	15	162
RNA11_1	52	16	32
RNA11_1	52	17	36
RNA34_1	65	5	1
RNA11_1	52	18	102
RNA28	107	0	2
RNA34_F	134	16	1
RNA11_1	52	19	63
RNA5_F	102	0	629
RNA5_F	102	1	62
RNA34_1	65	8	13
RNA5_F	102	2	73
RNA5_1	75	0	1
RNA34_1	65	9	20
RNA5_F	102	3	58
RNA5_F	102	4	32
RNA2	54	0	6
RNA5_F	102	5	25
RNA5_F	102	6	36
RNA28	78	22	1
RNA2	54	2	1
RNA5_F	102	7	30
RNA5_F	102	8	34
RNA5_F	102	9	51
RNA7	76	10	13
RNA2	54	5	1
RNA7	76	11	8
RNA17	87	35	1
RNA16	111	10	1
RNA7	76	12	1
RNA2	54	8	9
RNA2	54	9	11
RNA10_F	99	0	2
RNA35	82	13	1
RNA35	82	15	1
RNA10_F	99	5	1
RNA7	99	0	77
RNA34_F	136	72	1
RNA7	99	1	16
LSUC	38	0	11
RNA7	99	2	14
RNA14	60	10	16
RNA7	99	3	26
RNA14	60	11	12
LSUC	38	2	1
SSUF_1	66	20	1
RNA32_1	31	4	5
RNA7	99	4	14
RNA14	60	12	14
RNA7	99	5	10
RNA14	60	13	10
LSUC	38	4	2
RNA11_1	113	0	1
RNA7	99	6	12
RNA14	60	14	7
LSUC	38	5	1
RNA7	99	7	3
RNA14	60	15	6
LSUC	38	6	5
RNA7	99	8	4
RNA14	60	16	8
RNA23t_2	45	0	75169
RNA7	99	9	6
RNA14	60	17	12
LSUC	38	8	2
RNA23t_2	45	1	23062
RNA14	60	18	9
LSUC	38	9	3
RNA23t_2	45	2	10
RNA14	60	19	8
RNA6	88	0	4
RNA11_1	113	6	1
RNA23t_2	45	3	56
RNA6	88	1	2
RNA6	88	2	2
RNA6	88	3	2
RNA23t_2	45	7	1
RNA8	91	0	720
RNA8	91	1	1
SSUE_F	65	17	1
RNA1	105	0	12
RNA6	88	7	1
RNA8	91	3	12
RNA10_F	113	0	1
RNA39	94	0	1
RNA23t_1	34	0	17
RNA6	88	9	3
RNA33_2	51	0	1
RNA11_F	71	20	4
RNA8	91	5	2
RNA10_F	80	0	4
RNA23t_1	34	2	4
RNA11_F	71	21	2
RNA1	105	5	10
RNA10_F	80	1	10
RNA33_2	51	2	1
RNA10_F	131	19	2
RNA23t_1	34	3	4
RNA1	105	6	2
RNA10_F	80	2	1
RNA33_2	51	3	1
RNA23t_1	34	4	3
RNA1	105	7	1
RNA10_F	113	6	1
RNA10_F	80	3	2
RNA23t_1	34	5	1
RNA1	105	8	31
RNA10_F	80	4	4
RNA23t_1	34	6	131
RNA1	105	9	18
RNA10_F	80	5	2
RNA7	80	0	3937
RNA23t_1	34	7	1
RNA10_F	113	9	3
RNA7	80	1	1424
RNA23t_1	34	8	1
RNA7	80	2	4
RNA23t_1	34	9	33
RNA7	80	3	13
RNA7	80	4	2
RNA19	29	0	53
RNA19	29	1	221
RNA33_1	40	0	37
LSUB	21	0	10
RNA7	80	6	3
RNA19	29	2	14
RNA33_1	40	1	9
LSUB	87	15	2
RNA7	80	7	12
RNA33_1	40	2	1
RNA7	80	8	13
RNA33_1	40	3	3
RNA7	80	9	7
RNA33_1	40	4	1
RNA34_1	68	0	10
RNA33_1	40	5	4
SSUE_1	46	11	2
RNA34_1	68	1	3
RNA33_1	40	6	4
SSUE_1	46	12	8
SSUE_1	46	13	9
RNA34_1	68	3	1
RNA33_1	40	8	3
SSUD	97	21	3
SSUE_1	46	14	12
RNA34_1	68	4	1
RNA33_1	40	9	32
RNA37	72	0	1
SSUE_1	46	15	51
RNA34_1	68	5	2
SSUD	97	23	1
SSUE_1	46	16	21
RNA34_1	68	6	1
RNA5_F	105	0	121
SSUD	97	24	4
SSUE_1	46	17	84
RNA34_1	68	7	1
RNA5_F	105	1	42
SSUD	97	25	193
RNA5_F	105	2	498
SSUD	97	26	2
RNA5_F	80	11	2
RNA5_F	105	3	713
SSUD	97	27	1
RNA11_1	52	20	7
RNA5_F	105	4	735
RNA2	57	0	11
RNA5_F	80	13	6
RNA5_F	105	5	101
RNA2	57	1	1
RNA5_F	105	6	6
RNA2	57	2	1
RNA5_F	105	7	3
RNA5_F	105	8	3
RNA5_F	105	9	6
RNA2	57	5	2
RNA2	57	6	1
RNA2	57	7	1
RNA2	57	9	11
RNA42	102	19	1
RNA17	87	47	1
RNA32_1	34	7	2
RNA7	150	14	1
RNA5_1	61	10	1
RNA23t_2	48	0	1239
RNA23t_2	48	1	7
RNA33_1	111	6	1
RNA23t_2	48	2	128
RNA23t_2	48	3	10
RNA23t_2	48	4	161
RNA5_1	61	15	1
RNA23t_2	48	5	2
RNA23t_2	48	6	6
RNA14	60	20	6
RNA8	94	0	211
RNA14	60	21	10
RNA8	94	1	10
RNA23t_2	48	8	1
RNA14	60	22	2
RNA8	94	2	5
RNA1	108	0	6
RNA14	60	23	7
RNA8	94	3	2
RNA14	60	24	4
RNA10_F	116	1	1
RNA14	60	25	849
RNA23t_1	37	0	29
RNA33_2	54	0	2
RNA14	60	26	1
RNA23t_1	37	1	7
RNA8	94	6	6
RNA10_F	83	0	48
RNA14	60	27	1
RNA23t_1	37	2	3
RNA10_F	116	4	1
RNA10_F	83	1	101
RNA16	37	10	48
RNA23t_1	37	3	2
RNA15_1	40	10	100
SSUE_F	65	20	1
RNA8	94	8	1
RNA10_F	116	5	1
RNA10_F	83	2	2
RNA16	37	11	57
RNA15_1	40	11	6
RNA10_F	83	3	7
RNA33_2	54	4	1
RNA16	37	12	7324
RNA23t_1	37	5	9
RNA15_1	40	12	11
RNA1	108	8	13
RNA10_F	83	4	4
RNA16	37	13	117
RNA23t_1	37	6	13
RNA15_1	40	13	5620
RNA1	108	9	2
RNA10_F	83	5	7
RNA7	83	0	13
RNA16	37	14	33
RNA23t_1	37	7	1
RNA15_1	40	14	76
RNA10_F	116	9	2
RNA10_F	83	6	3
RNA7	83	1	4
RNA16	37	15	11
RNA23t_1	37	8	6
RNA15_1	40	15	4
RNA10_F	83	7	4
RNA7	83	2	4
RNA16	37	16	6
RNA23t_1	37	9	491
RNA15_1	40	16	3
RNA10_F	83	8	2
RNA7	83	3	723
RNA33_2	54	9	4
RNA16	37	17	21
RNA15_1	40	17	532
RNA10_F	83	9	1
RNA7	83	4	1740
RNA13	68	10	1
RNA15_1	40	18	31
LSUB	24	0	21
RNA7	83	5	34
RNA13	68	11	1
RNA33_1	43	0	14
RNA15_1	40	19	6
LSUB	24	1	85
RNA7	83	6	25
RNA33_F	98	10	1
RNA9	123	12	5
RNA7	83	7	5
RNA33_1	43	2	2
RNA7	83	8	17
RNA33_1	43	3	2
RNA7	83	9	21
RNA33_F	98	13	1
RNA33_1	43	5	1
RNA33_1	43	6	2
RNA33_F	98	16	1
RNA33_1	43	7	2
RNA33_1	43	8	1
RNA37	75	0	1
RNA33_1	43	9	1
RNA5_F	108	0	451
RNA5_F	108	1	59
RNA5_F	108	2	417
RNA5_F	108	3	167
RNA5_F	108	4	359
RNA5_F	108	5	330
RNA5_F	108	6	12
RNA5_F	108	8	1
RNA5_F	108	9	2
SSUD	97	31	1
RNA11_F	92	0	776
RNA9	142	0	2
RNA11_F	92	1	26
RNA42	55	15	1
RNA11_F	92	2	41
RNA42	55	16	3
RNA11_F	92	3	39
RNA11_F	92	4	80
RNA9	142	4	1
RNA11_F	92	5	104
RNA11_F	92	6	23
RNA11_F	92	7	4
RNA9	142	7	1
RNA11_F	92	8	2
RNA9	142	8	1
RNA11_F	92	9	79
RNA9	142	9	1
RNA34_1	52	0	151
RNA34_1	52	1	93
RNA42	102	24	1
RNA34_1	52	2	1
RNA34_1	52	3	5
RNA34_1	52	5	6
RNA34_1	52	6	4
RNA34_1	52	7	10
RNA5_1	62	0	6
RNA34_1	52	8	4
SSUD	134	76	1
RNA5_1	62	1	2
RNA5_1	62	2	30
RNA1	110	10	33
RNA1	110	11	1
RNA14	105	10	4
RNA31_F	91	12	2
RNA8	97	0	281
RNA1	110	13	12
RNA31_F	91	13	8
RNA1	110	14	5
RNA8	97	1	11
RNA8	97	2	1
RNA31_F	91	16	1
RNA8	97	3	11
RNA5_1	62	9	8
RNA31_F	91	17	3
RNA8	97	4	4
RNA10_F	119	1	6
RNA14	105	16	1
SSUF_1	65	13	1
RNA8	97	5	35
SSUF_1	65	14	5
RNA8	97	6	13
RNA10_F	86	0	103
RNA8	97	7	1
SSUF_1	65	15	1
RNA10_F	86	1	322
SSUF_1	65	16	15
RNA5_1	61	22	1
RNA10_F	119	5	1
RNA10_F	86	2	194
RNA8	97	9	10
SSUF_1	65	17	3
RNA5_1	61	23	1
RNA10_F	119	6	1
RNA10_F	86	3	62
SSUF_1	65	18	2
RNA10_F	119	7	1
RNA10_F	86	4	59
SSUF_1	65	19	1
RNA5_1	61	25	2
RNA10_F	86	5	5
RNA7	86	0	350
RNA33_F	107	17	1
RNA10_F	86	6	10
RNA7	86	1	46
RNA33_F	107	18	3
RNA10_F	86	7	5
RNA7	86	2	28
RNA33_2	57	8	2
RNA36	42	11	1
RNA10_F	86	8	6
RNA7	86	3	20
RNA33_2	57	9	1
RNA38	89	0	2
RNA10_F	86	9	7
RNA7	86	4	2
RNA36	42	13	1
RNA33_1	46	0	10
LSUB	27	0	69
RNA7	86	5	16
LSUC	25	4	6
LSUB	27	1	732
RNA7	86	6	895
RNA38	89	3	2
LSUB	27	2	3
RNA7	86	7	4814
RNA38	89	4	3
RNA11_F	70	10	117
LSUB	27	3	2
RNA7	86	8	159
RNA11_F	70	11	109
RNA7	86	9	85
RNA15_1	40	20	1
RNA11_F	70	12	16561
LSUB	27	5	4
RNA15_1	40	21	1
RNA11_F	70	13	805
LSUB	27	6	20
RNA15_1	40	22	1
RNA11_F	70	14	118
RNA11_F	70	15	673
RNA11_F	70	16	163
RNA11_F	70	17	12
RNA11_F	70	18	4
RNA11_F	70	19	9
RNA10_F	100	0	3
RNA7	118	15	4
SSUD	96	10	12
RNA11_F	95	0	389
RNA10_F	100	9	1
RNA9	145	0	6
SSUD	96	11	21
RNA11_F	95	1	19
RNA9	145	1	1
RNA33_2	71	16	1
SSUD	96	12	15
RNA11_F	95	2	11
RNA9	84	10	6
SSUD	96	13	5
RNA11_F	95	3	32
SSUD	96	14	10
RNA11_F	95	4	66
SSUD	96	15	8
RNA9	84	12	3
RNA11_F	95	5	89
SSUD	96	16	6
RNA11_F	95	6	26
SSUD	96	17	3
RNA11_1	51	10	252
RNA11_F	95	7	4
RNA9	84	15	2
SSUD	96	18	6
RNA11_1	51	11	1556
SSUD	96	19	6
RNA9	84	16	1
RNA11_1	51	12	182
LSUC	47	10	1
RNA34_1	55	0	8712
RNA9	84	17	1
RNA9	145	9	1
RNA11_1	51	13	69
RNA34_1	55	1	36
RNA11_1	51	14	162
LSUC	47	12	3
RNA34_1	55	2	6
RNA9	84	19	1
RNA11_1	51	15	21
LSUC	47	13	1
RNA34_1	55	3	7
RNA11_1	51	16	47
RNA11_1	51	17	177
RNA34_1	55	5	3
RNA11_1	51	18	108
RNA11_1	51	19	19
RNA34_1	55	8	3
RNA5_1	65	0	86
RNA34_1	55	9	3
RNA5_1	65	1	2
RNA5_1	65	5	1
RNA7	75	10	14
RNA7	75	11	6
RNA35	50	0	4
RNA18	46	10	6
RNA10_F	89	0	178
RNA18	46	11	8
RNA42	146	0	1
RNA10_F	89	1	33
RNA18	46	12	1
RNA10_F	89	2	6
RNA18	46	13	4
RNA10_F	89	3	9
RNA18	46	14	73
RNA10_F	89	4	933
RNA18	46	15	664
RNA10_F	89	5	1586
RNA7	89	0	1164
RNA18	46	16	16
LSUC	28	0	75
RNA10_F	89	6	105
RNA7	89	1	251
RNA18	46	17	204
LSUC	28	1	10
RNA10_F	89	7	57
RNA7	89	2	116
RNA18	46	18	6
LSUC	28	2	5
RNA10_F	89	8	10
RNA7	89	3	130
RNA18	46	19	2
LSUC	28	3	13
RNA10_F	89	9	1
RNA7	89	4	181
RNA33_1	49	0	2
RNA9	92	0	12
RNA7	89	5	128
SSUF_1	65	22	1
RNA9	92	1	2
RNA7	89	6	53
LSUC	28	6	6
RNA33_1	49	2	1
RNA9	92	2	3
RNA7	89	7	31
LSUC	28	7	1279
RNA9	92	3	1
RNA7	89	8	86
SSUF_2	125	10	2
RNA7	89	9	5203
LSUC	28	9	5
RNA9	92	6	2
RNA33_1	49	7	1
RNA33_1	49	9	1
RNA30	27	0	125
RNA30	27	1	2
RNA39	84	0	2
RNA10_F	103	1	1
RNA23t_1	24	0	1
RNA11_F	70	20	2
RNA33_2	41	0	10
RNA10_F	70	0	3
RNA23t_1	24	2	8
RNA11_F	70	22	1
RNA11_F	70	23	1
RNA10_F	103	7	1
RNA33_2	41	6	1
RNA11_F	98	0	364
RNA9	148	0	2
RNA11_F	98	1	9
RNA11_F	98	2	7
RNA33_2	41	9	1
RNA11_F	98	3	8
RNA6	72	0	149
RNA11_F	98	4	13
RNA6	72	1	30
RNA33_1	30	0	3
RNA11_F	98	5	30
RNA6	72	2	7
RNA11_F	98	6	24
RNA6	72	3	11
RNA11_F	98	7	10
RNA6	72	4	11
RNA6	72	5	8
RNA33_1	30	4	2
SSUE_1	45	10	1
RNA34_1	58	0	168
RNA6	72	6	4
SSUE_1	45	11	5
RNA34_1	58	1	4
RNA6	72	7	3
RNA33_1	30	6	18
SSUE_1	45	12	4
RNA6	72	8	11
RNA33_1	30	7	24
SSUD	96	20	6
SSUE_1	45	13	11
RNA34_1	58	3	2
RNA6	72	9	10
RNA33_1	30	8	16
RNA23t_F	69	10	2
SSUE_1	45	14	103
RNA33_1	30	9	22
SSUD	96	22	2
SSUE_1	45	15	39
RNA23t_F	69	12	1
SSUD	96	23	4
SSUE_1	45	16	130
RNA9	84	20	1
RNA34_1	58	6	6
SSUE_1	45	17	1
RNA34_1	58	7	3
SSUD	96	24	380
SSUD	96	25	1
RNA5_1	68	0	1
RNA34_1	58	8	3
RNA34_1	58	9	2
SSUD	96	27	1
RNA5_1	68	3	1
RNA42	101	10	1
RNA5_1	68	8	1
RNA35	53	0	4
RNA42	101	18	2
RNA35	53	1	1
RNA2	141	20	1
RNA35	53	7	1
RNA33_2	39	10	1
RNA9	95	0	14
RNA33_2	39	12	1
SSUF_2	147	0	1
RNA11_1	106	0	1
RNA9	95	1	3
RNA23t_2	38	0	392
RNA33_2	39	16	46
RNA23t_2	38	1	3
RNA9	95	5	2
RNA33_2	39	17	2
RNA23t_2	38	2	6
RNA9	95	6	2
RNA5_1	60	14	1
RNA5_1	60	15	1
RNA5_1	60	18	1
RNA32_F	101	0	1
RNA5_1	60	19	3
RNA23t_1	27	0	1
RNA10_F	106	2	1
RNA23t_1	27	2	13
RNA10_F	73	0	11
RNA33_2	44	1	1
RNA16	36	10	28
RNA16	36	11	6277
RNA10_F	73	3	1
RNA16	36	12	85
RNA16	36	13	48
RNA16	36	14	12
RNA10_F	106	9	1
RNA16	36	15	7
RNA16	36	16	20
RNA6	75	0	51
RNA33_1	33	0	41
RNA6	75	1	7
RNA33_1	33	1	8
RNA6	75	2	6
RNA33_1	33	2	3
RNA6	75	3	3
RNA33_1	33	3	3
RNA6	75	4	4
RNA33_1	33	4	2
RNA6	75	5	2
RNA33_1	33	5	5
RNA35	49	10	3
RNA6	75	6	9
RNA33_1	33	6	3
RNA6	75	7	6
RNA8	149	41	1
RNA35	49	12	2
RNA6	75	8	1
RNA33_1	33	8	7
RNA8	149	42	1
RNA6	75	9	5
RNA33_1	33	9	173
RNA29	150	105	8
RNA11_1	149	91	1
SSUE_1	45	20	1
SSUD	96	30	2
RNA11_F	82	0	661
RNA42	54	14	1
RNA9	132	0	4
RNA11_F	82	1	154
RNA42	54	15	1
RNA35	56	0	4
RNA37	90	12	1
RNA9	132	1	15
RNA11_F	82	2	112
RNA11_F	82	3	98
RNA11_F	82	4	88
RNA11_F	82	5	64
RNA11_F	82	6	84
RNA11_F	82	7	89
RNA11_F	82	8	92
RNA11_F	82	9	112
RNA42	101	23	1
RNA9	98	0	2
RNA9	98	1	1
RNA2	44	0	44
RNA11_1	109	0	1
RNA9	98	2	4
RNA2	44	1	15
RNA9	98	3	1
RNA9	98	4	1
RNA9	98	5	2
RNA5_1	52	0	30
RNA5_1	52	1	113
RNA5_1	52	2	1
RNA9	98	8	4
RNA31_F	90	10	1
RNA31_F	90	11	1
RNA5_1	52	4	1
RNA31_F	90	12	8
RNA5_1	52	5	3
RNA8	87	0	11
RNA5_1	52	6	1
RNA8	87	2	36
RNA31_F	90	15	3
RNA5_1	52	8	3
RNA31_F	90	16	3
RNA5_1	52	9	2
RNA10_F	109	1	2
SSUF_1	64	13	9
RNA33_2	47	0	4
SSUF_1	64	14	1
RNA10_F	76	0	1
SSUF_1	64	15	14
RNA5_1	60	21	1
RNA10_F	76	1	4
SSUF_1	64	16	1
SSUF_1	64	17	2
RNA10_F	76	4	2
RNA33_F	106	17	1
RNA10_F	76	6	1
RNA36	41	10	2
RNA36	41	12	1
RNA6	78	0	20
RNA7	150	52	1
RNA6	78	1	5
RNA33_1	36	0	94
RNA33_1	36	1	21
RNA33_1	36	2	1
SSUE_F	64	14	1
RNA6	78	4	1
RNA33_1	36	3	9
SSUE_F	64	15	2
RNA6	78	5	1
RNA33_1	36	4	6
SSUE_F	64	16	2
RNA6	78	6	4
RNA33_1	36	5	13
RNA6	78	7	4
RNA33_1	36	6	3
RNA6	78	8	4
RNA33_1	36	7	10
RNA31_1	71	10	3
RNA6	78	9	1
RNA33_1	36	8	5
RNA33_1	36	9	6
RNA37	68	0	1
RNA39	71	0	2
RNA11_F	124	18	1
RNA7	70	0	39
RNA7	70	1	90
RNA39	71	4	1
RNA7	70	3	2
RNA7	117	14	1
LSUB	86	13	1
RNA7	70	5	2
LSUB	86	14	2
RNA7	70	6	1
SSUD	95	10	38
RNA11_F	85	0	222
RNA9	135	0	6
SSUD	95	11	12
RNA11_F	85	1	86
RNA35	59	0	20
RNA9	135	1	3
SSUD	95	12	17
RNA11_F	85	2	281
SSUD	95	13	10
RNA9	83	10	2
RNA11_F	85	3	248
RNA9	83	11	5
SSUD	95	14	12
RNA11_F	85	4	89
RNA9	135	4	20
RNA33_2	70	19	1
SSUD	95	15	7
RNA11_F	85	5	47
SSUD	95	16	12
RNA9	135	5	1
RNA11_F	85	6	29
SSUD	95	17	7
RNA11_F	85	7	18
RNA9	83	15	1
RNA9	135	7	1
SSUD	95	18	9
RNA11_F	85	8	20
SSUD	95	19	11
RNA11_F	85	9	30
LSUC	46	11	3
RNA34_1	45	0	135
RNA34_1	45	1	94
RNA34_F	132	11	1
RNA34_1	45	2	10
RNA34_F	132	13	1
RNA2	47	0	36
RNA2	47	1	10
RNA2	47	3	2
RNA5_1	55	0	186
RNA36	51	0	3
RNA2	47	4	2
RNA5_1	55	2	2
RNA17	140	21	1
RNA5_1	55	4	1
RNA7	74	10	5
RNA36	51	7	1
RNA5_1	55	9	1
RNA18	45	10	5
RNA35	40	0	12
RNA18	45	11	5
RNA35	40	1	3
RNA10_F	79	0	7
RNA18	45	12	3
RNA35	40	2	3
RNA10_F	79	1	7
RNA18	45	13	170
RNA35	40	3	1
RNA10_F	79	2	1
RNA18	45	14	1110
RNA10_F	79	3	2
RNA18	45	15	22
RNA35	40	5	3
RNA18	45	16	306
RNA35	40	6	4
RNA18	45	17	9
RNA35	40	7	3
RNA10_F	79	6	1
RNA18	45	18	10
RNA35	40	8	1
RNA35	40	9	1
SSUF_1	64	20	1
RNA33_1	39	0	55
RNA9	82	0	8
RNA3	150	0	8
RNA33_1	39	1	14
RNA33_1	39	2	10
RNA9	82	2	2
RNA33_1	39	3	5
RNA33_1	39	4	5
RNA9	82	4	4
SSUF_1	64	26	1
RNA33_1	39	5	6
RNA33_1	39	6	3
RNA3	150	6	1
RNA33_1	39	7	5
RNA9	82	7	78
RNA33_1	39	8	15
RNA9	82	8	2
RNA33_1	39	9	10
RNA7	150	64	1
RNA39	74	0	1
RNA7	73	0	39
RNA7	73	1	75
RNA33_2	31	0	1
RNA7	73	2	1
RNA7	73	3	1
RNA7	73	4	6
RNA9	122	10	1
RNA7	73	5	2
RNA9	122	11	3
RNA11_F	88	0	259
RNA9	122	12	2
RNA7	73	7	1
RNA33_F	97	11	1
RNA11_F	88	1	54
RNA7	73	8	22
RNA9	138	0	8
RNA33_F	97	12	1
RNA11_F	88	2	175
RNA9	122	14	1
RNA7	73	9	4
RNA33_2	31	8	2
RNA11_F	88	3	290
RNA11_F	88	4	335
RNA9	138	3	1
RNA6	62	0	218320
RNA11_F	88	5	370
RNA6	62	1	14651
RNA33_1	20	0	2
RNA11_F	88	6	37
RNA6	62	2	160
RNA11_F	88	7	10
RNA9	122	19	1
RNA6	62	3	71
RNA11_F	88	8	5
RNA9	138	7	104
RNA6	62	4	94
RNA11_F	88	9	5
RNA6	62	5	74
RNA34_1	48	0	157
RNA6	62	6	27772
RNA34_1	48	1	70
RNA6	62	7	1188
RNA34_1	48	2	6
RNA6	62	8	32
RNA23t_F	68	10	1
RNA34_1	48	3	11
RNA6	62	9	18
SSUD	95	21	1
RNA34_1	48	4	4
SSUD	95	22	23
SSUD	95	23	842
SSUD	95	24	4
RNA23t_F	68	15	1
RNA5_1	58	0	70
RNA9	83	22	1
SSUD	95	26	3
RNA23t_F	68	16	1
RNA5_1	58	1	4
RNA9	83	23	1
SSUD	95	29	2
RNA5_1	58	5	1
RNA5_1	58	8	1
LSUC	46	25	2
RNA42	100	17	1
RNA35	43	0	10
RNA35	43	1	3
RNA35	43	3	1
RNA35	43	6	1
RNA17	85	44	2
RNA17	85	45	1
RNA23t_1	49	10	19
RNA9	85	0	7
RNA33_2	38	11	1
RNA23t_1	49	11	28
RNA9	85	1	3
RNA23t_1	49	12	32
RNA9	85	2	5
RNA23t_1	49	13	10
RNA9	85	3	3
RNA23t_1	49	14	17
RNA9	85	4	1
RNA33_2	38	15	50
RNA23t_1	49	15	30
RNA33_2	102	15	1
RNA23t_1	49	16	25
RNA23t_1	49	17	104
RNA9	85	7	1
RNA23t_1	49	18	143
RNA33_2	38	19	1
RNA23t_1	49	19	16
RNA7	76	0	59
SSUF_1	64	34	1
RNA33_2	34	0	9
RNA7	76	2	2
RNA33_2	34	1	3
RNA7	76	3	7
RNA7	76	4	5
RNA7	76	5	3
LSUB	140	114	1
RNA7	76	6	2
RNA33_2	34	5	1
RNA7	76	7	7
RNA7	76	8	7
RNA7	150	71	3
RNA7	76	9	9
RNA6	65	0	189
RNA6	65	1	182
RNA13	66	11	2
RNA6	65	2	7
RNA6	65	3	1928
RNA6	65	4	222
RNA6	65	5	6
RNA6	65	6	9
RNA35	48	10	1
RNA6	65	7	7
RNA35	48	11	2
RNA13	66	17	1
RNA6	65	8	13
RNA6	65	9	2039
RNA35	48	14	1
RNA9	122	24	1
RNA7	117	37	1
RNA42	53	13	6
RNA7	117	38	1
RNA11_1	50	10	1192
RNA11_F	72	0	2334
RNA42	53	14	3
RNA9	122	0	1
RNA11_1	50	11	143
RNA11_F	72	1	492
RNA35	46	0	7
RNA11_1	50	12	36
RNA11_F	72	2	225
RNA35	46	1	7
RNA11_1	50	13	153
RNA11_F	72	3	208
RNA11_1	50	14	29
RNA11_F	72	4	201
RNA35	46	3	1
RNA11_1	50	15	59
RNA11_F	72	5	241
RNA11_1	50	16	234
RNA11_F	72	6	182
RNA11_1	50	17	162
RNA11_F	72	7	148
RNA11_1	50	18	32
RNA11_F	72	8	207
RNA11_F	72	9	162
RNA28	75	13	2
RNA35	46	9	1
RNA9	88	0	11
RNA9	88	1	4
RNA9	88	2	4
RNA28	75	18	1
RNA34_F	132	37	1
RNA9	88	4	2
RNA9	88	5	1
RNA9	88	6	1
RNA9	88	7	2
RNA9	88	9	1
RNA23t_1	49	20	24
RNA23t_1	49	21	3483
RNA23t_1	49	22	1
SSUF_1	63	12	13
RNA23t_1	49	23	3
RNA7	79	0	20871
RNA33_2	37	0	10
LSUC	18	0	1
SSUF_1	63	13	1
RNA23t_1	49	24	108
RNA7	79	1	387
RNA33_2	37	1	1
SSUF_1	63	14	25
RNA7	79	2	5
SSUF_1	63	15	14
RNA7	79	3	1
SSUF_1	63	16	6
SSUF_1	63	17	1
RNA7	79	5	2
RNA7	79	6	3
RNA33_2	37	6	1
SSUF_1	63	19	1
RNA7	79	7	5
RNA36	40	10	3
RNA7	79	8	5
RNA33_2	37	8	2
RNA36	40	11	2
RNA7	79	9	5
RNA6	68	0	208
RNA6	68	1	32
RNA33_1	26	0	4
RNA6	68	2	14
SSUF_2	121	0	1
SSUE_F	63	13	1
RNA6	68	3	11
SSUE_F	63	14	3
RNA6	68	4	28
RNA33_1	26	3	1
SSUE_F	63	15	4
RNA6	68	5	10
RNA6	68	6	662
RNA33_1	26	5	2
SSUE_F	63	17	1
RNA6	68	7	154
RNA33_1	26	6	2
RNA6	68	8	17
RNA11_F	123	11	1
RNA6	68	9	4
RNA11_F	123	16	1
RNA39	61	0	1
RNA7	116	10	1
RNA7	116	13	6
RNA7	116	14	1
LSUB	85	12	1
LSUB	85	14	1
RNA11_F	75	0	6860
SSUD	94	10	44
RNA11_F	75	1	2034
SSUD	94	11	38
SSUD	94	12	20
RNA11_F	75	2	1082
RNA35	49	0	3
SSUE_1	44	10	10
RNA11_F	75	3	1295
RNA35	49	1	3
SSUD	94	13	31
SSUE_1	44	11	11
RNA11_F	75	4	792
SSUB	125	10	1
SSUD	94	14	21
SSUE_1	44	12	15
RNA11_F	75	5	601
SSUD	94	15	22
SSUE_1	44	13	126
RNA11_F	75	6	673
SSUD	94	16	13
SSUE_1	44	14	50
SSUD	94	17	17
RNA11_F	75	7	739
SSUE_1	44	15	178
RNA11_F	75	8	835
SSUD	94	18	27
RNA11_F	75	9	645
LSUC	45	11	1
SSUE_1	44	19	2
LSUC	45	13	2
LSUC	45	14	2
RNA36	41	0	5
RNA36	41	1	1
RNA36	41	3	2
SSUD	131	59	1
RNA36	41	8	3
RNA36	41	9	1
RNA18	44	10	5
RNA35	30	0	434
RNA18	44	11	5
RNA35	30	1	67
RNA18	44	12	204
RNA35	30	2	30
RNA18	44	13	1441
RNA35	30	3	103
RNA18	44	14	19
RNA35	30	4	62
RNA18	44	15	388
RNA35	30	5	21
RNA18	44	16	6
RNA35	80	20	1
RNA35	30	6	15
RNA18	44	17	13
RNA35	30	7	24
RNA35	30	8	7939
RNA35	30	9	164
RNA9	72	0	21
RNA33_1	29	0	1
RNA9	72	1	2
RNA9	72	3	1
RNA33_1	29	5	11
RNA9	72	6	1
RNA33_1	29	6	7
RNA33_1	29	7	5
SSUF_2	124	6	1
RNA9	72	8	2
RNA33_1	29	8	4
RNA33_1	29	9	8
SSUF_2	124	9	2
RNA16	35	10	4977
RNA16	35	11	75
RNA16	35	12	34
RNA39	64	0	4
RNA16	35	13	15
RNA16	35	14	9
RNA35	81	59	1
RNA16	35	15	20
RNA8	147	15	2
RNA9	121	10	5
RNA11_F	78	0	3196
RNA11_F	78	1	711
RNA9	128	0	1
RNA11_F	78	2	253
RNA9	121	14	1
RNA11_F	78	3	310
RNA6	52	0	211
RNA11_F	78	4	176
RNA6	52	1	156
RNA11_F	78	5	188
RNA13	66	32	1
RNA33_F	96	16	1
RNA6	52	2	50
RNA11_F	78	6	193
RNA6	52	3	924
RNA11_F	78	7	297
RNA7	116	21	1
RNA6	52	4	261
RNA11_F	78	8	240
RNA11_F	78	9	179
RNA23t_F	67	10	3
SSUD	94	20	10
RNA23t_F	67	11	1
SSUD	94	21	49
RNA23t_F	67	12	4
SSUD	94	22	1677
SSUD	94	23	13
SSUD	94	24	1
SSUD	94	25	7
RNA36	44	0	4
RNA23t_F	67	16	1
SSUD	94	28	5
LSUC	45	24	3
RNA36	44	9	2
RNA35	33	0	568
RNA35	33	1	75
RNA35	33	2	5
RNA35	33	3	15
RNA35	33	4	20
RNA35	33	5	18
RNA35	33	6	37
RNA35	33	7	14
RNA35	33	8	12
RNA5_1	42	0	12
RNA35	33	9	3
RNA5_1	42	1	152
RNA23t_1	48	10	109
RNA9	75	0	329
RNA23t_1	48	11	71
RNA5_1	42	3	22
RNA9	75	1	15
SSUF_2	127	0	1
RNA23t_1	48	12	73
RNA5_1	42	4	5
RNA9	75	2	6
RNA23t_1	48	13	70
RNA9	75	3	3
RNA33_2	37	14	63
RNA23t_1	48	14	70
RNA5_1	42	6	5
RNA23t_1	48	15	77
RNA23t_1	48	16	290
RNA5_1	42	8	1
RNA33_2	37	17	1
RNA23t_1	48	17	597
RNA5_1	42	9	2
RNA33_2	37	18	1
RNA23t_1	48	18	70
RNA23t_1	48	19	82
RNA9	75	9	1
SSUF_1	63	33	1
RNA7	66	0	46
RNA7	66	1	105
RNA7	66	2	6
RNA39	67	4	1
RNA42	110	1	6
RNA42	110	8	2
RNA13	65	10	3
RNA6	55	0	2065
RNA13	65	11	1
RNA6	55	1	189
RNA13	65	12	1
RNA6	55	2	107
RNA6	55	3	2170
RNA6	55	4	824
RNA6	55	5	217
RNA6	55	6	31
RNA42	52	11	1
RNA9	82	12	1
RNA36	47	7	1
RNA42	52	12	1
RNA42	52	13	2
RNA9	82	14	2
SSUD	130	40	1
RNA35	36	0	45
RNA35	36	1	13
RNA34_F	131	10	3
RNA35	36	2	7
RNA42	52	18	1
SSUD	94	36	1
RNA35	36	3	9
RNA34_F	131	12	3
RNA35	36	4	6
RNA35	36	5	4
RNA35	36	6	1
RNA35	36	7	4
RNA35	36	8	2
RNA5_1	45	0	74
RNA35	36	9	5
RNA9	78	0	18
RNA5_1	45	4	1
RNA28	74	18	1
RNA5_1	45	5	1
RNA9	78	3	89
RNA5_1	45	6	8
RNA9	78	4	1
RNA30	69	14	19
RNA9	78	6	1
RNA5_1	45	9	8
SSUB	142	0	12
RNA30	69	18	2
SSUB	142	1	2
SSUB	142	2	1
SSUB	142	3	1
SSUB	142	4	2
RNA23t_1	48	20	13240
SSUB	142	5	1
RNA23t_1	48	21	4
RNA23t_1	48	22	1
SSUB	142	7	1
RNA7	69	0	145
RNA23t_1	48	23	362
RNA7	69	1	9
RNA33_2	27	0	2
RNA7	69	2	2
RNA7	69	4	2
SSUE_F	99	1	1
RNA42	113	8	1
RNA6	58	0	16106
RNA6	58	1	356
SSUE_F	62	12	1
RNA6	58	2	92730
RNA6	58	3	11649
SSUE_F	62	14	9
RNA6	58	4	3274
SSUE_F	62	15	2
RNA6	58	5	691
SSUE_F	62	16	1
RNA6	58	6	65
RNA6	58	7	8
SSUF_2	111	5	3
RNA6	58	8	10
SSUF_2	111	6	1
SSUE_F	62	19	1
RNA6	58	9	11
RNA15_1	96	73	1
RNA14	144	0	1
RNA14	144	1	1
LSUB	145	1	4
LSUB	84	11	2
RNA14	144	5	1
LSUB	84	12	3
LSUB	84	13	1
SSUD	93	10	82
SSUD	93	11	45
RNA9	115	0	4
SSUD	93	12	42
RNA35	39	0	14
SSUE_1	43	10	2
SSUD	93	13	37
RNA35	39	1	7
RNA9	115	2	1
SSUE_1	43	11	28
SSUD	93	14	32
RNA35	39	2	2
SSUE_1	43	12	130
SSUD	93	15	25
RNA17	108	67	1
RNA35	39	3	1
SSUE_1	43	13	69
SSUD	93	16	31
SSUE_1	43	14	273
SSUD	93	17	46
RNA35	39	5	6
SSUE_1	43	15	1
RNA35	39	6	1
SSUE_1	43	16	1
SSUD	93	19	12
RNA9	115	8	1
RNA9	82	21	1
RNA35	39	8	5
RNA9	115	9	1
RNA42	52	21	1
SSUE_1	43	18	3
RNA5_1	48	0	77
RNA35	39	9	1
RNA43	69	17	1
RNA5_1	48	1	1
RNA5_1	48	2	1
RNA37	150	0	2
RNA5_1	48	6	1
LSUC	44	18	2
RNA5_1	48	7	4
LSUC	44	19	2
RNA36	31	0	52
RNA5_1	48	8	1
RNA36	31	1	6
SSUB	145	0	1
RNA5_1	48	9	13
RNA36	31	3	1
SSUB	145	2	2
RNA36	31	4	1
SSUB	145	7	5
RNA18	43	10	8
RNA18	43	11	210
RNA17	84	43	1
RNA18	43	12	1349
RNA17	84	44	1
RNA18	43	13	27
RNA18	43	14	381
SSUF_2	79	10	20
RNA18	43	15	9
SSUF_2	79	11	3
RNA18	43	16	15
SSUF_2	79	12	5
RNA18	43	17	2
RNA18	43	18	1
SSUF_2	79	14	1
SSUF_2	79	15	9
SSUF_2	79	16	2
SSUF_2	79	17	1
SSUF_2	79	18	1
SSUF_2	114	0	4
SSUF_2	114	4	2
RNA16	34	10	44
RNA16	34	11	19
RNA16	34	12	10
RNA16	34	13	4
RNA14	147	0	1
RNA16	34	14	15
SSUE_F	83	0	1
RNA33_F	95	10	1
RNA9	120	12	1
RNA14	104	69	1
RNA9	118	0	3
RNA35	47	10	4
RNA13	65	31	1
RNA8	147	40	1
RNA35	47	13	1
RNA9	118	7	2
RNA34_F	141	0	1
SSUD	93	20	81
RNA23t_F	66	10	4
SSUD	93	21	3685
RNA23t_F	66	11	2
SSUD	93	22	27
SSUD	93	23	1
RNA23t_F	66	13	2
SSUD	93	24	8
RNA23t_F	66	14	5
RNA36	34	0	18
RNA29	130	14	1
RNA36	34	1	25
SSUD	93	27	8
SSUB	148	0	1
RNA11_F	62	0	313
SSUD	93	28	1
RNA9	112	0	4
RNA36	34	3	26
RNA11_F	62	1	43
RNA9	112	1	5
RNA36	34	4	30
RNA11_F	62	2	1
SSUB	148	3	1
RNA36	34	5	6
RNA11_F	62	3	10
RNA11_F	62	4	2948
SSUB	148	5	1
LSUC	44	23	6
RNA9	112	4	1
RNA36	34	7	2
RNA11_F	62	5	35
RNA9	112	5	3
RNA11_F	62	6	4
RNA11_F	62	7	9
RNA11_F	62	8	7
RNA35	23	0	26
RNA9	112	8	2
RNA11_F	62	9	2
RNA35	23	1	143
RNA9	112	9	1
RNA5_1	32	0	758
RNA5_1	32	1	2
RNA33_2	36	10	1
RNA23t_1	47	10	188
RNA23t_1	47	11	150
SSUF_2	117	0	3
RNA23t_1	47	12	141
RNA33_2	36	13	89
RNA23t_1	47	13	148
RNA33_2	36	14	6
RNA23t_1	47	14	133
RNA23t_1	47	15	798
RNA23t_1	47	16	1929
RNA33_2	36	17	1
SSUF_2	79	20	1
RNA23t_1	47	17	153
SSUF_2	79	21	1
SSUF_1	62	11	29
RNA23t_1	47	18	164
SSUF_1	62	12	1
RNA23t_1	47	19	35609
SSUF_1	62	13	42
SSUF_2	79	24	44
SSUF_1	62	14	17
RNA33_F	104	11	1
SSUF_2	79	25	2
SSUF_1	62	15	7
RNA14	102	19	1
SSUF_1	62	16	2
SSUF_2	79	27	2
RNA39	57	0	1
SSUF_1	62	19	4
RNA33_F	104	16	1
RNA42	100	1	1
RNA42	100	2	2
RNA9	120	20	1
RNA7	115	12	6
RNA36	37	0	9
RNA36	37	1	2
RNA14	131	0	1
RNA11_F	65	0	128
LSUB	132	0	1
RNA35	47	25	1
RNA36	37	3	1
RNA11_F	65	1	36
RNA36	37	4	2
RNA11_F	65	2	14
RNA36	37	5	5
RNA11_F	65	3	38
RNA36	37	6	5
RNA11_F	65	4	33
RNA42	51	11	4
RNA36	37	7	5
RNA11_F	65	5	9
RNA9	81	12	2
RNA42	51	12	5
RNA36	37	8	8
RNA11_F	65	6	16
RNA11_F	65	7	1914
RNA9	81	14	2
RNA42	51	14	1
RNA11_F	65	8	238
RNA11_F	65	9	43
RNA35	26	0	1
RNA9	81	16	1
RNA34_F	130	10	2
RNA9	81	17	1
RNA34_F	130	11	2
RNA23t_2	97	53	1
RNA34_F	130	12	2
RNA35	26	4	3
RNA35	26	6	2
RNA35	26	7	6
RNA35	26	8	3
RNA5_1	35	0	20
RNA5_1	35	1	220
RNA17	83	30	1
RNA3	136	0	1
RNA30	68	13	18
RNA17	122	6	1
SSUB	132	0	38
RNA30	68	17	1
SSUB	132	1	9
SSUB	132	2	3
RNA30	68	19	1
SSUB	132	4	1
SSUB	132	5	5
RNA23t_1	47	20	7
SSUB	132	6	388
RNA23t_1	47	21	5
SSUB	132	7	2
RNA23t_1	47	22	868
SSUB	132	8	21
RNA23t_1	47	23	2
SSUB	132	9	1
RNA31_F	150	0	19
RNA31_F	150	1	1
RNA42	103	0	1
RNA31_F	150	2	2
RNA14	102	23	1
RNA9	62	0	74
RNA31_F	150	4	7
RNA9	62	1	280
RNA31_F	150	5	5
RNA9	62	2	227
RNA6	127	0	1
RNA31_F	150	6	2
RNA31_F	150	7	31
RNA31_F	150	8	23
RNA31_F	150	9	20
RNA6	48	0	115
RNA6	48	1	7
SSUE_F	61	12	4
RNA6	48	2	3
SSUF_2	101	0	4
SSUE_F	61	13	13
SSUE_F	61	14	5
RNA34_F	147	0	2
SSUF_2	101	5	1
SSUF_2	101	7	1
RNA11_F	68	0	603
RNA39	41	1	2
RNA11_F	68	1	135
RNA11_F	68	2	59
LSUB	83	10	1
RNA11_F	68	3	38
LSUB	83	11	2
RNA11_F	68	4	48
RNA11_F	68	5	40
RNA11_F	68	6	112
RNA8	146	39	3
RNA11_F	68	7	171
RNA11_F	68	8	59
RNA11_F	68	9	91
RNA35	29	0	112
SSUE_1	42	10	13
RNA35	29	1	10
SSUE_1	42	11	151
RNA35	29	2	29
SSUE_1	42	12	75
RNA35	29	3	12
SSUB	123	11	1
SSUE_1	42	13	285
RNA35	29	4	3
SSUE_1	42	14	4
RNA35	29	5	5
SSUE_1	42	15	1
RNA35	29	6	4
RNA43	68	14	1
SSUE_1	42	16	4
RNA9	81	20	1
RNA35	29	7	1544
SSUE_1	42	17	3
LSUC	43	11	1
RNA35	29	8	126
RNA43	68	16	1
RNA5_1	38	0	4889
RNA35	29	9	16
RNA5_1	38	1	3
LSUC	43	13	2
RNA5_1	38	2	377
LSUC	43	15	1
RNA42	51	25	3
RNA5_1	38	4	3
LSUC	43	16	2
LSUC	43	17	2
RNA5_1	38	6	2
LSUC	43	18	4
SSUB	135	0	25
SSUB	135	1	4
SSUB	135	2	2
SSUB	135	3	2
SSUB	135	4	5
SSUB	135	5	1
SSUB	135	7	1
SSUB	135	8	5
SSUB	135	9	530
RNA18	42	10	419
RNA18	42	11	1636
RNA18	42	12	20
RNA18	42	13	401
RNA9	65	0	7
RNA18	42	14	17
SSUF_2	78	10	12
RNA9	65	1	63
RNA18	42	15	22
SSUF_2	78	11	4
RNA9	65	2	16
RNA18	42	16	1
SSUF_2	78	12	1
RNA18	42	17	3
SSUF_2	78	13	2
RNA9	65	4	1
SSUF_2	78	14	6
RNA9	65	5	1
SSUF_2	78	15	1
SSUF_2	78	16	1
SSUF_2	78	17	3
SSUF_2	78	18	1
SSUF_2	104	0	4
SSUF_2	78	19	2
SSUF_2	104	4	2
SSUF_2	104	5	2
SSUF_2	121	14	1
SSUF_2	104	6	2
RNA16	33	10	8
RNA16	33	11	6
RNA16	33	12	4
RNA39	44	0	1
RNA16	33	13	18
RNA13	64	10	5
RNA13	64	13	2
RNA6	111	4	1
RNA23t_F	65	10	1
SSUE_2	59	14	1
RNA23t_F	65	11	1
RNA23t_F	65	12	13
RNA23t_F	65	13	5
RNA43	68	20	1
RNA11_F	52	0	22
SSUB	138	0	24
RNA11_F	52	1	6
SSUB	138	1	9
RNA9	102	0	2
RNA9	102	1	1
RNA9	102	2	2
SSUB	138	4	2
LSUC	43	22	14
RNA11_F	52	5	1
SSUB	138	5	1
SSUB	138	6	2
RNA9	102	6	3
SSUB	138	8	3
RNA9	102	7	1
RNA28	73	11	3
RNA9	102	8	1
RNA28	73	12	2
RNA9	102	9	3
RNA28	73	13	1
RNA5_F	149	20	11
RNA9	68	0	14
RNA9	68	1	4
RNA9	68	2	7
RNA9	68	3	1
RNA23t_1	46	10	89
RNA33_2	35	10	1
RNA23t_1	46	11	93
RNA9	68	7	5
SSUF_2	107	0	5
RNA23t_1	46	12	87
RNA9	68	8	4
RNA33_2	35	12	59
RNA23t_1	46	13	73
RNA33_2	35	13	7
RNA14	101	11	1
RNA23t_1	46	14	451
RNA23t_1	46	15	1006
RNA33_2	35	15	1
RNA23t_1	46	16	98
RNA33_2	35	16	1
SSUF_2	107	5	2
RNA23t_1	46	17	98
SSUF_1	61	10	34
SSUF_2	107	6	1
RNA23t_1	46	18	22139
RNA23t_1	46	19	22
SSUF_2	78	22	1
SSUF_1	61	12	58
SSUF_2	78	23	55
SSUF_1	61	13	43
RNA33_F	103	10	2
RNA14	101	18	1
SSUF_2	78	24	1
SSUF_1	61	14	1
SSUF_1	61	15	4
SSUF_2	78	26	2
SSUF_1	61	17	3
SSUF_1	61	18	5
RNA6	79	11	1
RNA6	79	12	5
RNA6	79	13	1
RNA6	79	15	3
RNA14	102	45	1
RNA6	79	17	170
RNA10_2	45	18	1
RNA6	79	18	9
RNA11_F	121	16	1
RNA7	114	11	8
RNA37	146	0	1
RNA36	27	0	2
RNA14	121	0	1
LSUB	122	0	1
SSUD	92	10	103
RNA35	46	24	2
RNA11_F	55	0	124
RNA9	105	0	19
SSUD	92	11	82
RNA11_F	55	1	16
RNA9	105	1	5
SSUD	92	12	55
RNA9	105	2	2
SSUD	92	13	51
RNA42	50	10	1
RNA9	105	3	1
RNA37/38_F	101	2	1
SSUD	92	14	40
RNA11_F	55	4	1
RNA42	50	11	11
SSUD	92	15	52
SSUA	149	31	1
RNA9	105	5	3
SSUD	92	16	95
RNA9	80	13	1
RNA9	105	6	1
SSUD	92	17	2
SSUD	92	18	22
RNA11_F	55	8	4
RNA9	80	15	1
SSUD	92	19	130
RNA35	16	0	6
RNA9	105	9	19
SSUA	149	36	1
RNA9	80	17	1
RNA30	67	12	27
RNA17	112	5	1
RNA30	67	16	1
SSUB	122	0	2343
RNA30	67	18	2
SSUB	122	1	30529
SSUB	122	2	1
SSUB	122	3	737
SSUA	91	0	3
RNA23t_1	46	20	4
SSUB	122	5	2
RNA23t_1	46	21	687
SSUB	122	7	1
RNA31_F	140	0	1
RNA14	101	22	1
SSUF_1	61	21	1
RNA6	117	0	1
RNA6	79	20	1
SSUE_F	60	12	14
SSUE_F	60	13	6
RNA6	79	23	21
SSUE_F	60	18	1
RNA14	124	0	1
LSUB	125	0	1
RNA11_F	58	0	3373
RNA14	124	1	1
RNA9	108	0	257
RNA11_F	58	1	539
RNA9	108	1	8
RNA37/38_F	104	0	3
RNA11_F	58	2	2
LSUB	82	10	2
RNA13	64	30	4
RNA11_F	58	3	41
RNA9	108	3	1
RNA11_F	58	4	8
RNA11_F	58	5	1
RNA13	64	33	1
RNA8	145	38	1
RNA9	108	5	4
RNA9	108	6	2
RNA37/38_F	104	5	9
RNA14	124	8	1
LSUB	82	15	1
RNA9	108	7	1
RNA14	124	9	1
RNA9	108	8	61
RNA11_F	58	9	1
RNA35	19	0	1
SSUE_1	41	10	85
RNA9	108	9	13
RNA37/38_F	104	8	1
RNA17	106	65	1
RNA35	19	1	14
SSUE_1	41	11	95
RNA34_F	131	0	7
SSUE_1	41	12	298
SSUE_1	41	13	3
SSUD	92	20	7055
SSUD	92	21	67
RNA34_F	131	3	2
SSUD	92	22	3
SSUE_1	41	15	1
RNA34_F	131	4	77
SSUE_1	41	16	1
SSUD	92	23	27
RNA34_F	131	5	18
RNA9	80	20	1
RNA43	67	15	1
RNA34_F	131	6	4
RNA42	50	22	3
SSUD	92	26	15
RNA17	115	0	1
RNA43	67	19	1
RNA29	89	10	1
RNA17	81	10	1
RNA3	129	3	1
RNA17	115	6	1
SSUB	125	0	95
SSUB	125	1	978
SSUB	125	3	2
SSUB	125	4	71
RNA30	67	20	1
SSUB	125	6	9
SSUB	125	8	2
RNA17	82	41	1
RNA31_F	143	0	6
RNA18	41	10	3202
RNA18	41	11	23
RNA17	82	43	1
RNA18	41	12	441
RNA18	41	13	13
RNA18	41	14	16
RNA18	41	15	4
RNA18	41	16	2
RNA33_F	103	32	1
RNA16	32	11	5
RNA16	32	12	10
RNA14	127	0	1
LSUB	128	0	1
RNA8	144	12	1
RNA2	92	13	2
RNA14	127	7	1
RNA6	101	0	3
RNA13	63	15	3
RNA6	101	2	1
LSUC	99	10	2
RNA13	63	16	1
RNA35	45	11	3
RNA34_F	134	0	5
RNA6	101	5	4
RNA35	45	13	2
RNA6	101	6	2
RNA6	101	7	1
RNA34_F	134	4	1
RNA34_F	134	7	36
RNA34_F	134	8	14
RNA17	118	0	1
RNA34_F	134	9	5
RNA7	114	34	1
RNA7	114	35	1
SSUB	128	0	6
SSUD	92	32	1
SSUB	128	1	3
SSUD	92	34	1
SSUB	128	3	2
SSUB	128	4	12
SSUA	97	0	21
SSUB	128	5	1
SSUA	97	1	1
SSUB	128	7	60
RNA28	72	10	1
SSUB	128	9	9
RNA28	72	17	1
RNA31_F	146	6	1
RNA23t_1	45	10	27
RNA23t_1	45	11	27
RNA33_2	34	11	52
RNA23t_1	45	12	23
RNA33_2	34	12	4
RNA23t_1	45	13	187
RNA13	126	16	1
RNA23t_1	45	14	319
RNA33_2	34	14	1
RNA23t_1	45	15	34
RNA30	67	36	1
RNA23t_1	45	16	38
RNA23t_1	45	17	8317
SSUF_1	60	10	5
RNA23t_1	45	18	10
SSUF_1	60	11	122
RNA23t_1	45	19	13
SSUF_1	60	12	54
RNA14	100	17	2
SSUF_1	60	13	19
SSUF_1	60	14	10
SSUF_1	60	15	1
SSUF_1	60	16	1
RNA33_F	102	14	1
SSUF_1	60	17	2
SSUF_1	60	18	1
RNA6	78	11	2
RNA6	78	12	2
RNA6	78	13	1
RNA17	49	10	361
RNA6	78	14	2
RNA17	49	11	118
RNA17	49	12	38
RNA6	78	16	178
RNA17	49	13	15
RNA6	78	17	17
RNA17	49	14	3
RNA6	78	18	2
RNA6	104	0	6
RNA17	49	16	1
RNA6	104	4	1
RNA34_F	137	0	4
RNA34_F	137	1	1
RNA6	104	6	1
RNA2	104	16	2
RNA6	104	7	1
RNA6	104	8	2
RNA39	31	0	21
RNA39	31	1	5
RNA34_F	137	9	3
RNA7	113	10	3
RNA39	31	2	5
RNA39	31	3	4
RNA13	63	25	1
RNA7	113	12	1
RNA39	31	4	2
SSUE_F	60	0	4
RNA39	31	5	4
RNA13	63	27	1
SSUE_F	60	1	1
RNA39	31	6	2
RNA39	31	7	5
RNA13	63	29	2
RNA39	31	8	1
SSUD	91	10	131
RNA39	31	9	3
SSUD	91	11	113
SSUD	91	12	72
SSUE_F	60	6	1
SSUD	91	13	85
SSUD	91	14	87
SSUD	91	15	119
SSUD	91	16	1
SSUE_F	60	9	2
SSUD	91	17	26
SSUD	91	18	204
SSUD	91	19	13019
LSUC	42	13	1
LSUC	42	17	1
RNA17	102	0	5
RNA30	66	11	25
RNA5_F	148	16	1
RNA30	66	16	1
SSUB	112	0	19
RNA30	66	18	1
SSUB	112	1	4
RNA5_F	148	19	5
SSUB	112	2	2
SSUB	112	4	1
RNA23t_1	45	20	393
SSUB	112	5	1
RNA19	58	23	1
RNA23t_1	45	21	1
SSUF_2	77	10	8
RNA23t_1	45	22	1
SSUB	112	7	15
SSUF_2	77	11	2
SSUB	112	8	5
SSUF_2	77	12	3
RNA31_F	130	0	8
SSUB	112	9	38
SSUF_2	77	13	3
RNA31_F	130	1	7
SSUF_2	77	14	1
RNA31_F	130	2	1
SSUF_2	77	15	2
RNA15_F	97	0	1
RNA14	100	24	1
SSUF_2	77	16	9
SSUF_2	77	17	8
RNA3	110	0	1
SSUF_2	77	18	2
SSUF_1	60	22	3
RNA6	107	0	2
RNA5_F	149	66	1
RNA6	78	22	17
RNA6	78	23	1
RNA6	78	24	2
RNA39	34	0	58
RNA39	34	1	5
RNA39	34	2	2
RNA39	34	3	2
RNA39	34	4	15
SSUE_F	63	0	4
RNA39	34	5	3
RNA39	34	6	8
RNA39	34	7	10
SSUE_F	63	3	1
RNA39	34	8	13
RNA11_F	48	0	17
RNA39	34	9	3
RNA11_F	48	1	3
LSUB	81	10	1
SSUE_F	63	7	1
RNA7	113	21	1
SSUE_1	40	10	53
SSUE_1	40	11	294
RNA34_F	121	0	33
SSUE_1	40	12	3
RNA34_F	121	1	3
SSUE_1	40	13	4
SSUD	91	20	102
RNA34_F	121	2	1
SSUE_1	40	14	3
SSUD	91	21	7
RNA23t_F	64	11	13
SSUE_1	40	15	2
SSUD	91	22	50
RNA23t_F	64	12	5
RNA43	66	14	2
SSUD	91	23	1
RNA34_F	121	5	1
RNA23t_F	64	13	1
SSUD	91	25	27
SSUD	91	26	1
RNA17	105	0	2
LSUC	42	21	19
RNA40	97	14	1
RNA17	105	4	1
SSUB	115	0	8
RNA17	80	15	1
SSUB	115	1	2
SSUB	115	4	1
RNA5_F	99	10	288
RNA5_F	99	11	355
SSUB	115	8	2
RNA5_F	99	12	330
SSUB	115	9	1
RNA5_F	99	13	46
RNA29	89	44	1
RNA5_F	99	14	155
RNA30	66	25	1
RNA31_F	133	2	2
RNA5_F	99	15	232
RNA5_F	99	16	41174
RNA5_F	99	17	231
RNA5_F	99	18	20
RNA3	113	2	1
RNA5_F	99	19	7
SSUF_2	77	20	1
SSUF_2	77	21	1
SSUF_2	77	22	121
SSUF_2	77	23	2
SSUF_2	77	24	2
RNA39	37	0	7
SSUF_2	77	28	1
RNA39	37	3	1
RNA16	31	10	2
SSUE_F	66	0	1
RNA16	31	11	6
RNA14	117	0	5
RNA39	37	8	1
RNA13	62	11	1
RNA13	62	12	2
LSUB	118	7	1
RNA33_F	92	12	2
RNA13	62	15	1
RNA13	62	16	1
RNA34_F	124	0	16
RNA34_F	124	1	3
RNA13	62	19	1
RNA34_F	124	2	1
RNA34_F	124	3	5
RNA34_F	124	4	5
RNA34_F	124	5	1
RNA34_F	124	6	1
RNA14	111	0	4
RNA34_F	124	8	1
SSUB	98	0	441
SSUB	98	1	101
RNA14	111	3	1
RNA7	113	33	1
RNA7	113	34	2
SSUE_2	57	18	1
RNA14	111	6	3
SSUE_2	57	19	1
RNA14	111	8	1
SSUB	118	0	2
SSUB	118	1	10
SSUD	91	33	1
SSUB	118	4	1
SSUB	118	6	1
RNA17	80	22	1
RNA28	90	0	1
RNA31_F	136	7	1
RNA3	116	3	2
LSUB	49	10	1
LSUB	49	11	3
RNA5_F	99	20	2
LSUB	49	12	1
LSUB	49	13	1
RNA19	57	17	1
RNA30	66	35	3
LSUB	49	16	6
LSUB	49	17	1
RNA33_F	101	13	1
RNA6	77	10	3
RNA6	77	11	4
RNA6	77	13	2
RNA17	48	10	61
RNA6	77	14	2
RNA17	48	11	54
RNA6	77	15	264
RNA17	48	12	19
RNA6	77	16	20
RNA17	48	13	5
RNA6	77	17	2
RNA1	129	14	1
RNA17	48	14	2
RNA17	48	15	2
RNA34_F	127	0	29
RNA34_F	127	1	3
RNA14	79	17	1
RNA14	114	0	2
RNA34_F	127	8	1
RNA7	112	10	1
RNA39	21	3	2
SSUE_F	50	0	19
SSUE_F	50	1	105
RNA35	44	22	2
SSUE_F	50	2	30
SSUE_F	50	3	9
LSUB	102	0	1
SSUD	90	10	156
SSUE_F	50	4	1
SSUD	90	11	121
SSUD	90	12	113
RNA7	112	19	1
SSUD	90	13	115
SSUE_F	50	7	17
LSUB	102	4	1
RNA1	99	12	6
SSUD	90	14	186
SSUD	90	15	5
SSUE_F	50	8	7
RNA1	99	13	1
SSUD	91	0	1761
SSUE_F	50	9	4
SSUD	90	16	48
SSUD	91	1	822
LSUB	102	7	3
SSUD	90	17	317
SSUD	91	2	368
SSUB	121	14	1
SSUD	90	18	21507
SSUD	91	3	343
SSUB	121	15	2
SSUD	90	19	234
RNA31_F	139	0	1
SSUD	91	4	217
SSUD	91	5	223
LSUC	41	11	1
SSUD	91	6	269
LSUC	41	12	1
SSUB	121	18	1
SSUD	91	7	138
RNA28	93	1	1
SSUD	91	8	134
SSUD	91	9	136
LSUC	41	15	3
RNA3	119	1	1
LSUC	41	16	9
RNA2	59	10	12
RNA2	59	11	14
RNA2	59	12	17
RNA33_1	73	20	1
RNA15_1	147	102	1
RNA2	59	13	5
RNA2	59	14	3
RNA28	93	9	1
RNA2	59	15	3
RNA5_F	147	13	2
RNA3	119	9	2
RNA5_F	147	14	2
RNA10_1	91	0	1
RNA5_F	147	18	11
RNA18	40	10	35
RNA18	40	11	891
RNA17	80	39	3
RNA18	40	12	10
RNA18	40	13	27
SSUF_2	76	10	9
RNA18	40	14	6
SSUF_2	76	11	8
LSUB	49	23	30
RNA18	40	15	7
SSUF_2	76	12	13
LSUB	49	24	1
SSUF_2	76	13	10
RNA31_F	120	0	2
SSUF_2	76	14	5
SSUF_2	76	15	31
RNA31_F	120	2	1
SSUF_2	76	16	6
SSUF_2	76	17	7
RNA3	100	0	55
SSUF_2	76	18	1
RNA3	100	1	9
SSUF_2	76	19	2
RNA3	100	2	4
RNA3	100	3	2
RNA3	100	4	3
RNA3	100	5	3
RNA3	100	7	98
RNA6	77	21	37
RNA3	100	8	13
RNA6	77	22	1
SSUF_2	77	44	1
RNA3	100	9	348
RNA6	77	24	1
RNA39	24	0	2
SSUE_F	53	0	5
RNA39	24	6	1
SSUE_F	53	2	1
RNA14	79	22	1
SSUE_F	53	3	3
SSUE_F	53	5	22
SSUE_F	53	6	15
SSUE_F	53	7	2
SSUD	94	0	417
SSUD	94	1	133
SSUD	94	2	148
SSUD	94	3	157
RNA15_1	59	14	1
SSUD	94	4	88
SSUD	94	5	82
RNA43	65	10	1
RNA34_F	111	0	120
SSUD	94	6	98
RNA28	96	0	2
RNA34_F	111	1	5
SSUD	94	7	46
SSUD	90	20	16
RNA34_F	111	2	3
RNA23t_F	63	10	41
SSUD	94	8	32
RNA43	65	13	2
SSUD	90	21	149
RNA34_F	111	3	10
RNA23t_F	63	11	8
SSUD	94	9	43
SSUD	90	22	2
RNA34_F	111	4	10
RNA34_F	111	5	16
SSUD	90	24	81
RNA34_F	111	6	20
SSUD	90	25	3
RNA34_F	111	7	5
SSUB	121	23	1
SSUD	90	28	1
RNA40	96	13	1
LSUC	41	20	51
RNA10_1	94	0	1
RNA5_F	98	10	503
RNA5_F	98	11	537
RNA5_F	98	12	61
RNA31_F	123	0	1
RNA5_F	98	13	312
RNA31_F	123	1	2
RNA5_F	98	14	388
RNA33_2	33	10	15
RNA5_F	98	15	76540
RNA23t_1	44	10	10
RNA5_F	147	27	1
RNA33_2	33	11	1
RNA5_F	98	16	428
RNA23t_1	44	11	6
RNA3	103	0	11
RNA5_F	98	17	23
RNA23t_1	44	12	64
RNA3	103	1	2
RNA5_F	98	18	7
RNA23t_1	44	13	109
RNA33_2	33	14	1
RNA3	103	2	2
RNA5_F	98	19	1
RNA23t_1	44	14	10
RNA3	103	3	3
RNA23t_1	44	15	12
RNA23t_1	44	16	2697
SSUF_2	76	20	1
RNA23t_1	44	17	5
SSUF_2	76	21	207
RNA31_F	92	0	10
RNA3	103	6	2
RNA23t_1	44	18	7
SSUF_2	76	22	7
RNA3	103	7	1
RNA23t_1	44	19	153
SSUF_2	76	24	2
RNA31_F	92	3	1
SSUE_2	150	0	1
RNA31_F	92	8	1
RNA39	27	1	1
RNA31_F	92	9	1
SSUE_F	56	0	7
SSUE_F	56	1	5
RNA2	90	10	2
SSUE_F	56	4	2
RNA39	27	9	23
RNA5_1	79	14	1
SSUE_F	56	6	2
RNA14	100	65	1
RNA34_F	79	10	145
RNA2	90	13	1
RNA34_F	79	11	220
RNA2	90	14	1
SSUE_F	56	8	33
SSUD	97	0	132
RNA34_F	79	12	117
SSUE_F	56	9	11
SSUD	97	1	24
RNA34_F	79	13	161
RNA13	61	12	1
SSUD	97	2	101
RNA34_F	79	14	928
SSUD	97	3	73
RNA34_F	79	15	18121
RNA13	61	14	2
SSUD	97	4	56
RNA34_F	79	16	6134
SSUD	97	5	97
RNA35	43	10	1
RNA34_F	79	17	155
RNA13	61	16	1
SSUD	97	6	19
RNA34_F	79	18	43
RNA34_F	114	0	80
SSUD	97	7	13
RNA28	99	0	1
RNA34_F	79	19	52
SSUD	97	8	16
RNA34_F	114	2	1
SSUD	97	9	17
RNA34_F	114	3	1
RNA34_F	114	4	5
RNA34_F	114	5	18
RNA11_F	89	10	3
RNA34_F	114	6	12
RNA11_F	89	11	1
RNA34_F	114	7	3
RNA14	79	39	2
RNA14	101	0	3
RNA11_F	89	12	3
RNA11_F	89	13	1
RNA11_F	89	14	3
RNA7	112	32	1
RNA14	101	3	7
RNA11_F	89	15	3
RNA7	112	33	3
SSUE_2	56	17	1
RNA11_F	89	17	1
SSUE_2	56	18	1
RNA11_F	89	18	1
RNA11_F	89	19	4
RNA31_F	126	0	3
RNA31_F	126	1	2
RNA28	70	15	3
RNA30	65	10	35
RNA3	106	0	6
RNA3	106	1	2
RNA28	70	18	2
RNA3	106	3	1
RNA3	106	4	4
LSUB	48	10	2
RNA30	65	16	1
LSUB	48	11	5
RNA31_F	95	0	2
RNA30	65	17	1
SSUB	102	0	186
LSUB	48	12	3
RNA30	65	18	1
SSUB	102	1	489
RNA3	106	8	1
RNA30	65	19	1
SSUB	102	2	17
LSUB	48	14	2
RNA3	106	9	1
SSUB	102	3	15
LSUB	48	15	6
LSUB	48	16	3
RNA19	56	18	1
RNA23t_1	44	20	2
LSUB	48	17	1
RNA23t_1	44	21	1
LSUB	48	18	5
RNA31_F	95	7	1
LSUB	48	19	1
RNA31_F	95	8	1
RNA33_F	100	11	1
SSUE_F	59	0	3
RNA35	150	128	2
SSUE_F	59	6	2
RNA10_2	42	15	1
RNA17	47	10	81
RNA17	47	11	25
SSUE_F	59	8	1
RNA17	47	12	5
RNA17	47	14	2
RNA39	29	11	112
RNA34_F	117	0	49
RNA14	78	11	1
RNA34_F	117	1	1
RNA34_F	117	2	3
RNA34_F	117	3	1
RNA34_F	117	4	3
RNA34_F	117	5	7
RNA34_F	79	20	109
RNA34_F	117	6	9
RNA34_F	79	21	256
RNA34_F	117	7	3
RNA14	78	18	1
RNA14	104	0	4
RNA7	111	10	3
RNA7	111	11	1
RNA14	104	2	3
RNA7	111	12	1
SSUE_F	40	0	52
RNA35	43	21	5
RNA13	61	27	4
SSUE_F	40	1	257
RNA14	104	6	12
SSUE_F	40	2	1
RNA14	79	44	1
RNA14	104	9	1
RNA1	98	11	12
RNA11_F	89	20	2
SSUE_2	56	21	1
RNA1	98	12	2
RNA11_F	89	21	3
RNA11_F	89	22	5
RNA11_F	89	23	1
RNA15_1	59	32	1
SSUE_2	56	24	2
RNA1	98	15	2
RNA11_F	89	25	1
LSUC	40	10	5
SSUB	120	15	2
RNA11_F	89	26	1
LSUC	40	11	4
RNA11_F	89	27	1
RNA31_F	129	1	5
LSUC	40	12	2
LSUC	40	13	2
RNA31_F	129	3	1
LSUC	40	14	5
LSUC	40	15	5
RNA3	109	0	1
RNA29	87	10	2
RNA2	58	10	31
LSUC	40	18	2
RNA2	58	11	24
RNA29	87	12	1
LSUC	40	19	97
RNA2	58	12	15
RNA2	58	13	3
RNA3	109	5	1
RNA2	58	14	2
RNA31_F	98	0	1
SSUB	105	0	2006
RNA2	58	15	3
RNA3	109	7	1
SSUB	105	1	365
RNA5_F	146	13	3
SSUB	105	2	5
SSUB	105	3	9
SSUB	105	4	1
RNA31_F	98	5	1
SSUB	105	5	8
RNA5_F	146	17	27
SSUB	105	6	5
RNA28	70	26	1
RNA30	65	21	1
SSUB	105	7	3
RNA31_F	98	8	1
LSUB	48	20	1
RNA19	56	22	1
RNA5_F	147	41	1
SSUF_2	75	10	13
LSUB	48	22	49
SSUF_2	75	11	22
SSUF_2	75	12	12
LSUB	48	24	1
SSUF_2	75	13	7
SSUF_2	75	14	51
SSUF_2	75	15	17
SSUF_2	75	16	11
SSUF_2	75	17	2
SSUF_2	75	18	1
RNA31_F	110	5	1
SSUF_2	75	19	1
RNA31_F	110	6	1
RNA31_F	110	8	1
RNA16	30	10	2
RNA14	107	0	3
RNA14	107	1	1
SSUE_F	43	0	388
SSUE_F	43	1	244
SSUE_F	43	2	4
SSUE_F	43	3	7
RNA33_F	91	11	1
RNA14	107	9	14
RNA29	97	3	1
RNA29	97	5	1
RNA7	111	22	1
RNA19	150	0	2
RNA29	97	9	2
RNA19	150	2	2
RNA7	111	25	1
RNA15_1	58	16	1
RNA34_F	101	0	5204
RNA34_F	101	1	224
RNA5_1	101	7	1
RNA34_F	101	2	48
RNA23t_F	62	10	3
RNA34_F	101	3	44
RNA23t_F	62	11	2
RNA34_F	101	4	267
RNA34_F	101	5	485
RNA11_F	89	31	53
RNA34_F	101	6	295
RNA11_F	89	32	2
RNA34_F	101	7	94
RNA34_F	101	8	5
RNA11_F	89	34	1
RNA34_F	101	9	3
SSUB	108	0	18
SSUB	108	1	45
LSUC	40	20	1
SSUB	108	2	12
LSUC	40	21	1
SSUB	108	3	17
SSUB	108	4	21
SSUB	108	5	26
SSUB	108	6	11
SSUB	108	8	8
SSUB	108	9	2
RNA28	80	0	7
RNA5_F	97	10	634
RNA5_F	97	11	118
RNA5_F	97	12	522
RNA5_F	97	13	719
RNA5_F	97	14	145206
RNA33_2	32	10	2
RNA5_F	97	15	752
RNA31_F	113	3	1
RNA23t_1	43	10	4
RNA5_F	97	16	51
RNA23t_1	43	11	52
RNA33_2	32	12	1
RNA5_F	97	17	13
RNA23t_1	43	12	69
RNA33_2	32	13	2
RNA5_F	97	18	3
RNA23t_1	43	13	3
RNA31_F	113	7	1
RNA23t_1	43	14	10
RNA23t_1	43	15	1263
RNA23t_1	43	16	4
SSUF_2	75	20	467
RNA23t_1	43	17	3
SSUF_2	75	21	7
RNA23t_1	43	18	75
RNA23t_1	43	19	12
SSUF_2	75	23	2
RNA6	76	10	5
RNA40	95	0	2
RNA6	76	11	2
RNA6	76	12	3
RNA6	76	13	2
RNA6	76	14	342
SSUE_F	46	0	24
RNA6	76	15	42
SSUE_F	46	1	84
RNA6	76	16	2
SSUE_F	46	2	1
RNA6	76	17	1
SSUE_F	46	3	22
SSUE_F	46	4	2
RNA5_1	78	13	1
RNA6	76	19	2
SSUE_F	46	5	8
SSUE_F	46	6	2
RNA34_F	78	10	239
RNA34_F	78	11	140
RNA13	60	10	1
RNA34_F	78	12	166
RNA34_F	78	13	928
RNA13	60	12	1
RNA34_F	78	14	19818
RNA13	60	13	2
RNA34_F	78	15	7356
RNA34_F	78	16	186
RNA13	60	15	1
RNA35	42	10	2
RNA34_F	78	17	47
RNA34_F	104	0	1973
RNA34_F	78	18	35
RNA13	60	17	6
RNA34_F	104	1	63
RNA35	42	12	2
RNA34_F	78	19	65
RNA34_F	104	2	13
RNA30	142	111	1
RNA34_F	104	3	22
RNA34_F	104	4	83
RNA35	42	15	1
RNA34_F	104	5	110
RNA34_F	104	6	65
RNA11_F	88	10	4
RNA34_F	104	7	50
RNA11_F	88	11	4
RNA34_F	104	8	2
RNA11_F	88	12	2
RNA34_F	104	9	1
RNA7	111	31	1
RNA11_F	88	13	4
RNA7	111	32	7
RNA11_F	88	14	6
RNA15_1	58	24	1
RNA11_F	88	15	2
SSUE_2	55	16	1
RNA11_F	88	16	3
RNA11_F	88	17	2
RNA11_F	88	18	5
SSUD	81	0	4159
RNA11_F	88	19	5
SSUD	81	1	846
SSUD	81	2	289
SSUD	81	3	251
RNA34_1	59	10	4
SSUD	81	4	423
SSUD	81	5	520
RNA34_1	59	12	3
SSUD	81	6	25
RNA28	83	0	1
RNA34_1	59	13	1
SSUD	81	7	158
SSUD	149	11	1
RNA34_1	59	14	6
SSUD	81	8	617
RNA34_1	59	15	3
SSUD	81	9	46878
RNA31_F	116	0	1
RNA31_F	116	1	1
RNA30	64	10	2
RNA31_F	116	4	1
RNA30	64	11	2
RNA29	87	33	1
RNA30	64	14	1
RNA30	64	15	3
LSUB	47	10	4
RNA30	64	16	3
LSUB	47	11	8
RNA30	64	17	1
LSUB	47	12	8
RNA30	64	18	2
LSUB	47	13	7
LSUB	47	14	9
RNA10_1	81	14	1
LSUB	47	15	3
LSUB	47	16	2
RNA23t_1	43	20	1
LSUB	47	17	4
LSUB	47	18	5
SSUE_F	49	0	151
SSUE_F	49	1	914
SSUE_F	49	2	9
RNA5_F	147	64	2
SSUE_F	49	3	1
SSUE_F	49	4	17
SSUE_F	49	6	10
RNA17	46	10	40
SSUE_F	49	7	3
RNA17	46	11	8
SSUE_F	49	8	8
RNA6	76	20	68
SSUE_F	49	9	1
RNA6	76	21	4
RNA17	46	13	1
RNA6	76	22	1
RNA34_F	107	0	551
RNA34_F	107	1	12
RNA14	77	11	1
RNA34_F	107	2	3
RNA14	77	12	1
RNA34_F	107	3	5
RNA14	77	13	1
RNA34_F	107	4	21
RNA34_F	107	5	48
RNA34_F	78	20	146
RNA34_F	107	6	40
RNA34_F	107	7	13
RNA14	77	17	1
RNA34_F	107	8	1
RNA14	77	18	1
RNA7	110	10	3
RNA7	110	11	1
RNA36	59	15	2
RNA13	60	25	1
RNA8	142	35	1
RNA7	110	13	1
RNA35	42	20	16
RNA13	60	26	9
SSUD	84	0	3790
RNA7	110	15	1
SSUD	84	1	1093
RNA14	78	43	2
SSUD	84	2	314
RNA35	42	24	1
SSUD	84	3	278
RNA7	110	18	1
SSUD	84	4	230
RNA1	97	10	56
SSUD	84	5	207
RNA1	97	11	16
RNA11_F	88	20	2
SSUD	84	6	270
RNA11_F	88	21	2
RNA28	86	0	1
SSUD	84	7	360
RNA15_1	58	31	1
RNA11_F	88	22	2
RNA28	86	1	1
SSUD	84	8	301
RNA43	64	12	4
RNA1	97	14	4
RNA11_F	88	23	3
SSUD	84	9	21
RNA11_F	88	24	1
RNA11_F	88	25	2
RNA43	64	15	2
RNA11_F	88	26	1
RNA43	64	16	1
RNA31_F	119	1	2
RNA11_F	88	28	2
RNA11_F	88	29	3
RNA8	109	10	29
RNA8	109	11	1
RNA2	57	10	38
RNA8	109	12	2
RNA2	57	11	35
RNA2	57	12	14
RNA2	57	13	7
RNA8	109	15	3
RNA8	109	17	31
RNA5_F	145	13	1
RNA8	109	18	1
RNA5_F	145	15	1
RNA5_F	145	16	63
RNA30	64	20	1
RNA30	64	21	1
RNA5_F	145	19	1
RNA11_1	69	20	1
RNA8	142	0	4
RNA23t_F	91	0	3
RNA11_1	69	23	1
LSUB	47	21	98
SSUF_2	74	10	58
LSUB	47	22	1
SSUF_2	74	11	20
RNA8	142	5	2
SSUF_2	74	12	14
SSUF_2	74	13	48
SSUF_2	74	14	28
SSUF_2	74	15	25
RNA11_1	69	29	1
SSUF_2	74	16	3
RNA31_F	82	0	14
SSUF_2	74	17	2
RNA31_F	82	1	4
SSUF_2	74	18	2
SSUF_2	74	19	890
RNA31_F	82	4	4
RNA31_F	82	5	2
RNA31_F	82	7	1
RNA33_1	39	10	3
RNA31_F	82	8	2
RNA33_1	39	11	7
RNA31_F	82	9	2
RNA33_1	39	12	5
RNA33_1	39	13	12
RNA33_1	39	14	43
RNA33_1	39	15	459
RNA33_1	39	16	98
RNA33_1	39	17	7
RNA33_1	39	18	5
RNA33_1	39	19	1
RNA14	77	20	2
SSUD	87	0	4122
SSUD	87	1	1794
RNA32_F	39	10	1
RNA10_1	49	10	2
SSUD	87	2	545
RNA10_1	49	11	3
SSUD	87	3	479
RNA10_1	49	12	2
SSUD	87	4	341
SSUD	87	5	309
RNA10_1	49	14	1
SSUD	87	6	351
SSUD	87	7	255
RNA10_1	49	16	11
SSUD	87	8	180
SSUD	87	9	197
RNA7	110	24	2
RNA15_1	57	16	1
RNA23t_F	61	10	1
SSUD	150	0	21
SSUD	150	1	1
RNA11_F	88	30	91
SSUD	150	2	3
RNA11_F	88	33	2
SSUD	150	5	3
SSUD	150	6	1
RNA29	81	0	4
SSUD	150	7	1
RNA8	145	0	4
RNA29	86	22	1
RNA8	145	1	2
RNA5_F	96	10	105
RNA5_F	96	11	1028
RNA8	145	6	1
RNA5_F	96	12	1426
RNA5_F	96	13	297133
RNA5_F	96	14	1429
RNA23t_F	94	9	2
RNA5_F	96	15	93
RNA23t_1	42	10	53
RNA31_F	85	0	14
RNA5_F	96	16	33
RNA23t_1	42	11	60
RNA19	55	15	2
RNA31_F	85	1	3
RNA5_F	96	17	1
RNA23t_1	42	12	6
RNA30	64	33	1
RNA5_F	96	18	1
RNA23t_1	42	13	10
RNA19	55	17	2
RNA31_F	85	3	1
RNA23t_1	42	14	936
RNA19	55	18	1
RNA23t_1	42	15	1
RNA23t_1	42	16	3
SSUF_2	74	20	22
RNA23t_1	42	17	35
SSUF_2	74	21	2
RNA31_F	85	7	7
RNA23t_1	42	18	3
SSUF_2	74	22	5
RNA31_F	85	8	1
RNA23t_1	42	19	6
RNA11_1	96	0	2
RNA6	75	10	5
RNA6	75	11	10
RNA6	75	12	5
RNA6	75	13	479
RNA6	75	14	62
RNA6	75	15	2
RNA6	75	16	1
RNA6	75	17	1
RNA6	75	19	162
RNA39	28	10	44
RNA34_F	77	10	115
RNA34_F	77	11	142
RNA2	101	13	2
RNA34_F	77	12	778
RNA34_F	77	13	19982
RNA34_F	77	14	7995
RNA34_F	77	15	255
RNA34_F	77	16	46
RNA34_F	77	17	28
RNA34_F	77	18	53
RNA34_F	77	19	55
RNA42	150	10	1
RNA11_F	87	10	7
RNA15_1	57	20	1
RNA11_F	87	11	5
RNA7	110	30	4
RNA11_F	87	12	4
RNA7	110	31	6
RNA11_F	87	13	5
RNA29	84	0	1
RNA15_1	57	23	1
RNA11_F	87	14	2
RNA11_F	87	15	4
RNA11_F	87	16	7
RNA11_F	87	17	6
SSUD	71	0	7914
RNA11_F	87	18	2
SSUD	71	1	311
RNA11_F	87	19	7
SSUD	71	2	1830
SSUD	71	3	54
SSUD	71	4	68
SSUD	71	5	6187
RNA8	148	0	7
RNA34_1	58	11	6
SSUD	71	6	236
RNA34_1	58	12	3
SSUD	71	7	45
RNA28	73	0	9
RNA34_1	58	13	6
RNA23t_F	97	2	5
SSUD	71	8	33
RNA34_1	58	14	3
SSUD	71	9	48
RNA8	148	6	1
RNA28	73	6	1
RNA31_F	88	0	32
RNA31_F	88	1	9
RNA30	63	11	1
RNA30	63	12	2
RNA31_F	88	3	1
RNA30	63	14	2
RNA31_F	88	5	1
RNA30	63	15	2
RNA10_1	71	0	7
RNA30	63	16	1
RNA23t_2	59	10	25
RNA23t_2	59	11	3
RNA10_1	71	2	1
RNA23t_2	59	12	1
RNA19	55	20	4
RNA31_F	88	9	1
RNA30	63	19	1
RNA23t_2	59	13	6
RNA19	55	21	5
RNA10_1	71	5	14
RNA19	55	22	1
RNA23t_2	59	15	183
RNA10_1	71	6	5
RNA23t_2	59	16	1
RNA23t_2	59	17	4
RNA10_1	71	9	7
RNA31_F	100	0	1
RNA31_F	100	5	1
RNA42	91	8	2
RNA6	75	20	6
RNA6	75	22	1
RNA14	76	10	1
RNA40	82	0	4
RNA40	82	1	1
RNA32_F	97	5	1
RNA14	76	15	1
RNA14	76	19	2
RNA29	87	0	1
RNA36	58	14	1
SSUD	74	0	1116
RNA14	77	42	4
SSUD	74	1	468
RNA36	58	19	1
RNA17	102	61	1
SSUD	74	2	93
RNA17	102	62	1
SSUD	74	3	2225
SSUD	74	4	277
RNA1	96	10	17
RNA42	150	22	1
SSUD	74	5	2909
RNA11_F	87	20	9
SSUD	74	6	120
RNA15_1	57	30	3
RNA11_F	87	21	2
RNA28	76	0	5
SSUD	74	7	65
RNA43	63	11	1
RNA1	96	13	31
RNA11_F	87	22	2
RNA28	76	1	2
SSUD	74	8	8818
RNA1	96	14	1
RNA11_F	87	23	2
SSUD	74	9	771
RNA43	63	13	1
RNA1	96	15	1
RNA43	63	15	1
RNA11_F	87	26	2
RNA11_F	87	27	1
RNA11_F	87	28	4
RNA43	63	18	3
RNA11_F	87	29	160
RNA29	85	10	2
RNA2	56	10	78
RNA2	56	11	43
RNA2	56	12	12
RNA10_1	74	0	2
RNA2	56	13	4
RNA10_1	74	1	1
RNA29	85	17	1
RNA5_F	144	14	3
RNA10_1	74	5	2
RNA5_F	144	15	85
RNA10_1	74	8	1
RNA5_F	144	18	1
RNA30	63	21	1
RNA10_1	74	9	2
RNA8	132	0	5
RNA11_1	68	22	1
RNA8	132	2	2
RNA11_1	68	23	1
SSUF_2	73	10	38
RNA11_1	68	24	2
RNA8	132	4	5
SSUF_2	73	11	24
RNA8	132	5	5
SSUF_2	73	12	40
RNA8	132	6	1
RNA23t_F	81	6	1
SSUF_2	73	13	29
RNA8	132	7	1
SSUF_2	73	14	25
RNA11_1	68	28	1
SSUF_2	73	15	10
RNA8	132	9	1
RNA23t_F	81	9	1
SSUF_2	73	16	5
RNA15_1	150	0	6
RNA31_F	72	0	3
SSUF_2	73	17	9
SSUF_2	73	18	1492
RNA31_F	72	2	1
SSUF_2	73	19	29
RNA31_F	72	3	2
RNA31_F	72	6	1
RNA15_1	150	7	1
RNA31_F	72	7	111
RNA17	100	10	1
RNA31_F	72	9	7
RNA11_1	83	2	1
RNA8	140	15	1
RNA15_F	51	0	1
RNA14	76	20	1
RNA8	140	16	1
SSUD	77	0	53878
RNA15_F	51	1	1
RNA32_F	38	10	3
SSUD	77	1	6109
RNA10_1	48	10	3
SSUD	77	2	405
RNA10_1	48	11	6
SSUD	77	3	1112
RNA10_1	48	12	1
SSUD	77	4	3897
RNA10_1	48	13	1
SSUD	77	5	619147
SSUD	77	6	14267
RNA28	79	0	4
RNA10_1	48	15	22
SSUD	77	7	666
RNA35	41	12	1
SSUD	77	8	14914
RNA28	79	2	1
SSUD	77	9	102
RNA35	41	14	2
RNA19	130	1	1
RNA15_1	56	15	1
RNA35	41	19	30
RNA15_1	56	18	1
RNA23t_F	60	10	1
RNA9	139	11	1
SSUE_2	54	16	3
RNA11_F	87	30	2
RNA11_F	87	32	2
RNA10_1	77	0	1
RNA11_F	87	33	1
RNA29	71	0	6
RNA29	71	1	2
RNA29	71	3	2
RNA10_1	77	8	1
RNA29	71	8	1
RNA29	71	9	6
RNA8	135	0	2
RNA23t_F	84	0	2
RNA8	135	1	6
RNA33_1	70	16	2
RNA23t_F	84	1	2
RNA28	60	0	6
RNA8	135	2	2
RNA23t_F	84	2	1
RNA42	97	1	1
RNA8	135	3	2
RNA23t_F	84	3	1
RNA29	85	25	1
RNA8	135	4	3
RNA8	135	5	4
RNA28	60	4	3
RNA28	60	5	1
RNA23t_F	84	7	1
LSUB	46	10	6
RNA23t_F	84	8	1
RNA28	60	7	1
LSUB	46	11	5
RNA33_2	30	10	1
RNA8	135	9	1
RNA23t_1	41	10	65
RNA28	60	8	2
LSUB	46	12	7
RNA19	54	14	1
RNA33_2	30	11	2
RNA31_F	75	0	24
RNA10_1	80	11	1
RNA29	86	50	1
RNA23t_1	41	11	9
LSUB	46	13	17
RNA31_F	75	1	3
RNA30	63	32	4
RNA23t_1	41	12	10
LSUB	46	14	8
RNA33_F	90	0	2
RNA23t_1	41	13	1194
LSUB	46	15	7
RNA31_F	75	3	1
RNA10_1	80	14	1
RNA23t_1	41	14	1
LSUB	46	16	6
RNA31_F	75	4	1
RNA23t_1	41	15	3
LSUB	46	17	8
RNA19	54	19	9
RNA23t_1	41	16	44
LSUB	46	18	3
SSUF_2	73	20	1
RNA31_F	75	6	2
RNA23t_1	41	17	1
LSUB	46	19	2
SSUF_2	73	21	17
RNA10_1	80	18	1
RNA23t_1	41	18	2
RNA31_F	75	8	1
RNA31_F	75	9	6
RNA6	74	10	1
RNA6	74	11	6
RNA11_1	86	4	1
RNA6	74	12	583
RNA10_2	40	13	1
RNA6	74	13	75
RNA6	74	14	7
RNA1	126	11	1
RNA17	45	10	17
RNA6	74	15	4
RNA6	74	16	2
RNA17	45	12	4
RNA6	74	17	2
RNA1	126	14	1
RNA6	74	18	312
RNA6	74	19	7
RNA34_F	76	10	100
RNA1	126	18	1
RNA34_F	76	11	513
RNA1	126	19	1
RNA34_F	76	12	16714
RNA34_F	76	13	8256
RNA34_F	76	14	249
RNA34_1	90	33	1
RNA34_F	76	15	67
RNA2	150	0	9
RNA34_1	90	34	1
RNA34_F	76	16	49
RNA2	150	1	12
RNA34_F	76	17	52
RNA2	150	2	3
RNA34_F	76	18	40
RNA2	150	3	5
RNA2	150	4	2
RNA2	150	5	1
SSUD	143	0	1
RNA11_F	86	10	19
RNA15_1	56	20	1
RNA11_F	86	11	19
RNA11_F	86	12	8
RNA11_F	86	13	4
RNA11_F	86	14	10
RNA29	74	0	8
RNA11_F	86	15	6
RNA29	74	1	3
RNA11_F	86	16	5
RNA29	74	2	1
RNA11_F	86	17	6
SSUA	144	31	1
RNA11_F	86	18	5
SSUD	61	0	69
RNA29	74	4	2
RNA11_F	86	19	13
SSUD	61	1	199
SSUD	61	2	11
SSUD	61	3	169
RNA31_F	109	0	1
RNA34_1	57	10	2
RNA8	138	0	2
RNA34_1	57	11	4
RNA34_1	57	12	7
RNA23t_F	87	1	1
RNA28	63	0	4
RNA34_1	57	13	6
RNA8	138	3	1
RNA8	138	4	1
RNA8	138	5	1
RNA28	63	3	2
RNA8	138	6	1
RNA8	108	11	3
RNA23t_F	87	7	2
RNA28	63	6	1
RNA8	108	13	1
RNA8	108	14	5
RNA8	108	15	2
RNA31_F	78	0	34
RNA30	62	10	1
RNA8	108	16	44
RNA31_F	78	1	16
RNA30	62	11	2
RNA31_F	78	2	5
RNA33_F	93	0	1
RNA30	62	12	2
RNA31_F	78	3	4
RNA33_F	93	1	1
RNA30	62	13	1
RNA31_F	78	4	3
RNA30	62	14	5
RNA29	142	5	1
RNA31_F	78	5	5
RNA11_1	67	12	1
RNA30	62	15	3
RNA31_F	78	6	1
RNA33_F	93	4	2
RNA30	62	16	3
RNA23t_2	58	10	4
RNA10_1	61	1	1
RNA31_F	78	7	6
RNA33_F	93	5	1
RNA23t_2	58	11	1
RNA10_1	61	2	1
RNA31_F	78	8	3
RNA23t_2	58	12	2
RNA19	54	20	13
RNA31_F	78	9	4
RNA23t_2	58	13	1
RNA23t_2	58	14	231
LSUB	46	20	186
RNA10_1	61	5	1
RNA11_1	89	0	1
RNA11_1	67	18	4
RNA23t_2	58	15	2
LSUB	46	21	4
RNA10_1	61	6	1
RNA23t_2	58	16	2
RNA10_1	61	7	1
RNA10_1	61	8	1
RNA10_1	61	9	1
RNA42	81	0	1
RNA15_F	57	0	1
RNA15_F	57	1	1
RNA15_F	57	3	1
RNA15_F	57	5	1
RNA33_1	38	10	5
RNA6	74	22	1
RNA33_1	38	11	9
RNA6	74	23	2
RNA33_1	38	12	8
RNA33_1	38	13	71
RNA33_1	38	14	740
RNA14	75	10	1
RNA33_1	38	15	164
RNA33_1	38	16	17
RNA14	75	12	1
RNA33_1	38	17	5
RNA33_1	38	18	2
RNA2	100	20	1
RNA11_1	70	0	4
RNA14	75	18	3
SSUD	146	5	1
RNA11_1	70	4	1
RNA29	77	0	5
SSUD	146	8	1
RNA29	77	3	1
RNA17	101	60	1
SSUD	64	0	1444
RNA29	77	4	1
SSUD	64	1	81
SSUD	64	2	12
RNA29	77	6	1
SSUD	64	3	30
RNA29	77	7	1
RNA1	95	10	1
SSUD	64	4	46
SSUD	64	5	94
RNA1	95	11	2
RNA11_F	86	20	7
SSUD	64	6	476
RNA1	95	12	40
RNA11_F	86	21	3
RNA43	62	10	4
RNA11_F	86	22	4
RNA11_F	86	23	2
RNA43	62	12	1
RNA11_F	86	24	8
RNA43	62	13	1
RNA11_F	86	25	4
RNA28	150	17	1
RNA11_F	86	26	3
RNA11_F	86	27	3
RNA11_F	86	28	295
RNA43	62	17	1
RNA11_F	86	29	3
RNA28	66	9	1
RNA33_F	96	0	2
RNA40	93	13	1
RNA29	84	14	1
RNA10_1	64	0	2
RNA5_F	143	10	2
RNA10_1	64	1	6
RNA5_F	143	11	2
RNA8	108	20	1
RNA29	84	16	1
RNA10_1	64	2	7
RNA10_1	64	3	1
RNA5_F	143	14	110
RNA10_1	64	5	1
RNA5_F	143	15	1
RNA5_F	143	17	2
RNA5_F	95	10	1593
RNA43	95	7	1
RNA5_F	95	11	2693
RNA5_F	95	12	609370
RNA30	62	23	1
RNA8	122	0	51
RNA23t_F	71	0	20
RNA11_1	67	21	1
RNA5_F	95	13	2907
RNA8	122	1	15
RNA23t_F	71	1	51
RNA11_1	67	22	3
RNA5_F	95	14	94
RNA42	84	0	1
RNA8	122	2	7
RNA23t_F	71	2	29
RNA11_1	67	23	1
RNA5_F	95	15	57
RNA8	122	3	4
RNA23t_F	71	3	5
RNA11_1	67	24	1
RNA5_F	95	16	6
RNA8	122	4	6
RNA23t_F	71	4	2
RNA34_F	149	22	2
RNA11_1	67	25	1
RNA5_F	95	17	4
RNA8	122	5	3
RNA23t_F	71	5	2
RNA11_1	67	26	2
RNA5_F	95	18	2
RNA8	122	6	2
RNA5_F	95	19	1
RNA8	122	7	6
RNA23t_F	71	7	2
RNA8	122	8	16
RNA23t_F	71	8	2
RNA8	122	9	8
RNA23t_F	71	9	1
RNA31_F	62	0	7
RNA31_F	62	4	2
RNA31_F	133	10	1
RNA15_F	74	14	1
RNA31_F	62	6	1
RNA40	75	1	2
SSUD	149	0	3
RNA11_1	73	0	1
SSUD	149	3	1
RNA5_1	76	11	3
RNA5_1	76	12	1
SSUD	149	7	1
RNA15_F	41	0	12
SSUD	67	0	8009
RNA15_F	41	1	1
SSUD	67	1	46648
RNA10_1	47	10	3
SSUD	67	2	126
RNA15_F	41	3	3
SSUE_F	127	0	3
RNA14	75	24	1
SSUD	67	3	111
RNA10_1	47	12	2
SSUD	67	4	78
RNA15_F	41	5	2
SSUD	67	5	133
RNA35	40	10	3
SSUD	67	6	87
RNA10_1	47	14	81
RNA15_F	41	7	1
SSUD	67	7	28
RNA28	69	0	6
RNA35	40	12	1
RNA15_1	55	10	2
RNA10_1	47	15	1
RNA15_F	41	8	1
SSUD	67	8	30
RNA35	40	13	3
RNA10_1	47	16	1
SSUD	67	9	1272
RNA35	40	14	1
RNA10_1	47	17	1
RNA28	69	3	1
RNA35	40	15	1
RNA28	69	4	2
RNA35	40	16	1
RNA35	40	18	81
SSUA	143	20	1
SSUE_2	53	14	4
RNA9	138	10	1
SSUD	130	0	2
SSUE_2	53	15	1
RNA33_F	99	0	2
RNA11_F	86	30	1
RNA11_F	86	31	5
SSUE_2	53	18	1
RNA33_F	99	3	1
RNA43	62	21	1
SSUE_2	53	19	1
RNA10_1	67	0	4
RNA33_F	99	5	1
SSUD	130	5	1
RNA10_1	67	1	6
RNA33_F	99	6	1
RNA43	98	0	2
RNA29	61	0	161
RNA29	61	1	48
RNA10_1	67	4	5
RNA29	61	2	11
RNA10_1	67	5	14
RNA29	61	3	10
RNA10_1	67	6	1
RNA29	61	4	11
RNA29	61	5	3
RNA29	61	6	9
RNA29	61	7	7
RNA29	61	8	4
RNA29	61	9	6
RNA8	125	0	20
RNA23t_F	74	0	7
RNA8	125	1	6
RNA23t_F	74	1	13
RNA28	50	0	11
RNA23t_F	74	2	2
RNA28	50	1	12
RNA8	125	3	6
RNA23t_F	74	3	3
RNA28	50	2	5
RNA8	125	4	2
RNA23t_F	74	4	1
RNA8	125	5	1
RNA23t_F	74	5	2
RNA28	50	4	1
RNA19	53	10	1
RNA23t_F	74	6	1
RNA8	125	7	2
RNA23t_F	74	7	2
RNA28	50	6	1
LSUB	45	10	3
RNA8	125	8	2
RNA23t_1	40	10	10
LSUB	45	11	7
RNA8	125	9	3
RNA28	50	8	62
RNA23t_1	40	11	14
LSUB	45	12	16
RNA31_F	65	0	724
RNA30	62	31	6
RNA42	87	9	2
RNA28	50	9	64
RNA23t_1	40	12	1283
LSUB	45	13	8
RNA19	53	15	2
RNA31_F	65	1	13
RNA23t_1	40	13	3
LSUB	45	14	5
RNA31_F	65	2	79
RNA33_F	80	0	2
LSUB	45	15	4
RNA23t_1	40	15	52
LSUB	45	16	10
RNA19	53	18	13
RNA23t_1	40	16	2
LSUB	45	17	3
RNA19	53	19	21
RNA23t_1	40	17	1
LSUB	45	19	339
RNA31_F	65	7	2
RNA31_F	65	8	2
RNA16	84	17	1
RNA33_F	80	9	3
RNA11_1	76	1	1
RNA6	73	10	10
RNA6	73	11	695
RNA6	73	12	130
RNA6	73	13	7
RNA1	125	10	1
RNA6	73	14	3
RNA6	73	15	5
RNA15_F	44	0	2
RNA6	73	16	5
RNA15_F	44	1	1
RNA6	73	17	519
RNA6	73	18	14
RNA1	125	17	1
RNA1	125	18	1
RNA15_F	44	7	1
RNA15_F	44	9	1
RNA2	140	1	1
RNA33_F	150	0	4
RNA14	75	35	1
RNA33_F	150	1	1
RNA33_F	150	2	3
RNA2	140	8	1
RNA11_F	85	10	31
RNA33_F	150	3	2
RNA11_F	85	11	28
RNA15_1	55	21	1
RNA11_F	85	12	17
RNA33_F	150	5	1
RNA11_F	85	13	14
RNA11_F	85	14	21
RNA29	64	0	35
RNA11_F	85	15	14
RNA29	64	1	9
RNA11_F	85	16	9
RNA29	64	2	5
RNA11_F	85	17	17
RNA29	64	3	4
RNA11_F	85	18	25
RNA29	64	4	4
RNA15_1	55	28	1
RNA11_F	85	19	8
RNA29	64	5	1
RNA29	64	6	3
RNA29	64	7	2
RNA29	64	8	2
SSUE_2	53	27	1
RNA23t_F	77	0	2
RNA29	64	9	3
RNA8	128	0	5
RNA23t_F	77	1	2
RNA28	53	0	64
RNA23t_F	77	2	2
RNA8	128	2	1
RNA28	53	1	10
RNA8	128	3	1
RNA28	53	2	4
RNA8	128	4	4
RNA28	53	3	3
RNA8	107	10	8
RNA23t_F	77	5	1
RNA8	128	5	3
RNA28	53	4	3
RNA8	107	11	2
RNA2	55	10	49
RNA8	128	6	1
RNA28	53	5	2
RNA23t_F	77	7	2
RNA2	55	11	39
RNA28	53	6	1
RNA8	107	13	5
RNA23t_F	77	8	6
RNA2	55	12	12
RNA28	53	7	1
RNA8	107	14	2
RNA23t_F	77	9	1
RNA28	53	8	2
RNA8	107	15	71
RNA31_F	68	0	8
RNA28	53	9	3
RNA8	107	16	1
RNA31_F	68	1	11
RNA33_F	83	0	2
RNA30	61	12	7
RNA9	99	13	3
RNA31_F	68	2	50
RNA30	61	13	10
RNA9	99	14	1
RNA31_F	68	3	264
RNA30	61	14	4
RNA9	99	15	1
RNA11_1	66	12	2
RNA31_F	68	5	7
RNA30	61	16	1
RNA23t_2	57	11	1
RNA10_1	51	1	1
RNA31_F	68	7	1
RNA23t_2	57	12	2
RNA43	82	0	4
RNA10_1	51	2	1
RNA11_1	66	15	1
RNA23t_2	57	13	231
RNA10_1	51	3	1
RNA31_F	68	9	3
RNA11_1	66	17	2
RNA23t_2	57	15	7
LSUB	45	20	4
LSUB	45	21	1
RNA10_1	51	7	1
SSUF_2	72	10	36
RNA10_1	51	8	3
SSUF_2	72	11	77
RNA10_1	51	9	1
SSUF_2	72	12	36
SSUF_2	72	13	24
RNA43	82	9	1
SSUF_2	72	14	16
RNA5_F	144	61	1
SSUF_2	72	15	12
SSUF_2	72	16	9
RNA15_F	47	0	11
SSUF_2	72	17	2166
RNA15_F	47	1	3
SSUF_2	72	18	47
SSUF_2	72	19	6
RNA15_F	47	4	3
RNA15_F	47	5	3
RNA15_F	47	7	1
RNA33_1	37	10	8
RNA33_1	37	11	12
RNA6	73	23	1
RNA33_1	37	12	77
RNA33_1	37	13	993
RNA33_1	37	14	264
RNA14	74	10	1
RNA33_1	37	15	36
RNA34_F	92	0	594
RNA40	62	0	3
RNA14	74	11	1
RNA33_1	37	16	8
RNA34_F	92	1	152
RNA14	74	12	1
RNA33_1	37	17	7
RNA34_F	92	2	395
SSUD	136	0	1
RNA34_F	92	3	173
RNA34_F	92	4	162
RNA14	74	15	1
RNA11_1	60	0	31
RNA34_F	92	5	98
RNA11_1	60	1	3
RNA34_F	92	6	47
RNA11_1	60	2	5
RNA34_F	92	7	26
RNA11_1	60	3	3
RNA34_F	92	8	31
RNA14	74	19	1
RNA11_1	60	4	3
RNA34_F	92	9	24
RNA11_1	60	5	2
RNA29	67	0	5
RNA11_1	60	6	7
RNA29	67	1	4
RNA11_1	60	7	2
RNA29	67	2	2
RNA11_1	60	8	3
RNA29	67	3	3
RNA11_1	60	9	4
RNA29	67	4	6
RNA29	67	5	6
RNA29	67	7	7
RNA29	67	8	4
RNA11_F	85	20	9
RNA11_F	85	21	4
RNA43	61	10	1
RNA28	56	0	30
RNA11_F	85	22	4
RNA28	56	1	1
RNA15_1	55	32	1
RNA11_F	85	23	11
RNA43	61	12	1
RNA28	56	2	3
RNA11_F	85	24	10
RNA11_F	85	25	3
RNA28	56	4	1
RNA11_F	85	26	4
RNA11_F	85	27	562
RNA11_F	85	28	7
RNA28	56	7	1
RNA11_F	85	29	1
RNA15_1	149	0	2
RNA28	56	9	3
RNA33_F	86	0	1
RNA33_F	86	1	4
RNA10_1	54	0	3
RNA43	85	0	4
RNA10_1	54	4	1
RNA5_F	94	10	3538
RNA30	61	21	1
RNA5_F	94	11	1175597
RNA10_1	54	9	1
RNA5_F	94	12	4543
RNA43	85	8	1
RNA9	99	24	3
RNA11_1	66	20	1
RNA5_F	94	13	152
RNA8	112	0	32657
RNA11_1	66	21	3
RNA5_F	94	14	151
RNA8	112	1	5548
RNA11_1	66	22	3
RNA5_F	94	15	9
RNA8	112	2	208
RNA11_1	66	23	1
RNA5_F	94	16	2
RNA8	112	3	1522
RNA11_1	66	24	2
RNA5_F	94	17	6
RNA8	112	4	1528
RNA5_F	94	18	1
RNA8	112	5	329408
RNA11_1	66	26	1
RNA8	112	6	3226
RNA11_1	66	27	2
RNA8	112	7	1441
LSUB	132	13	1
RNA8	112	8	430
SSUF_2	72	20	22
RNA8	112	9	22
SSUF_2	72	21	1
RNA31_F	52	0	5
RNA2	146	1	1
SSUF_2	72	26	1
RNA34_F	95	0	451
RNA34_F	95	1	78
RNA34_F	95	2	1232
SSUA	142	0	31
RNA34_F	95	3	1642
SSUA	142	1	4
RNA34_F	95	4	3034
RNA11_1	63	0	9
SSUA	142	2	5
RNA34_F	95	5	991
RNA11_1	63	1	1
SSUA	142	3	10
RNA34_F	95	6	136
RNA11_1	63	2	2
SSUA	142	4	37
RNA34_F	95	7	23
RNA11_1	63	3	2
SSUA	142	5	38
RNA34_F	95	8	8
RNA5_1	75	12	1
SSUA	142	6	5
RNA34_F	95	9	9
RNA34_1	150	0	1
RNA11_1	63	6	1
RNA34_F	75	10	331
RNA11_1	63	7	3
RNA34_F	75	11	11395
RNA34_F	75	12	6281
RNA34_F	75	13	263
RNA34_F	75	14	67
RNA34_F	75	15	61
RNA34_F	75	16	49
RNA34_F	75	17	30
RNA28	59	0	1
RNA15_1	54	12	1
RNA15_1	54	15	1
RNA28	59	6	1
RNA28	59	7	1
RNA15_1	54	17	1
SSUE_2	52	13	3
SSUE_2	52	14	4
SSUE_2	52	15	3
RNA33_F	89	0	6
RNA11_F	85	30	3
RNA33_F	89	1	1
SSUE_2	52	18	1
SSUE_2	52	19	1
RNA10_1	57	0	2
RNA10_1	57	1	1
RNA29	51	0	82
RNA10_1	57	3	1
RNA29	51	1	8
RNA34_1	56	10	7
RNA10_1	57	4	5
RNA29	51	2	4
RNA34_1	56	11	29
RNA10_1	57	5	3
RNA29	51	3	4
RNA34_1	56	12	5
RNA10_1	57	6	3
RNA29	51	5	10
RNA13	91	7	1
RNA10_1	57	8	1
RNA29	51	6	1178
RNA10_1	57	9	2
RNA29	51	7	11
RNA13	91	9	1
RNA29	51	8	12
RNA43	88	9	1
RNA29	51	9	51
RNA8	115	0	8627
RNA8	115	1	1692
RNA28	40	0	3
RNA8	115	2	455
RNA8	115	3	623
RNA8	115	4	856
RNA8	115	5	257
RNA8	115	6	583
RNA8	115	7	839
LSUB	44	10	11
RNA8	115	8	131249
RNA30	61	30	3
LSUB	44	11	27
RNA19	52	13	1
RNA8	115	9	824
LSUB	44	12	19
RNA19	52	14	2
RNA31_F	55	0	2
LSUB	44	13	6
RNA31_F	55	1	2
LSUB	44	14	5
RNA33_F	70	0	7
LSUB	44	15	24
RNA19	52	17	14
RNA2	149	0	1
LSUB	44	16	12
RNA19	52	18	43
LSUB	44	17	5
LSUB	44	18	658
RNA2	149	3	1
LSUB	44	19	9
RNA34_F	98	0	6711
RNA34_F	98	1	104
RNA2	149	5	1
SSUA	145	0	125
RNA34_F	98	2	375
SSUA	145	1	11
RNA34_F	98	3	575
SSUA	145	2	2
RNA34_F	98	4	1372
RNA11_1	66	0	4
RNA42	71	0	2
SSUA	145	3	4
RNA34_F	98	5	1729
RNA42	71	1	3
SSUA	145	4	15
RNA34_F	98	6	801
SSUA	145	5	13
RNA6	72	10	935
RNA34_F	98	7	188
RNA11_1	66	3	2
SSUA	145	6	2
RNA6	72	11	167
RNA34_F	98	8	10
RNA11_1	66	4	1
RNA6	72	12	5
RNA34_F	98	9	6
RNA6	72	13	8
RNA17	43	10	4
RNA6	72	14	8
RNA11_1	66	7	1
RNA6	72	15	8
RNA1	124	12	2
RNA6	72	16	734
RNA6	72	17	22
RNA6	72	18	6
SSUF_1	79	10	1
RNA6	72	19	1
RNA1	124	16	3
RNA2	130	0	1
RNA36	56	13	1
RNA2	130	5	1
SSUF_2	39	10	71
RNA33_F	140	0	1
SSUF_2	39	11	74
SSUF_2	39	12	2
RNA36	56	17	1
RNA11_F	84	10	49
RNA2	130	9	16
RNA11_F	84	11	39
RNA11_F	145	3	1
RNA23t_2	150	0	2
RNA14	74	39	3
RNA11_F	84	12	24
RNA11_F	84	13	27
RNA11_F	84	14	24
RNA29	54	0	1091
RNA11_F	84	15	7
RNA29	54	1	290
RNA1	94	11	46
RNA11_F	84	16	28
RNA29	54	2	167
SSUE_2	52	21	1
RNA11_F	84	17	42
RNA29	54	3	167
RNA15_1	54	27	6
RNA11_F	84	18	21
RNA29	54	4	146
RNA11_F	84	19	6
RNA29	54	5	161
RNA29	54	6	11
RNA29	54	7	12
RNA29	54	8	340
RNA8	118	0	577
RNA29	54	9	51213
RNA8	118	1	58
RNA28	43	0	4
RNA8	118	2	29
RNA28	43	1	4
RNA8	118	3	34
RNA8	118	4	63
RNA8	106	10	1
RNA8	118	5	25
RNA28	43	4	1
RNA8	118	6	15
RNA2	54	10	43
RNA28	43	5	2
RNA8	118	7	22
RNA8	106	12	3
RNA2	54	11	27
RNA28	43	6	1
RNA8	106	13	1
RNA8	118	8	11
RNA8	106	14	84
RNA8	118	9	25
RNA5_F	142	10	1
RNA8	106	15	1
RNA31_F	58	0	152
RNA5_F	142	11	1
RNA31_F	58	1	1
RNA9	98	12	1
RNA5_F	142	12	2
RNA31_F	58	2	1
RNA33_F	73	0	3
RNA29	83	17	1
RNA5_F	142	13	211
RNA8	106	18	2
RNA11_1	65	10	1
RNA5_F	142	14	1
RNA11_1	65	11	3
RNA33_F	73	2	2
RNA11_1	65	12	1
RNA5_F	142	16	4
RNA11_1	65	13	1
RNA23t_2	56	10	2
RNA10_1	41	0	252
RNA23t_2	56	11	2
RNA10_1	41	1	31
RNA11_1	65	15	2
RNA23t_2	56	12	253
RNA10_1	41	2	13
RNA11_1	65	16	5
RNA23t_2	56	13	5
SSUA	148	0	47
RNA10_1	41	3	21
RNA23t_2	56	14	3
SSUA	148	1	6
RNA10_1	41	4	39
RNA23t_F	61	0	1752
LSUB	44	20	2
RNA10_1	41	5	29
RNA23t_F	61	1	14542
RNA11_1	69	0	3
RNA11_1	65	19	2
LSUB	44	21	2
RNA10_1	41	6	22
RNA23t_F	61	2	106
RNA11_1	69	1	1
RNA23t_2	56	17	2
SSUA	148	4	1
RNA10_1	41	7	15
RNA23t_F	61	3	11
SSUF_2	71	10	79
SSUA	148	5	5
RNA10_1	41	8	3147
RNA23t_F	61	4	48
SSUF_2	71	11	68
RNA10_1	41	9	3
RNA23t_F	61	5	5
SSUF_2	71	12	45
SSUA	148	7	2
RNA23t_F	61	6	34
SSUF_2	71	13	25
RNA23t_F	61	7	3
SSUF_2	71	14	18
RNA23t_F	61	8	99
SSUF_2	71	15	17
RNA23t_F	61	9	9
SSUF_2	71	16	3387
RNA15_1	130	0	1
SSUF_2	71	17	70
RNA7	89	10	15969
SSUF_2	71	18	12
RNA7	89	11	201
SSUF_2	71	19	32
RNA7	89	12	52
RNA7	89	13	4
RNA7	89	14	11
RNA7	89	15	2
RNA7	89	16	1
RNA7	89	17	2
RNA33_1	36	10	7
RNA33_1	36	11	61
RNA33_1	36	12	895
RNA33_1	36	13	407
RNA33_1	36	14	56
RNA14	119	21	2
RNA33_1	36	15	14
RNA33_1	36	16	9
RNA2	133	4	1
RNA15_F	31	0	9603
RNA15_F	31	1	1219
RNA15_F	31	2	443
RNA10_1	46	10	4
RNA15_F	31	3	763
RNA29	57	0	6608
RNA10_1	46	11	7
RNA15_F	31	4	1188
RNA29	57	1	549
RNA10_1	46	12	1
RNA15_F	31	5	84
RNA29	57	2	209
RNA10_1	46	13	145
RNA15_F	31	6	74
RNA29	57	3	235
RNA15_F	31	7	104
RNA29	57	4	198
RNA10_1	46	15	2
RNA29	57	5	219
RNA29	57	6	194
RNA29	57	7	173
RNA29	57	8	200
RNA29	57	9	14
RNA11_F	84	20	14
RNA11_F	84	21	5
RNA28	46	0	9
RNA40	142	12	1
RNA15_1	54	31	1
RNA11_F	84	22	31
RNA28	46	1	18
RNA11_F	84	23	24
RNA43	60	12	1
RNA11_F	84	24	7
RNA28	46	3	1
SSUD	120	0	14
RNA11_F	84	25	15
RNA28	46	4	5
RNA11_F	84	26	928
RNA43	60	15	1
RNA28	46	5	8
RNA40	142	17	1
RNA11_F	84	27	15
RNA28	46	6	14
RNA11_F	84	28	2
SSUD	120	4	1
RNA11_F	84	29	15
SSUD	120	5	1
RNA28	46	8	1
SSUD	120	6	2
RNA10_1	44	0	64
RNA33_F	76	5	1
RNA10_1	44	1	27
RNA10_1	44	2	2
RNA10_1	44	3	12
RNA23t_F	64	0	277
RNA10_1	44	4	17
RNA23t_F	64	1	1060
RNA10_1	44	5	38
RNA42	77	0	1
RNA23t_F	64	2	4
RNA10_1	44	6	17
RNA23t_F	64	3	14
RNA10_1	44	7	3
RNA23t_F	64	4	1194
RNA5_F	93	10	376859
RNA10_1	44	8	6
RNA23t_F	64	5	16
RNA5_F	93	11	2202
RNA9	98	23	11
RNA10_1	44	9	5
RNA23t_F	64	6	2
RNA11_1	65	20	6
RNA5_F	93	12	229
RNA23t_F	64	7	17
RNA11_1	65	21	5
RNA5_F	93	13	101
RNA23t_F	64	8	2
RNA11_1	65	22	3
RNA5_F	93	14	7
RNA23t_F	64	9	6
RNA5_F	93	15	3
RNA34_F	147	21	4
RNA5_F	93	16	1
RNA11_1	65	25	3
RNA11_1	65	26	1
RNA5_F	93	18	3
SSUF_2	71	20	3
RNA2	136	0	2
RNA2	136	2	2
RNA2	136	3	1
SSUA	132	0	136
SSUA	132	1	34
SSUA	132	2	9
SSUA	132	3	10
RNA15_F	34	0	86
SSUF_1	96	0	1
SSUA	132	4	11
RNA15_F	34	1	14
SSUA	132	5	22
RNA5_1	74	11	1
RNA15_F	34	2	9
SSUA	132	6	26
RNA15_F	34	3	2
SSUA	132	7	21
SSUA	132	8	15
RNA15_F	34	5	97
SSUF_1	96	5	1
SSUA	132	9	12
RNA34_F	74	10	7180
RNA15_F	34	6	177
RNA34_F	74	11	4134
RNA15_F	34	7	320
RNA34_F	74	12	221
RNA5_1	74	17	2
RNA15_F	34	8	42
RNA34_F	74	13	82
RNA34_F	149	85	2
RNA15_F	34	9	25
RNA34_F	74	14	79
RNA5_1	74	19	1
RNA34_F	74	15	93
RNA34_F	74	16	44
RNA28	49	0	22
RNA28	49	1	22
RNA28	49	2	3
RNA28	49	3	1
SSUD	123	0	3
RNA28	49	4	3
RNA14	92	0	5
SSUD	123	4	1
SSUE_2	51	12	4
RNA28	49	7	33
RNA14	92	3	3
SSUD	123	5	1
SSUE_2	51	13	3
RNA28	49	8	48
RNA29	128	0	2
SSUE_2	51	14	1
RNA28	49	9	23
RNA14	92	5	2
SSUE_2	51	15	9
RNA14	92	6	2
RNA33_F	79	0	3
RNA11_F	84	30	1
RNA33_F	79	1	2
RNA11_F	132	1	1
SSUE_2	51	18	1
RNA33_F	79	4	1
RNA10_1	47	0	10
RNA10_1	47	1	5
RNA13	81	1	1
RNA10_1	47	2	4
RNA29	41	0	29
RNA34_1	55	10	9
RNA29	41	1	5
RNA34_1	55	11	9
RNA23t_F	67	0	19
RNA33_F	79	8	4
RNA10_1	47	4	25
RNA23t_F	67	1	33
RNA10_1	47	5	9
RNA23t_F	67	2	10
RNA10_1	47	6	8
RNA23t_F	67	3	10
RNA10_1	47	7	1
RNA29	41	5	3
RNA23t_F	67	4	17
RNA10_1	47	8	2
RNA23t_F	67	5	3
RNA10_1	47	9	1
RNA23t_F	67	6	4
RNA23t_F	67	7	207
RNA23t_F	67	8	2
RNA23t_F	67	9	1
RNA30	60	10	2
RNA30	60	11	5
RNA30	60	12	10
RNA30	60	13	2
RNA30	60	14	1
RNA30	60	15	1
LSUB	43	10	28
RNA19	51	12	1
LSUB	43	11	22
RNA19	51	13	3
RNA30	60	17	2
LSUB	43	12	23
RNA43	72	0	10
LSUB	43	13	14
SSUA	109	11	1
RNA30	60	19	1
LSUB	43	14	19
RNA19	51	16	13
LSUB	43	15	15
RNA19	51	17	37
LSUB	43	16	5
LSUB	43	17	1201
SSUA	109	15	1
LSUB	43	18	17
SSUA	109	16	2
LSUB	43	19	2
SSUA	109	17	2
SSUA	135	0	39
RNA16	82	15	1
SSUA	135	1	5
RNA2	139	8	3
SSUA	135	2	7
RNA42	61	0	3
RNA15_F	37	0	754
SSUA	135	3	6
RNA15_F	37	1	49
SSUA	135	4	1
RNA15_F	37	2	15
SSUA	135	5	5
RNA15_F	37	3	24
SSUA	135	6	4
RNA15_F	37	4	18
RNA15_F	37	5	3
SSUA	135	8	1
RNA15_F	37	6	2
SSUA	135	9	1
RNA15_F	37	7	5
RNA15_F	37	8	280
RNA15_F	37	9	344
RNA1	123	15	4
RNA5_F	109	13	1
RNA5_F	109	14	1
RNA34_F	82	0	1896
RNA34_F	82	1	525
RNA34_F	82	2	199
SSUF_2	91	0	10
SSUD	126	0	1
RNA34_F	82	3	264
RNA5_F	109	18	3
RNA2	120	0	13
RNA34_F	82	4	218
RNA5_F	109	19	1
RNA14	95	0	7
RNA11_1	50	0	141
SSUD	126	2	1
RNA34_F	82	5	183
RNA14	73	16	4
RNA14	95	1	1
RNA11_1	50	1	14
SSUD	126	3	1
RNA34_F	82	6	197
RNA14	73	17	1
SSUF_2	91	4	1
RNA11_1	50	2	7
RNA34_F	82	7	171
SSUF_2	91	5	2
RNA11_1	50	3	9
SSUD	126	5	1
RNA5_F	92	0	5234
RNA34_F	82	8	123
SSUF_2	91	6	3
RNA14	95	4	3
RNA11_1	50	4	10
RNA5_F	92	1	3468
RNA34_F	82	9	116
RNA14	95	5	4
RNA11_1	50	5	13
RNA33_F	130	0	2
RNA5_F	92	2	371
RNA11_1	50	6	38
RNA11_F	135	0	1
RNA5_F	92	3	717
RNA14	95	7	1
RNA11_1	50	7	18
RNA5_F	92	4	1595
RNA11_1	50	8	49
RNA5_F	92	5	1496
RNA11_1	50	9	156
RNA5_F	92	6	163
RNA5_F	92	7	255
RNA5_F	92	8	374
RNA29	44	0	3
RNA13	137	0	1
RNA5_F	92	9	112463
RNA29	44	1	2
RNA1	93	10	32
RNA29	44	2	41
RNA1	93	11	1
RNA29	44	4	3
RNA29	44	6	1
RNA29	44	8	12
RNA8	105	11	21
RNA2	53	10	48
RNA29	82	11	1
RNA8	105	12	1
RNA2	53	11	2
RNA29	82	12	1
RNA8	105	13	124
RNA8	105	14	4
RNA9	97	10	1
RNA8	105	15	1
RNA9	97	11	1
RNA5_F	141	11	1
RNA5_F	141	12	352
RNA8	105	17	8
RNA5_F	141	13	3
RNA5_F	141	14	1
RNA43	145	16	1
RNA43	75	3	1
RNA5_F	141	15	8
RNA43	75	4	1
RNA23t_2	55	10	7
RNA30	60	21	1
RNA23t_2	55	11	210
RNA23t_2	55	12	4
RNA23t_2	55	13	10
SSUA	138	0	25
SSUA	138	1	11
RNA8	102	0	500
RNA23t_F	51	0	241
SSUA	138	2	64
LSUB	43	20	1
RNA8	102	1	4
RNA23t_F	51	1	6
RNA8	102	2	3
SSUA	138	3	13
RNA19	51	23	1
RNA23t_F	51	2	1238
RNA8	102	3	8
SSUF_2	70	10	81
SSUA	138	4	9
LSUB	43	22	1
RNA8	102	4	2
SSUF_2	70	11	88
SSUA	138	5	2
SSUF_2	70	12	39
RNA30	60	29	6
RNA8	102	5	21
SSUF_2	70	13	23
RNA8	102	6	14
RNA42	64	5	2
SSUF_2	70	14	28
RNA23t_F	141	0	1
RNA8	102	7	1
SSUF_2	70	15	5404
SSUA	138	9	1
RNA8	102	8	20
SSUF_2	70	16	123
RNA8	102	9	5
SSUF_2	70	17	9
SSUF_2	70	18	41
RNA7	88	10	222
SSUF_2	70	19	3
RNA7	88	11	78
RNA7	88	12	2
RNA7	88	13	2
RNA7	88	14	2
RNA7	88	15	3
RNA34_F	85	0	6222
RNA7	88	16	2
RNA34_F	85	1	1682
RNA33_1	35	10	58
RNA34_F	85	2	774
SSUF_2	94	0	6
RNA33_1	35	11	763
RNA34_F	85	3	1009
RNA7	88	19	4
SSUF_2	94	1	1
RNA33_1	35	12	500
RNA2	123	0	5
SSUD	129	0	2
RNA34_F	85	4	789
RNA33_1	35	13	76
RNA14	98	0	74
RNA11_1	53	0	196
RNA34_F	85	5	918
SSUF_2	94	3	1
RNA33_1	35	14	26
RNA14	98	1	3
RNA11_1	53	1	42
RNA2	123	2	2
RNA34_F	85	6	1280
SSUF_2	94	4	1
RNA33_1	35	15	10
RNA11_1	53	2	13
RNA34_F	85	7	867
SSUF_2	94	5	1
RNA11_1	53	3	15
RNA5_F	95	0	49776
RNA34_F	85	8	775
RNA14	98	4	1
RNA11_1	53	4	18
SSUD	129	5	1
SSUD	129	6	1
RNA5_F	95	1	4360
RNA34_F	85	9	704
RNA1	123	26	1
RNA14	98	5	1
RNA11_1	53	5	8
RNA11_F	138	0	4
RNA5_F	95	2	2371
RNA11_1	53	6	10
RNA5_F	95	3	2723
RNA14	98	7	1
RNA11_1	53	7	9
RNA5_F	95	4	2524
RNA11_1	53	8	26
RNA5_F	95	5	2573
RNA11_1	53	9	80
RNA5_F	95	6	2808
RNA5_F	109	26	17
RNA11_F	138	5	1
RNA5_F	95	7	3012
RNA10_1	45	10	4
RNA5_F	95	8	2710
RNA29	47	0	6
RNA10_1	45	11	4
RNA5_F	95	9	184
RNA29	47	1	8
RNA10_1	45	12	291
RNA29	47	2	3
RNA29	47	3	2
RNA29	47	4	2
RNA10_1	45	15	1
RNA29	47	5	2
RNA15_1	53	11	1
RNA29	47	6	2
RNA15_1	53	12	1
RNA29	47	9	9
RNA15_1	53	17	1
RNA15_1	53	19	2
SSUD	110	0	60
SSUD	110	1	3
SSUD	110	2	8
SSUD	110	3	3
SSUD	110	4	8
SSUA	141	28	1
SSUD	110	5	16
SSUD	110	6	2
RNA43	78	0	1
RNA40	90	15	1
RNA40	90	16	1
RNA8	105	0	268
RNA23t_F	54	0	19
RNA8	105	1	1186
RNA23t_F	54	1	16
RNA8	105	2	10
RNA23t_F	54	2	18
RNA8	105	3	40
RNA23t_F	54	3	2
RNA8	105	4	10
RNA23t_F	54	4	1
RNA5_F	92	10	709
RNA9	97	22	10
RNA8	105	5	2
RNA5_F	92	11	390
RNA8	105	6	16
RNA5_F	92	12	91
RNA8	105	7	9
RNA5_F	92	13	11
RNA9	97	25	1
RNA8	105	8	27
RNA5_F	92	14	10
RNA8	105	9	4
RNA5_F	92	15	4
RNA5_F	92	16	6
RNA5_F	92	17	1
RNA33_F	60	0	4
RNA33_F	60	1	1
LSUB	130	11	2
RNA23t_F	144	7	1
SSUF_2	70	20	1
RNA34_F	88	0	3874
RNA34_F	88	1	630
RNA34_F	88	2	370
SSUF_2	97	0	6
RNA34_F	88	3	435
RNA34_F	88	4	351
RNA11_1	56	0	138
RNA34_F	88	5	490
SSUF_2	97	3	1
RNA11_1	56	1	34
RNA34_F	88	6	657
RNA11_1	56	2	12
RNA6	71	10	164
RNA34_F	88	7	361
SSUF_2	97	5	4
RNA11_1	56	3	13
RNA2	126	5	6
RNA5_F	98	0	8257
RNA6	71	11	12
RNA34_F	88	8	343
SSUF_2	97	6	1
RNA11_1	56	4	8
SSUA	122	0	20
RNA5_F	98	1	792
RNA6	71	12	4
RNA34_F	88	9	340
RNA11_1	56	5	4
SSUA	122	1	4
RNA5_F	98	2	358
RNA6	71	13	7
RNA11_1	56	6	12
RNA2	126	8	1
SSUA	122	2	5
RNA5_F	98	3	346
RNA6	71	14	7
RNA11_1	56	7	8
RNA14	118	11	2
RNA15_F	24	0	679
SSUA	122	3	3
RNA5_F	98	4	347
RNA6	71	15	1246
RNA11_1	56	8	12
RNA34_F	147	59	1
RNA15_F	24	1	1479
SSUA	122	4	5
RNA5_F	98	5	375
RNA6	71	16	35
RNA11_1	56	9	10
RNA14	118	13	1
RNA15_F	24	2	748
SSUA	122	5	9
RNA5_F	98	6	326
RNA6	71	17	14
RNA33_2	116	15	1
RNA5_F	98	7	305
RNA6	71	18	7
SSUA	122	7	8
RNA5_F	98	8	321
RNA6	71	19	1
RNA16	91	0	1
RNA5_1	73	13	1
SSUA	122	8	3
RNA5_F	98	9	413
SSUA	122	9	691
RNA34_F	73	10	2537
RNA5_1	73	15	1
RNA18	59	28	1
RNA34_F	73	11	152
RNA34_F	73	12	82
RNA34_F	73	13	106
RNA34_F	148	85	1
RNA5_1	73	18	1
RNA34_F	73	14	84
RNA34_F	73	15	72
SSUF_2	38	10	68
SSUF_2	38	11	7
SSUD	113	0	33
SSUD	113	1	1
RNA14	82	0	6
SSUD	113	2	1
RNA11_F	83	10	67
SSUE_2	50	11	5
SSUD	113	3	4
RNA14	73	38	7
RNA11_F	83	11	66
SSUE_2	50	12	2
SSUD	113	4	6
RNA11_F	83	12	54
SSUE_2	50	13	1
SSUD	113	5	4
RNA15_1	53	22	1
RNA11_F	83	13	37
SSUD	113	6	2
RNA11_F	83	14	28
RNA14	82	6	6
RNA11_F	83	15	51
SSUE_2	50	16	3
RNA15_1	53	25	1
RNA11_F	83	16	96
RNA15_1	53	26	9
RNA14	82	8	2
RNA11_F	83	17	41
RNA11_F	83	18	19
SSUE_2	50	19	3
RNA11_F	83	19	23
RNA13	71	0	2
RNA13	71	1	1
RNA34_1	54	10	12
RNA13	71	2	1
RNA8	108	0	3654
RNA23t_F	57	0	32
RNA8	108	1	16283
RNA23t_F	57	1	23
RNA8	108	2	141
RNA23t_F	57	2	3
RNA8	108	3	237
RNA23t_F	57	3	2
RNA8	108	4	73
RNA23t_F	57	4	8
RNA8	108	5	29
RNA23t_F	57	5	2
RNA8	108	6	91
RNA23t_F	57	6	2
RNA13	71	9	4
RNA8	108	7	71
RNA8	108	8	5
RNA8	108	9	26
RNA29	112	0	1
RNA29	82	30	1
RNA33_F	63	0	1
RNA11_1	64	10	1
RNA11_1	64	12	3
LSUB	42	10	43
RNA10_1	31	0	5
LSUB	42	11	27
RNA10_1	31	1	4
LSUB	42	12	20
RNA11_1	64	15	5
RNA29	82	37	1
RNA43	62	0	2
LSUB	42	13	48
LSUB	42	14	26
RNA2	129	0	3
LSUB	42	15	15
RNA11_1	59	0	33
RNA11_1	64	18	14
LSUB	42	16	2001
RNA11_1	59	1	5
RNA11_1	64	19	3
LSUB	42	17	31
RNA11_1	59	2	5
LSUB	42	18	4
RNA11_1	59	3	2
RNA43	62	6	2
LSUB	42	19	3
RNA16	115	6	1
RNA11_1	59	4	2
RNA2	129	5	1
SSUA	125	0	84
RNA43	62	8	2
RNA28	115	15	1
RNA11_1	59	6	4
SSUA	125	1	11
RNA43	62	9	2
RNA11_1	59	7	5
RNA2	129	8	8
SSUA	125	2	2
RNA42	51	0	3
RNA11_1	59	8	6
RNA15_F	27	0	151125
SSUA	125	3	7
RNA11_1	59	9	8
RNA15_F	27	1	60
SSUA	125	4	2
RNA15_F	27	2	27
SSUA	125	5	3
RNA15_F	27	3	45
SSUA	125	6	2
RNA42	51	4	1
SSUA	125	7	4
SSUA	125	8	6
RNA33_F	139	9	1
RNA42	51	8	1
RNA6	71	21	1
RNA14	118	20	1
RNA18	59	30	1
RNA5_1	73	20	1
RNA34_F	72	0	153
RNA34_F	72	1	24
RNA5_1	73	22	1
RNA34_F	72	2	22
RNA34_F	72	3	18
SSUD	116	0	16
RNA33_F	119	15	2
RNA34_F	72	4	36
RNA14	72	15	8
RNA14	85	0	3
RNA11_1	40	0	75
SSUD	116	1	1
SSUD	116	2	1
RNA34_F	72	5	19
RNA36	54	10	1
RNA14	72	16	2
RNA11_1	40	1	27
RNA33_F	119	17	2
SSUD	116	3	3
RNA34_F	72	6	20
RNA14	85	2	1
RNA11_1	40	2	3
SSUD	116	4	2
RNA34_F	72	7	72
RNA11_1	40	3	5
SSUD	116	5	5
RNA5_F	82	0	620
RNA34_F	72	8	2484
RNA14	85	4	1
RNA11_1	40	4	1
RNA5_F	82	1	14
RNA34_F	72	9	1435
RNA11_1	40	5	8
SSUD	116	7	2
RNA5_F	82	2	2
RNA14	85	6	5
RNA11_1	40	6	44
RNA5_F	82	3	3
RNA14	85	7	1
RNA11_1	40	7	60
RNA5_F	82	4	2
RNA11_1	40	8	16
RNA5_F	82	5	1
RNA14	85	9	29
RNA5_F	82	7	2
RNA5_F	82	8	3
RNA5_F	82	9	11
RNA1	92	10	1
RNA11_F	83	20	18
SSUE_2	50	21	3
RNA1	92	12	1
RNA15_1	53	30	1
RNA11_F	83	21	55
RNA1	92	13	2
RNA11_F	83	22	41
RNA11_F	83	23	11
SSUA	140	18	1
RNA11_F	83	24	15
RNA11_F	83	25	1523
RNA11_F	83	26	22
RNA11_F	83	28	19
RNA11_F	83	29	1
RNA8	104	10	14
RNA10_2	32	0	1
RNA33_F	66	0	23
RNA8	104	11	1
RNA2	52	10	5
RNA29	81	11	2
RNA8	104	12	122
RNA8	104	13	5
RNA29	81	13	2
RNA8	104	14	4
RNA10_1	34	0	22
RNA5_F	140	10	7
RNA10_2	32	5	6
RNA10_1	34	1	55
RNA5_F	140	11	427
SSUB	139	10	1
RNA8	104	16	9
RNA10_2	32	6	2
RNA43	65	0	5
RNA5_F	140	12	12
RNA8	104	17	1
RNA29	81	17	1
RNA10_1	34	3	1
RNA5_F	140	13	2
SSUB	139	12	7
RNA10_1	34	4	2
RNA5_F	140	14	7
SSUB	139	13	109
RNA5_F	140	15	1
SSUB	139	14	2
SSUB	139	15	8
RNA43	65	6	1
RNA15_1	92	0	1
SSUB	139	18	19
RNA11_1	64	20	7
SSUA	128	0	258
RNA11_1	64	21	2
SSUA	128	1	67
RNA11_1	64	22	6
SSUA	128	2	30
LSUB	42	20	1
RNA42	54	0	2
RNA11_1	64	23	1
SSUA	128	3	55
LSUB	42	21	3
RNA42	67	27	1
RNA11_1	64	24	4
SSUA	128	4	48
RNA15_1	92	6	1
SSUA	128	5	38
SSUA	128	6	26
RNA11_1	64	27	1
SSUA	128	7	31
SSUA	128	8	14
RNA23t_F	131	0	3
SSUA	128	9	25
RNA7	87	10	82
RNA7	87	11	6
RNA7	87	12	20
RNA7	87	13	4
RNA7	87	14	12
RNA7	87	15	5
RNA31_F	130	13	3
RNA34_F	75	0	923
RNA7	87	16	3
RNA34_F	75	1	181
RNA33_1	34	10	543
RNA34_F	75	2	76
RNA33_1	34	11	423
SSUD	119	0	10
RNA34_F	75	3	85
RNA33_1	34	12	102
RNA34_F	75	4	114
RNA33_1	34	13	57
RNA14	88	0	6
RNA11_1	43	0	39
RNA34_F	75	5	96
RNA33_1	34	14	35
RNA14	88	1	2
RNA11_1	43	1	19
SSUD	119	3	4
RNA34_F	75	6	73
RNA11_1	43	2	4
SSUD	119	4	1
RNA34_F	75	7	113
RNA14	88	3	2
RNA11_1	43	3	92
RNA5_F	85	0	262
RNA34_F	75	8	67
RNA14	88	4	2
RNA11_1	43	4	14
RNA34_F	75	9	66
RNA14	88	5	5
RNA11_1	43	5	1
RNA5_F	85	2	1146
RNA14	88	6	4
RNA11_1	43	6	17
RNA5_F	85	3	26
RNA14	88	7	1
RNA11_1	43	7	10
SSUF_1	86	6	1
RNA5_F	85	4	30
RNA14	88	8	1
RNA11_1	43	8	20
RNA5_F	85	5	6
RNA14	88	9	9
RNA11_1	43	9	187
RNA5_F	85	6	4
RNA13	77	0	3
RNA14	72	23	1
RNA10_1	44	10	1
RNA5_F	85	8	5
RNA29	37	0	21
RNA10_1	44	11	569
RNA5_F	85	9	8
RNA29	37	1	197
RNA10_1	44	14	2
RNA16	49	11	2
RNA15_1	52	11	1
RNA16	49	12	1
RNA16	49	13	1
RNA13	77	9	1
RNA16	49	14	3
RNA15_1	52	14	2
RNA32_F	41	0	1
RNA16	49	15	7
RNA16	49	16	14
RNA15_1	52	16	1
RNA16	49	17	3
RNA15_1	52	17	1
RNA29	118	0	2
RNA16	49	19	4
SSUD	100	0	60
RNA11_F	122	0	5
SSUD	100	1	15
SSUD	100	2	79
RNA11_F	122	2	1
RNA32_F	41	8	3
SSUD	100	3	82
SSUA	140	27	4
SSUD	100	4	76
RNA10_1	37	0	6
SSUD	100	5	114
RNA10_1	37	1	10
SSUD	100	6	11
RNA43	68	0	1
RNA10_2	35	7	1
SSUD	100	7	4
RNA11_F	122	7	1
RNA10_1	37	3	12
SSUD	100	8	3
RNA10_2	35	8	2
RNA43	68	2	1
RNA10_1	37	4	346
SSUD	100	9	2
RNA10_1	37	5	2
RNA10_1	37	6	42
RNA10_1	37	7	7
RNA15_1	95	0	1
RNA5_F	140	20	1
RNA42	57	1	1
SSUE_1	58	21	1
RNA15_1	95	5	1
SSUB	139	20	2
RNA5_F	91	10	127
RNA5_F	91	11	106
RNA5_F	91	12	31
RNA19	50	10	2
RNA5_F	91	13	18
RNA23t_F	134	0	1
RNA19	50	11	1
RNA11_F	139	81	1
RNA5_F	91	14	12
RNA19	50	12	6
SSUE_1	58	27	1
RNA5_F	91	15	11
RNA19	50	13	1
RNA5_F	91	16	3
SSUA	108	10	2
RNA19	50	15	27
SSUA	108	11	1
RNA5_F	91	18	1
RNA14	150	52	1
RNA19	50	16	61
RNA19	50	17	2
RNA19	50	19	1
RNA41	46	3	1
RNA34_F	78	0	1981
SSUA	108	17	1
RNA34_F	78	1	379
RNA34_F	78	2	177
RNA2	116	0	1
RNA34_F	78	3	193
RNA11_1	46	0	64
RNA2	116	1	1
RNA34_F	78	4	187
RNA11_1	46	1	24
RNA17	92	0	3
RNA34_F	78	5	141
RNA11_1	46	2	24
RNA34_F	78	6	151
RNA11_1	46	3	10
RNA17	92	2	1
RNA6	70	10	7
RNA34_F	78	7	138
RNA11_1	46	4	17
RNA5_F	88	0	691
RNA6	70	11	11
RNA34_F	78	8	170
RNA11_1	46	5	20
SSUA	112	0	162
RNA5_F	88	1	44
RNA6	70	12	7
RNA34_F	78	9	148
RNA11_1	46	6	118
SSUA	112	1	5
RNA5_F	88	2	1
RNA17	92	5	2
RNA6	70	13	5
RNA1	122	10	2
RNA29	49	10	10
RNA11_1	46	7	22
RNA5_F	88	3	17
RNA6	70	14	1628
RNA29	49	11	32
RNA11_1	46	8	16
SSUF_1	89	6	2
SSUA	112	3	3
RNA5_F	88	4	30
RNA6	70	15	61
RNA29	49	12	18
RNA11_1	46	9	52
RNA14	117	12	2
SSUA	112	4	1
RNA5_F	88	5	5900
RNA6	70	16	20
RNA29	49	13	48
RNA5_F	88	6	29
RNA18	58	23	1
RNA6	70	17	6
RNA1	122	14	3
RNA5_1	72	12	1
SSUF_1	89	9	1
RNA5_F	88	7	32
RNA6	70	18	1
RNA1	122	15	1
RNA5_F	88	8	13
RNA6	70	19	1
RNA5_F	88	9	2
RNA1	122	17	2
RNA18	58	27	1
RNA34_F	72	10	106
RNA5_F	108	14	2
RNA34_F	72	11	58
RNA5_1	72	17	4
RNA14	117	19	3
RNA5_F	108	15	3
RNA34_F	72	12	74
RNA34_F	72	13	96
RNA5_F	108	17	2
SSUF_2	81	0	20
RNA34_F	72	14	51
SSUF_2	81	1	6
RNA5_F	108	19	1
SSUF_2	81	2	3
RNA32_F	44	0	1
SSUF_2	81	3	4
SSUF_2	81	4	1
SSUF_2	81	5	5
SSUF_2	81	6	2
RNA32_F	44	4	1
SSUF_2	37	10	9
RNA11_F	125	0	1
SSUD	103	0	138
SSUF_2	81	9	1
RNA14	72	0	63
SSUD	103	1	14
RNA14	72	37	6
RNA14	72	1	11
RNA11_F	82	10	120
SSUD	103	2	35
RNA32_F	44	8	1
RNA16	49	20	1
RNA14	72	2	3
RNA11_F	82	11	84
SSUD	103	3	26
RNA32_F	44	9	1
RNA14	72	3	2
RNA11_F	82	12	64
RNA33_F	120	5	1
SSUD	103	4	50
RNA11_F	82	13	45
SSUD	103	5	89
RNA16	49	23	2
RNA14	72	5	5
RNA11_F	82	14	59
SSUD	103	6	13
RNA16	49	24	32
RNA15_F	39	10	56
RNA14	72	6	4
RNA11_F	82	15	256
SSUD	103	8	5
RNA11_F	125	8	1
RNA16	49	25	1
RNA15_F	39	11	134
RNA15_1	52	25	7
RNA14	72	7	1
RNA11_F	82	16	48
SSUD	103	9	3
RNA11_F	125	9	1
RNA15_F	39	12	52
RNA14	72	8	1
RNA11_F	82	17	25
RNA15_F	39	13	13
RNA11_F	82	18	62
RNA15_F	39	14	9
RNA11_F	82	19	28
RNA13	61	0	1
RNA13	79	17	3
RNA15_F	39	15	8
RNA13	61	1	3
RNA15_1	98	0	1
RNA13	61	2	2
RNA13	61	5	2
RNA13	61	6	3
RNA13	61	7	4
RNA23t_F	137	0	1
RNA9	96	10	1
RNA29	102	0	1
RNA9	96	12	1
RNA11_1	63	10	2
RNA41	49	0	2
RNA11_1	63	11	2
RNA11_1	63	12	1
RNA11_1	63	13	2
RNA23t_2	54	10	283
RNA29	102	6	1
RNA11_1	63	14	2
RNA29	81	36	1
RNA23t_2	54	11	5
RNA9	96	18	1
RNA11_1	63	15	1
RNA23t_2	54	12	12
RNA43	52	0	1
RNA16	105	0	1
RNA11_1	63	16	2
RNA11_1	63	17	10
RNA2	119	0	5
RNA23t_2	54	14	3
RNA11_1	49	0	122
RNA11_1	63	18	17
RNA23t_2	54	15	1
RNA19	50	22	1
RNA11_1	49	1	19
RNA11_1	63	19	33
RNA17	95	0	3
RNA42	67	41	1
RNA11_1	49	2	2
RNA28	88	13	2
RNA11_1	49	3	8
RNA34_F	145	18	2
RNA28	88	14	1
RNA11_1	49	4	15
RNA17	95	3	2
RNA11_1	49	5	24
SSUA	115	0	5
RNA17	95	4	1
RNA11_1	49	6	15
RNA17	95	5	2
RNA11_1	49	7	19
SSUA	115	2	27
RNA42	41	0	22
SSUD	145	73	1
RNA11_1	49	8	126
SSUA	115	3	6
RNA16	80	18	1
RNA42	41	1	3
RNA11_1	49	9	748
RNA42	41	2	2
RNA42	41	3	3
RNA42	41	4	4
RNA42	41	5	3
RNA42	41	6	2
SSUA	115	9	1
RNA42	41	7	1
RNA6	70	20	1
RNA42	41	9	3
SSUF_2	84	0	6
SSUF_2	84	2	2
RNA32_F	47	0	4
SSUF_2	84	3	3
RNA1	122	22	2
RNA41	30	3	1
RNA5_1	72	21	1
RNA34_F	62	0	797
SSUF_2	84	5	2
RNA5_F	108	20	1
RNA34_F	62	1	9
RNA34_F	62	2	1
SSUD	106	0	54
RNA34_F	62	3	14
RNA14	71	14	7
SSUF_2	84	8	3
SSUD	106	1	10
RNA32_F	47	6	1
RNA34_F	62	4	29
RNA14	71	15	1
SSUF_2	84	9	2
RNA14	75	0	20
SSUD	106	2	12
RNA5_F	108	24	1
RNA14	75	1	6
SSUD	106	3	20
RNA5_F	108	25	29
RNA14	75	2	1
SSUD	106	4	13
RNA14	75	3	3
SSUD	106	5	33
RNA11_F	128	5	1
RNA5_F	72	0	77
RNA14	75	4	3
SSUD	106	6	7
SSUF_1	73	3	1
RNA5_F	72	1	1
RNA14	75	5	1
SSUD	106	7	1
SSUF_1	73	4	1
RNA5_F	72	2	1
RNA14	75	6	1
SSUD	106	9	2
RNA14	75	9	1
SSUF_1	73	9	1
RNA13	64	0	7
RNA13	64	1	1
RNA13	64	2	1
RNA1	91	10	2
RNA13	64	3	1
RNA11_F	82	20	104
RNA11_F	82	21	74
RNA11_F	82	22	18
RNA11_F	82	23	34
RNA11_F	82	24	2602
RNA11_F	82	25	50
RNA13	64	9	1
RNA11_F	82	26	5
RNA11_F	82	27	16
RNA11_F	82	28	14
RNA29	80	10	7
RNA29	80	11	1
RNA29	80	13	1
RNA29	80	15	1
SSUB	138	11	1
RNA29	80	16	2
SSUB	138	12	159
SSUB	138	13	1
SSUB	138	14	9
RNA17	98	0	3
RNA9	96	21	16
SSUB	138	17	25
SSUB	138	19	2
RNA11_1	63	20	6
SSUA	118	0	18
RNA43	55	8	1
RNA11_1	63	21	5
SSUA	118	1	3
RNA11_1	63	22	2
RNA42	44	0	7
RNA11_1	63	23	25
RNA11_1	63	24	2
RNA15_1	82	5	1
RNA42	44	2	1
RNA11_1	63	25	1
SSUA	118	5	149
SSUA	118	6	1
RNA42	44	5	1
RNA11_1	63	28	1
RNA42	44	6	2
SSUA	118	9	2
RNA42	44	7	1
RNA23t_F	121	2	1
RNA42	44	8	2
RNA7	86	10	10
RNA7	86	11	16
SSUF_2	87	0	9
RNA7	86	12	11
RNA39	79	16	1
SSUF_2	87	1	3
RNA7	86	13	8
SSUF_2	87	2	2
RNA7	86	14	7
SSUF_2	87	3	2
RNA7	86	15	2
SSUF_2	87	4	1
RNA34_F	65	0	219
RNA33_1	33	10	303
RNA34_F	65	1	944
RNA7	86	17	3
SSUF_2	87	6	1
RNA33_1	33	11	114
RNA34_F	65	2	151
RNA7	86	18	1
SSUF_2	87	7	1
RNA33_1	33	12	67
SSUD	109	0	58
RNA34_F	65	3	12
RNA33_1	33	13	55
RNA14	78	0	8
RNA11_1	33	0	28
SSUD	109	1	6
RNA34_F	65	4	54
SSUF_2	87	9	1
RNA11_1	33	1	12
SSUD	109	2	2
RNA34_F	65	5	5
SSUD	109	3	10
RNA14	78	2	2
RNA11_1	33	2	2
SSUF_1	76	0	1
RNA34_F	65	6	2
SSUD	109	4	4
SSUF_1	76	1	1
RNA34_F	65	7	4
SSUD	109	5	10
RNA5_F	75	0	64
SSUD	109	6	2
RNA5_F	75	1	2
RNA14	78	6	2
RNA14	78	7	2
RNA14	71	21	1
RNA10_1	43	10	917
RNA13	67	0	4
RNA10_1	43	11	2
RNA5_F	75	8	1
RNA10_1	43	13	1
RNA13	67	5	2
SSUF_2	136	18	1
RNA15_1	51	10	3
RNA16	48	11	3
RNA15_1	51	11	1
RNA16	48	12	3
RNA15_1	51	12	1
RNA13	67	8	1
RNA16	48	13	1
RNA15_1	51	13	1
RNA16	48	14	6
RNA16	48	15	9
RNA15_1	51	15	2
RNA16	48	16	7
RNA15_1	51	16	3
RNA16	48	17	4
RNA29	108	0	1
RNA16	48	18	3
RNA15_1	51	18	1
RNA29	108	1	1
RNA16	48	19	1
RNA15_1	51	19	2
RNA11_F	112	0	10
RNA33_F	59	0	5
RNA11_F	112	5	1
RNA11_F	112	6	2
RNA11_F	112	7	1
RNA11_F	112	8	1
RNA14	39	10	29
RNA29	80	20	2
RNA43	58	9	1
RNA42	47	0	1
RNA42	47	4	1
RNA42	47	6	2
LSUB	41	10	29
RNA42	47	7	1
RNA15_1	103	0	1
LSUB	41	11	38
RNA42	47	8	1
LSUB	41	12	74
SSUA	107	10	1
LSUB	41	13	34
LSUB	41	14	23
LSUB	41	15	3324
LSUB	41	16	59
RNA39	117	0	2
LSUB	41	17	11
SSUA	107	15	4
LSUB	41	18	2
LSUB	41	19	2
RNA34_F	68	0	139
RNA34_F	68	1	34
RNA34_F	68	2	3
RNA33_F	129	1	1
RNA34_F	68	3	76
RNA11_1	36	0	38
RNA34_F	68	4	5698
RNA11_1	36	1	7
RNA34_F	68	5	587
SSUE_1	51	5	1
RNA11_1	36	2	15
RNA34_F	68	6	12
RNA11_1	36	3	20
RNA14	150	82	1
RNA34_F	68	7	7
RNA11_1	36	4	2
SSUF_1	79	2	1
RNA5_F	78	0	210
RNA34_F	68	8	8
SSUA	102	0	7
RNA5_F	78	1	4
RNA34_F	68	9	22
RNA1	121	10	1
SSUA	102	1	3
RNA29	48	10	42
RNA5_F	78	3	3
RNA29	48	11	44
RNA1	121	13	2
RNA29	48	12	50
SSUA	102	4	30
RNA5_F	78	5	1
RNA18	57	22	1
RNA5_F	78	6	2
RNA5_F	107	10	1
RNA1	121	16	3
RNA5_F	107	11	2
RNA5_F	107	12	2
RNA5_F	78	9	1
RNA17	98	58	1
SSUF_1	76	13	1
RNA5_F	107	13	1
RNA34_F	71	10	32
RNA14	116	18	5
RNA34_F	71	11	52
RNA5_F	107	15	2
RNA34_F	71	12	84
RNA5_F	107	16	3
RNA34_F	71	13	73
SSUF_2	71	0	400
RNA5_F	107	18	3
SSUF_2	71	1	67
RNA5_F	107	19	2
SSUF_2	71	2	32
RNA32_F	34	0	3
SSUF_2	71	3	35
SSUF_2	71	4	29
SSUF_2	71	5	39
RNA32_F	34	3	3
SSUF_2	71	6	57
RNA32_F	34	4	13
SSUF_2	71	7	38
RNA11_F	115	0	7
RNA32_F	34	5	16
SSUF_2	71	8	45
RNA32_F	34	6	3
RNA14	71	36	3
SSUF_2	71	9	46
RNA14	62	0	125
RNA14	62	1	48
RNA11_F	81	10	106
SSUF_1	60	0	25
RNA15_1	51	20	1
RNA14	62	2	97
RNA11_F	81	11	84
SSUF_1	60	1	5
RNA14	62	3	44
RNA11_F	81	12	75
SSUF_1	60	2	2
RNA16	48	22	3
RNA14	62	4	34
RNA11_F	81	13	89
SSUF_1	60	3	2
RNA16	48	23	54
RNA14	62	5	43
RNA11_F	81	14	396
RNA33_F	110	7	1
SSUF_1	60	4	2
RNA16	48	24	2
RNA15_F	38	10	141
RNA15_1	51	24	17
RNA14	62	6	12
RNA11_F	81	15	106
RNA15_F	38	11	115
RNA14	62	7	4
RNA11_F	81	16	31
SSUF_1	60	6	3
RNA15_F	38	12	17
RNA14	62	8	3
RNA11_F	81	17	72
RNA15_F	38	13	8
RNA14	62	9	4
RNA11_F	81	18	56
RNA15_F	38	14	5
RNA15_1	51	28	4
RNA11_F	81	19	177
SSUF_1	60	9	53
RNA13	51	0	718
RNA15_1	51	29	1
RNA13	51	1	252
RNA13	51	2	116
RNA13	51	3	132
RNA13	51	4	138
RNA13	51	5	197
RNA13	51	6	127
RNA13	51	7	110
RNA40	150	0	16
RNA7	129	15	2
RNA13	51	8	74
RNA8	103	10	7
RNA8	103	11	176
RNA13	51	9	59
RNA8	103	12	8
RNA23t_F	127	0	1
RNA40	150	3	13
RNA8	103	13	1
RNA8	103	15	3
RNA9	95	11	1
RNA9	95	14	1
RNA11_1	62	10	2
RNA42	65	14	1
RNA11_1	62	11	1
RNA9	95	16	2
RNA11_1	62	12	1
RNA9	95	17	3
RNA11_1	62	13	4
RNA23t_2	53	10	6
RNA11_1	62	14	5
RNA23t_2	53	11	3
SSUE_1	54	0	4
RNA11_1	62	15	3
RNA43	42	0	3
RNA11_1	62	16	10
RNA23t_2	53	13	2
RNA43	42	1	1
RNA34_F	144	14	1
RNA11_1	62	17	34
RNA43	42	2	1
RNA11_1	39	0	31
RNA11_1	62	18	35
RNA43	42	3	1
LSUB	41	20	1
RNA11_1	39	1	6
RNA11_1	62	19	15
RNA11_1	39	2	15
RNA34_F	144	17	4
RNA11_1	39	3	3
RNA34_F	144	18	1
RNA11_1	39	4	6
RNA43	141	1	1
RNA11_1	39	5	41
SSUA	105	0	18
RNA11_1	39	6	46
SSUD	144	72	2
RNA11_1	39	7	7
RNA42	31	0	1
RNA28	113	17	1
SSUA	105	5	3
RNA42	31	4	1
RNA42	31	5	3
RNA42	31	6	2
RNA42	31	8	6
RNA42	31	9	5
SSUF_2	74	0	129
SSUF_2	74	1	28
RNA14	150	96	1
SSUF_2	74	2	6
RNA1	121	21	2
RNA32_F	37	0	2
SSUF_2	74	3	15
RNA14	70	10	1
SSUF_2	74	4	8
SSUF_2	74	5	4
RNA5_F	107	20	1
SSUF_2	74	6	21
RNA33_F	113	0	2
RNA32_F	37	4	7
RNA14	70	13	11
SSUF_2	74	7	24
RNA11_F	118	0	4
RNA5_F	107	22	1
RNA32_F	37	5	14
SSUF_2	74	8	21
RNA14	65	0	81
RNA32_F	37	6	5
SSUF_2	74	9	11
RNA14	65	1	18
RNA5_F	107	24	62
RNA32_F	37	7	3
SSUE_1	150	0	2
RNA14	65	2	53
SSUF_1	63	0	6
RNA32_F	37	8	3
SSUE_1	150	1	9
RNA14	65	3	41
SSUF_1	63	1	1
RNA14	65	4	78
SSUF_1	63	2	1
RNA14	70	19	1
RNA14	65	5	39
SSUF_1	63	3	1
RNA14	65	6	12
RNA14	65	7	2
SSUF_1	63	5	2
RNA14	65	8	19
RNA14	65	9	8
SSUF_1	63	7	2
SSUF_1	63	8	2
SSUF_1	63	9	1
RNA13	54	0	157
RNA13	54	1	70
RNA13	54	2	14
RNA1	90	10	1
RNA13	54	3	22
RNA1	90	11	1
RNA11_F	81	20	147
RNA13	54	4	15
RNA11_F	81	21	21
RNA13	54	5	12
RNA11_F	81	22	39
RNA13	54	6	5
RNA11_F	81	23	3894
RNA13	54	7	12
RNA11_F	81	24	58
RNA13	54	8	7
RNA11_F	81	25	16
RNA13	54	9	14
RNA11_F	81	26	38
RNA10_2	25	2	2
RNA11_F	81	27	17
LSUB	97	10	1
RNA11_F	81	28	1
RNA15_1	109	0	1
RNA18	99	0	1
SSUB	137	10	2
SSUB	137	11	293
RNA13	101	0	2
RNA43	45	0	3
SSUB	137	13	17
RNA43	45	3	1
RNA9	95	20	20
SSUB	137	16	52
RNA5_F	90	10	38
SSUB	137	18	3
RNA5_F	90	11	55
RNA11_1	62	20	15
RNA5_F	90	12	20
SSUA	108	0	42
RNA11_1	62	21	3
RNA5_F	90	13	20
RNA11_1	62	22	23
RNA5_F	90	14	10
RNA42	34	0	5
RNA11_1	62	23	3
RNA5_F	90	15	2
RNA42	34	1	6
RNA42	34	2	2
RNA11_1	62	25	1
RNA5_F	90	17	1
RNA11_1	62	26	1
RNA42	34	7	8
RNA23t_F	111	2	21
RNA42	34	8	79
RNA23t_F	111	3	1
RNA42	34	9	9
SSUF_2	77	0	32
SSUF_2	77	1	14
RNA2	106	0	1
SSUF_2	77	2	7
SSUF_2	77	3	5
RNA17	82	0	2
SSUF_2	77	4	2
SSUF_2	77	5	7
SSUF_2	77	6	5
RNA16	120	15	1
SSUF_2	77	7	1
RNA33_F	116	0	1
SSUF_2	77	8	29
SSUF_2	77	9	18
RNA14	68	0	99
RNA14	68	1	33
RNA14	68	2	19
SSUF_1	66	0	1
RNA14	68	3	12
SSUF_1	66	1	1
RNA14	68	4	13
RNA16	71	0	3
RNA14	68	5	23
SSUF_1	66	3	1
RNA14	68	6	3
RNA14	68	7	6
RNA14	68	8	3
RNA5_1	71	16	6
RNA14	70	20	1
RNA14	68	9	1
RNA5_1	71	18	7
RNA10_1	42	10	2
RNA13	57	0	21
RNA16	71	7	1
RNA10_1	42	11	6
RNA13	57	1	10
RNA16	71	8	1
RNA10_1	42	12	3
RNA13	57	2	4
RNA13	57	3	3
RNA13	57	4	3
RNA14	70	27	1
RNA13	57	5	3
RNA16	47	10	1
RNA15_1	50	10	1
RNA13	57	6	6
RNA16	47	11	4
RNA15_1	50	11	1
RNA13	57	7	3
RNA16	47	12	6
RNA15_1	50	12	1
RNA13	57	8	1
RNA16	47	13	3
RNA15_1	50	13	2
RNA13	57	9	1
RNA16	47	14	5
RNA15_1	50	14	2
RNA16	47	15	2
RNA15_1	50	15	1
RNA16	47	16	2
RNA15_1	50	16	1
RNA16	47	17	3
RNA15_1	50	17	1
RNA16	47	18	10
RNA11_F	102	0	198
RNA11_F	102	1	5
RNA11_F	102	2	1
RNA11_F	102	3	2
RNA9	133	14	1
RNA11_F	102	4	6
LSUB	92	8	1
RNA13	78	16	2
RNA11_F	102	5	22
RNA43	48	0	2
RNA11_F	102	6	15
RNA43	48	1	1
RNA11_F	102	7	3
RNA43	48	3	1
RNA23t_F	79	10	7
RNA42	37	0	39
RNA42	37	1	13
RNA42	37	2	3
RNA42	37	3	5
RNA23t_F	79	16	1
RNA42	37	4	1
RNA42	37	6	4
LSUB	40	10	43
RNA23t_F	79	19	5
RNA42	37	7	2
LSUB	40	11	73
LSUB	40	12	43
RNA42	37	9	6
LSUB	40	13	43
LSUB	40	14	5237
LSUB	40	15	84
RNA2	109	0	1
SSUA	106	12	1
RNA5_F	90	23	1
LSUB	40	16	24
RNA2	109	1	1
LSUB	40	17	10
RNA17	85	0	4
SSUE_2	52	9	1
RNA28	87	12	3
LSUB	40	18	2
SSUA	106	15	2
LSUB	40	19	2
RNA34_F	58	0	103
SSUE_1	41	0	26
RNA34_F	58	1	23
SSUE_1	41	1	1
RNA34_F	58	2	1
SSUE_1	41	2	2
SSUE_1	41	3	1
RNA17	85	6	1
SSUE_1	41	4	1
SSUE_1	41	5	1
SSUF_1	69	0	2
SSUE_1	41	7	1
RNA33_2	49	10	2
RNA5_F	68	0	24
SSUE_1	41	8	2
RNA33_2	49	11	1
RNA16	74	0	1
RNA5_F	68	1	217
SSUE_1	41	9	10
RNA29	47	10	26
RNA14	115	10	1
SSUF_1	69	5	1
RNA33_2	49	14	1
RNA29	47	11	59
RNA1	120	13	1
RNA1	120	15	4
RNA5_F	106	10	2
RNA5_F	106	11	5
RNA18	56	25	3
RNA30	131	0	1
RNA5_F	106	12	5
RNA14	115	17	1
RNA5_F	106	13	7
RNA5_F	106	14	1
RNA5_F	106	15	6
RNA5_F	106	16	4
RNA5_F	106	17	1
SSUF_2	61	0	18020
SSUF_2	61	1	1286
RNA5_F	106	19	2
SSUF_2	61	2	1162
SSUF_2	61	3	629
LSUB	95	0	11
SSUF_2	61	4	663
LSUB	95	1	2
SSUF_2	61	5	816
SSUF_2	61	6	238047
SSUF_2	61	7	4871
RNA11_F	105	0	75
RNA14	70	35	6
SSUF_2	61	8	1556
RNA14	52	0	7217
RNA11_F	105	1	1
SSUF_2	61	9	4042
RNA14	52	1	1214
RNA11_F	80	10	109
RNA14	52	2	565
RNA11_F	80	11	94
SSUF_1	50	0	146
RNA11_F	105	3	2
RNA16	47	20	3
RNA14	52	3	628
RNA11_F	80	12	99
SSUF_1	50	1	71
RNA11_F	105	4	3
RNA16	47	21	1
RNA15_1	50	21	1
RNA14	52	4	581
RNA11_F	80	13	525
SSUF_1	50	2	9
RNA11_F	105	5	10
LSUB	95	9	1
RNA16	47	22	132
RNA14	52	5	545
RNA11_F	80	14	145
RNA33_F	100	7	2
SSUF_1	50	3	18
RNA11_F	105	6	3
RNA30	92	0	10
RNA15_1	50	23	39
RNA14	52	6	536
RNA11_F	80	15	56
SSUF_1	50	4	34
RNA11_F	105	7	1
RNA15_F	37	10	422
RNA15_1	50	24	1
RNA14	52	7	412
RNA11_F	80	16	127
SSUF_1	50	5	37
RNA15_F	37	11	17
RNA14	52	8	444
RNA11_F	80	17	72
SSUF_1	50	6	84
RNA11_F	105	9	1
RNA15_F	37	12	9
RNA15_1	50	26	1
RNA14	52	9	500
RNA11_F	80	18	268
SSUF_1	50	7	355
RNA15_F	37	13	15
RNA15_1	50	27	2
RNA11_F	80	19	176
SSUF_1	50	8	216
RNA30	92	5	1
SSUF_1	50	9	37
RNA15_1	50	29	1
RNA8	102	10	221
RNA8	102	11	16
SSUE_2	55	0	1
RNA23t_F	117	0	1
RNA8	102	13	1
RNA8	102	14	21
RNA23t_F	117	2	1
RNA8	102	16	1
RNA9	94	12	2
RNA42	64	13	3
RNA9	94	14	1
RNA11_1	61	10	4
RNA42	64	14	1
RNA11_1	61	11	4
RNA42	64	15	1
RNA17	88	0	3
RNA9	94	16	3
RNA11_1	61	12	7
RNA11_1	61	13	2
RNA23t_2	52	10	7
RNA34_F	143	11	1
RNA11_1	61	14	3
SSUE_1	44	0	28
RNA9	94	19	35
RNA11_1	61	15	8
RNA43	32	0	1
SSUE_1	44	1	6
RNA11_1	61	16	25
RNA23t_2	52	13	2
RNA43	32	1	2
SSUE_1	44	2	2
RNA11_1	61	17	45
SSUE_1	44	3	3
RNA17	88	6	2
RNA11_1	61	18	42
SSUE_1	44	4	3
RNA34_F	143	16	4
RNA11_1	61	19	29
SSUE_1	44	5	1
RNA34_F	143	17	1
SSUE_1	44	7	4
RNA43	131	0	1
SSUE_1	44	8	1
RNA16	77	0	2
SSUE_1	44	9	2
RNA17	96	30	1
RNA43	32	9	11
RNA16	77	4	1
RNA7	85	10	17
RNA7	85	11	12
RNA7	85	12	9
RNA7	85	13	8
RNA7	85	14	4
RNA7	85	16	1
RNA7	85	17	1
RNA33_1	32	10	85
RNA7	85	18	2
SSUF_2	64	0	19180
RNA33_1	32	11	58
SSUF_2	64	1	2917
RNA1	120	20	2
RNA33_1	32	12	40
SSUF_2	64	2	910
SSUF_2	64	3	878
SSUF_2	64	4	865
SSUF_2	64	5	1389
RNA1	120	24	1
SSUF_2	64	6	658
SSUF_2	64	7	710
LSUB	98	3	2
RNA5_F	106	21	2
SSUF_2	64	8	1064
RNA11_F	108	0	38
RNA11_F	108	1	1
SSUF_2	64	9	231618
RNA14	55	0	6866
RNA5_F	106	23	140
RNA14	55	1	980
SSUF_1	75	24	1
RNA11_F	108	2	1
RNA5_F	106	24	1
RNA14	55	2	528
SSUF_1	53	0	92
RNA5_F	106	25	1
RNA14	55	3	684
SSUF_1	53	1	12
RNA14	55	4	858
SSUF_1	53	2	6
RNA11_F	108	5	2
RNA14	55	5	1093
SSUF_1	53	3	5
RNA11_F	108	6	4
RNA30	95	0	2
RNA14	55	6	1459
SSUF_1	53	4	63
RNA14	55	7	687
SSUF_1	53	5	90
RNA11_F	108	8	1
RNA30	95	2	2
RNA14	55	8	595
SSUF_1	53	6	108
RNA14	55	9	525
SSUF_1	53	7	191
SSUF_1	53	8	117
RNA30	95	5	2
SSUF_1	53	9	93
RNA11_F	80	20	41
RNA30	95	9	2
RNA11_F	80	21	81
RNA15_1	50	30	1
RNA11_F	80	22	5954
RNA11_F	80	23	104
RNA11_F	80	24	14
RNA11_F	80	25	71
RNA11_F	80	26	21
RNA31_F	69	10	3
LSUB	96	11	1
RNA31_F	69	11	5
RNA31_F	69	13	4
SSUB	136	10	388
SSUE_1	47	0	14
RNA43	35	0	10
SSUB	136	11	1
SSUE_1	47	1	2
RNA43	35	1	3
SSUB	136	12	29
RNA15_1	75	1	1
SSUE_1	47	2	1
SSUD	142	30	1
SSUE_1	55	16	1
SSUB	136	15	73
RNA15_1	75	4	1
SSUE_1	47	5	1
SSUB	136	16	1
RNA9	94	22	1
SSUB	136	17	2
RNA43	134	0	1
SSUB	136	18	1
RNA11_1	61	20	11
RNA11_1	61	21	50
RNA42	111	10	1
RNA11_1	61	22	3
RNA11_1	61	23	1
RNA11_1	61	24	2
SSUF_2	67	0	4198
SSUF_2	67	1	577
SSUF_2	67	2	244
SSUF_2	67	3	219
RNA17	72	0	1
RNA18	55	11	2
SSUF_2	67	4	197
SSUF_2	67	5	199
SSUD	109	10	1
SSUF_2	67	6	384
RNA17	72	3	1
SSUF_2	67	7	303
RNA33_F	106	0	1
RNA17	72	4	2
RNA18	55	15	1
SSUF_2	67	8	214
SSUD	109	13	1
SSUF_2	67	9	155
RNA14	58	0	1024
RNA17	72	6	1
SSUD	109	14	1
RNA14	58	1	114
SSUD	109	15	1
RNA14	58	2	79
SSUF_1	56	0	387
RNA14	58	3	65
SSUF_1	56	1	26
RNA14	58	4	74
SSUF_1	56	2	13
SSUD	109	18	1
RNA30	98	0	1
RNA16	61	0	1
RNA34_1	100	0	2
RNA14	58	5	81
SSUF_1	56	3	30
SSUD	109	19	1
RNA16	61	1	6
RNA14	58	6	91
SSUF_1	56	4	22
RNA34_F	70	10	22
RNA14	58	7	77
RNA5_1	70	15	3
SSUF_1	56	5	47
RNA34_F	70	11	52
RNA14	58	8	69
SSUF_1	56	6	25
RNA34_F	70	12	72
RNA16	61	4	1
RNA34_1	100	4	1
RNA14	58	9	37
RNA5_1	70	17	8
SSUF_1	56	7	6195
RNA34_1	100	5	1
SSUF_1	56	8	285
RNA30	98	6	1
RNA10_1	41	10	7
SSUF_1	56	9	134
RNA16	61	7	2
RNA10_1	41	11	4
RNA16	61	8	1
RNA16	46	10	8
RNA16	46	11	4
RNA16	46	12	5
RNA16	46	13	9
RNA16	46	14	7
RNA16	46	15	3
LSUB	82	0	2
RNA16	46	16	6
RNA16	46	17	5
RNA16	46	18	1
RNA16	46	19	8
RNA13	77	15	4
RNA13	41	0	98
RNA43	38	0	6
RNA13	41	1	33
RNA43	38	1	2
RNA13	41	2	15
RNA43	38	2	2
RNA13	41	3	9
RNA35	59	14	1
RNA13	41	4	1
RNA13	41	5	6
RNA13	41	6	11
SSUF_2	136	75	1
RNA13	41	7	961
RNA13	41	8	39
RNA13	41	9	16
RNA19	84	0	1
SSUE_2	42	0	14
SSUE_2	42	2	2
SSUE_2	42	3	4
RNA10_F	108	11	1
SSUE_2	42	4	8
SSUE_2	42	5	3
SSUE_2	42	6	1
SSUE_2	42	7	4
SSUE_2	42	8	11
RNA17	75	0	2
SSUA	105	14	4
SSUE_2	42	9	7
RNA28	86	13	1
SSUE_1	31	0	8
RNA17	75	3	1
SSUE_1	31	1	6
RNA17	150	17	1
SSUE_1	31	2	1
SSUE_1	31	3	1
SSUF_1	59	0	70
SSUF_1	59	1	1
RNA23t_1	59	10	1
SSUF_1	59	2	2
RNA33_2	48	11	2
RNA16	64	0	1
RNA34_1	103	0	1
RNA23t_1	59	11	1
SSUF_1	59	3	1
RNA23t_1	59	12	1
RNA33_2	48	13	3
RNA29	46	10	67
SSUF_1	59	5	4
RNA18	55	21	2
RNA7	142	0	2
RNA23t_1	59	14	2
SSUF_1	59	6	6
SSUF_1	59	7	1
SSUD	109	20	1
RNA18	55	23	2
RNA23t_1	59	16	1
SSUF_1	59	8	94
RNA18	55	24	5
RNA33_2	112	16	1
RNA23t_1	59	17	1
SSUF_1	59	9	6
RNA5_F	105	10	5
RNA16	64	7	1
RNA5_F	105	11	4
RNA30	121	0	1
RNA14	114	16	5
RNA5_F	105	12	11
RNA5_F	105	13	1
RNA5_F	105	14	8
RNA5_F	105	15	2
SSUF_1	74	16	1
RNA5_F	105	16	2
SSUF_2	51	0	2032
RNA5_F	105	17	1
SSUF_2	51	1	57
RNA5_F	105	18	2
SSUF_2	51	2	25
RNA5_F	105	19	1
SSUF_2	51	3	7
SSUF_2	51	4	5
LSUB	85	0	1
SSUF_2	51	5	20
SSUF_2	51	6	2
SSUF_2	51	7	54
SSUF_2	51	8	45
SSUF_2	51	9	7
LSUC	150	0	1
RNA36	51	18	1
SSUF_1	40	0	630
RNA16	46	20	8
SSUF_1	40	1	89
RNA16	46	21	344
SSUF_1	40	2	75
RNA13	44	0	132
RNA16	46	22	3
SSUF_1	40	3	90
RNA13	44	1	34
RNA16	46	23	1
RNA30	82	0	1
RNA15_F	36	10	33
SSUF_1	40	4	47
RNA13	44	2	24
RNA2	118	15	1
RNA15_F	36	11	16
SSUF_1	40	5	99
RNA13	44	3	15
RNA16	46	25	1
RNA15_F	36	12	23
SSUF_1	40	6	137
RNA13	44	4	22
SSUF_1	40	7	404
RNA13	44	5	10
SSUF_1	40	8	506
RNA13	44	6	24
RNA30	82	5	1
SSUF_1	40	9	550
RNA13	44	7	2
RNA13	44	8	9
RNA13	44	9	22
RNA19	87	0	1
RNA7	127	12	1
RNA7	127	13	1
RNA35	59	20	1
RNA7	127	14	3
RNA8	101	10	22
RNA8	101	11	1
SSUE_2	45	0	15
RNA23t_F	107	0	1
SSUE_2	45	1	1
RNA8	101	13	30
RNA9	93	10	3
SSUE_2	45	3	2
RNA9	93	11	4
RNA15_1	150	123	4
SSUE_2	45	5	2
RNA9	93	13	3
SSUE_2	45	6	3
RNA9	93	14	2
RNA11_1	60	10	7
SSUE_2	45	7	8
RNA9	93	15	1
RNA11_1	60	11	12
SSUE_2	45	8	5
RNA17	78	0	5
RNA9	93	16	1
RNA11_1	60	12	5
SSUE_2	45	9	7
RNA17	78	1	1
RNA11_1	60	13	1
RNA23t_2	51	10	1
RNA9	93	18	50
RNA11_1	60	14	8
RNA23t_2	51	11	1
SSUE_1	34	0	3
RNA9	93	19	1
RNA11_1	60	15	25
RNA15_1	62	0	1
RNA23t_2	51	12	1
SSUE_1	34	1	1
RNA11_1	60	16	53
SSUE_1	34	2	1
RNA34_F	142	14	1
RNA11_1	60	17	35
SSUE_1	34	3	9
RNA34_F	142	15	5
RNA11_1	60	18	46
SSUE_1	34	4	3
RNA34_F	142	16	1
RNA11_1	60	19	11
RNA42	24	1	3
SSUE_1	34	5	23
SSUE_1	34	8	2
RNA17	150	21	1
RNA16	67	0	1
SSUE_1	34	9	1
RNA2	150	12	1
RNA7	145	0	2
RNA16	67	4	1
RNA7	84	10	14
RNA7	84	11	23
RNA7	84	12	6
RNA7	84	13	8
RNA7	84	15	5
RNA7	84	16	1
RNA33_1	31	10	41
SSUF_2	54	0	340
RNA33_1	31	11	31
SSUF_2	54	1	148
SSUF_2	54	2	1153
SSUF_2	54	3	18
SSUF_2	54	4	4
SSUF_2	54	5	5
LSUB	88	1	1
SSUF_2	54	6	2
RNA5_F	105	20	1
SSUF_2	54	7	11
SSUF_2	54	8	176
LSUB	88	4	1
RNA5_F	105	22	360
SSUF_2	54	9	15
RNA5_F	105	23	3
LSUB	88	6	1
RNA5_F	105	24	2
SSUF_1	43	0	503
SSUD	109	37	5
SSUF_1	43	1	85
SSUF_1	43	2	31
RNA13	47	0	197
RNA30	85	0	2
SSUF_1	43	3	35
RNA13	47	1	64
SSUF_1	43	4	27
RNA13	47	2	30
RNA23t_1	95	4	1
SSUF_1	43	5	357
RNA13	47	3	28
SSUF_1	43	6	530
RNA13	47	4	24
SSUF_1	43	7	300
RNA13	47	5	17
SSUF_1	43	8	405
RNA13	47	6	32
SSUF_1	43	9	148
RNA13	47	7	17
RNA30	85	7	1
RNA13	47	8	7
RNA13	47	9	18
RNA30	85	9	2
RNA14	116	81	1
SSUE_2	48	0	4
SSUE_2	48	1	1
RNA31_F	68	10	1
RNA31_F	68	11	1
SSUE_2	48	8	1
SSUE_2	48	9	9
SSUE_1	37	0	2
RNA15_1	65	0	1
RNA23t_F	78	10	1
SSUE_1	37	2	1
SSUE_1	37	3	2
RNA42	27	1	3
SSUE_1	37	5	6
SSUE_1	37	6	16
SSUE_1	37	7	24
RNA43	124	0	1
SSUE_1	37	8	72
RNA11_1	60	20	121
SSUE_1	37	9	2
RNA23t_F	78	18	14
RNA11_1	60	21	8
RNA7	148	0	2
RNA11_1	60	23	2
RNA11_1	60	26	1
RNA31_1	49	10	2
RNA11_1	60	28	1
RNA17	94	18	1
SSUF_2	57	0	583
SSUF_2	57	1	36
SSUF_2	57	2	3030
RNA17	62	0	71
SSUF_2	57	3	222
RNA17	62	1	18
SSUF_2	57	4	212
RNA17	62	2	10
RNA17	95	44	1
SSUF_2	57	5	163
RNA17	62	3	6
SSUF_2	57	6	35
RNA17	62	4	7
SSUF_2	57	7	15
RNA17	62	5	4
SSUF_2	57	8	16
RNA17	62	6	4
SSUF_2	57	9	19
RNA17	62	7	2
RNA17	62	8	5
SSUF_1	46	0	289
RNA17	62	9	10
SSUF_1	46	1	47
RNA23t_1	59	31	1
SSUF_1	46	2	29
RNA16	51	0	10
SSUF_1	46	3	47
RNA16	51	1	2
SSUF_1	46	4	37
RNA16	51	2	3
SSUF_1	46	5	43
RNA43	109	16	2
RNA16	51	3	1
SSUF_1	46	6	34
RNA16	51	4	2
SSUF_1	46	7	38
SSUF_1	46	8	1982
RNA30	88	6	1
RNA16	51	6	1
SSUF_1	46	9	428
RNA16	51	8	1
RNA16	51	9	3
RNA16	45	10	3
RNA16	45	11	4
RNA16	45	12	14
RNA16	45	13	14
RNA14	42	0	101
RNA16	45	14	4
RNA14	42	1	17
RNA16	45	15	12
RNA14	42	2	6
RNA16	45	16	8
RNA14	42	3	24
RNA16	45	17	1
RNA14	42	4	6
RNA16	45	18	11
RNA14	42	5	23
RNA16	45	19	17
RNA14	42	6	9
RNA14	42	7	1664
RNA14	42	8	50
RNA1	150	0	57
RNA13	76	14	1
RNA14	42	9	26
RNA1	150	1	12
RNA1	150	2	1342
RNA35	58	10	1
RNA13	31	0	1100
RNA1	150	4	1
RNA13	31	1	228
RNA1	150	5	1
RNA13	31	2	1
RNA13	31	3	1676
RNA35	58	14	1
RNA1	150	9	1
RNA43	28	5	1
RNA15_1	68	9	1
RNA18	76	2	2
RNA42	63	14	2
SSUE_2	32	0	272
RNA31_1	70	8	1
SSUE_2	32	1	365
SSUE_2	32	2	30
SSUE_2	32	3	44
SSUE_2	32	4	14
SSUE_2	32	5	10
RNA5_F	150	0	110
SSUE_2	32	6	19
RNA5_F	150	1	14
SSUA	104	12	1
SSUE_2	32	7	29
RNA5_F	150	2	32
SSUE_2	32	8	12
RNA5_F	150	3	5
RNA17	65	0	13
SSUE_2	32	9	13
RNA5_F	150	4	18
RNA17	65	1	6
RNA5_F	150	5	5
RNA17	65	2	6
RNA17	65	3	4
RNA5_F	150	7	4
RNA17	65	4	5
RNA5_F	150	8	1
RNA17	65	5	4
RNA17	65	6	3
RNA17	65	7	2
RNA17	65	8	4
SSUF_1	49	0	165
SSUF_1	49	1	47
SSUF_1	49	2	14
RNA16	54	0	4
SSUF_1	49	3	19
RNA16	54	1	1
SSUF_1	49	4	14
SSUF_1	49	5	30
RNA7	132	0	2
RNA16	54	3	1
SSUF_1	49	6	248
RNA17	95	54	1
RNA16	54	4	1
SSUF_1	49	7	175
RNA16	54	5	1
SSUF_1	49	8	75
RNA5_F	104	10	9
SSUF_1	49	9	17
RNA5_F	104	11	11
RNA14	113	15	13
RNA5_F	104	12	10
RNA5_F	104	13	18
RNA5_F	104	14	5
RNA5_F	104	15	5
SSUF_1	73	15	1
RNA5_F	104	16	6
RNA5_F	104	17	10
SSUF_2	41	0	338
RNA5_F	104	18	4
SSUF_2	41	1	1604
RNA5_F	104	19	9
SSUF_2	41	2	26
RNA14	45	0	677
SSUF_2	41	3	6
RNA14	45	1	98
SSUF_2	41	4	4
RNA14	45	2	59
SSUF_2	41	5	10
RNA14	45	3	67
RNA14	45	4	54
SSUF_2	41	7	188
RNA14	45	5	40
SSUF_2	41	8	360
RNA14	45	6	69
SSUF_2	41	9	73
RNA14	45	7	69
RNA14	45	8	74
RNA14	45	9	42
RNA16	45	20	816
RNA16	45	21	14
RNA13	34	0	3765
RNA16	45	22	2
RNA13	34	1	8
RNA15_F	35	10	22
RNA15_F	35	11	15
RNA13	34	3	73
RNA13	34	4	23
RNA13	34	5	37
RNA13	34	6	60
RNA7	126	13	1
RNA31_1	73	4	1
RNA8	100	11	1
SSUE_2	35	0	190
RNA8	100	12	19
RNA43	140	10	1
SSUE_2	35	1	286
SSUE_2	35	2	10
SSUE_2	35	3	12
SSUB	135	10	3
SSUE_2	35	4	20
RNA9	92	12	1
SSUB	135	11	25
SSUE_2	35	5	64
SSUB	135	12	1
SSUE_2	35	6	36
RNA9	92	14	8
SSUE_2	35	7	9
SSUB	135	14	67
SSUE_2	35	8	10
RNA17	68	0	5
SSUE_2	35	9	10
RNA9	92	17	61
SSUB	135	16	4
RNA34_F	141	10	1
RNA23t_2	50	11	3
RNA17	68	2	2
RNA15_1	52	0	3
RNA23t_2	50	12	1
RNA17	68	3	2
RNA34_F	141	12	1
RNA15_1	52	1	2
RNA17	68	4	2
RNA17	68	5	2
RNA34_F	141	14	7
RNA15_1	52	4	2
RNA43	111	0	13
RNA10_F	107	23	1
RNA16	57	0	2
RNA7	135	0	4
RNA39	76	13	1
RNA7	83	10	40
RNA7	83	11	16
RNA7	83	12	5
RNA7	83	13	1
RNA7	135	5	1
RNA7	83	14	7
RNA18	60	4	1
RNA7	83	15	2
RNA33_1	30	10	22
SSUD	108	11	1
SSUF_2	44	0	3145
SSUF_2	44	1	126
SSUF_2	44	2	6
RNA14	48	0	6981
SSUF_2	44	3	17
RNA14	48	1	1473
SSUF_2	44	4	11
RNA14	48	2	768
RNA18	54	19	1
SSUF_2	44	5	7
RNA14	48	3	632
RNA5_F	104	20	8
SSUF_2	44	6	5
RNA14	48	4	656
SSUD	108	18	1
RNA5_F	104	21	790
SSUF_2	44	7	15
RNA14	48	5	628
RNA5_F	104	22	9
SSUF_2	44	8	15
RNA14	48	6	633
SSUF_2	44	9	5
RNA14	48	7	561
RNA14	48	8	480
RNA14	48	9	611
RNA10_1	40	10	10
RNA13	37	0	12
RNA13	37	1	7
RNA13	37	3	266
RNA13	37	4	5
RNA13	37	5	8
RNA13	37	6	32
RNA13	37	7	13
RNA13	37	8	23
RNA13	37	9	39
LSUB	72	0	4
RNA31_1	76	4	1
RNA31_1	76	6	1
LSUB	72	4	1
SSUE_2	38	0	102
SSUE_2	38	1	154
RNA31_F	67	10	1
SSUE_2	38	2	9
SSUE_2	38	3	5
LSUB	72	9	1
SSUE_2	38	4	3
SSUE_2	38	5	5
SSUE_2	38	6	8
SSUE_2	38	7	9
SSUE_2	38	8	92
SSUE_2	38	9	39
SSUE_1	27	0	4
RNA15_1	55	0	2
SSUE_1	27	1	1
RNA23t_F	77	13	3
RNA23t_F	77	14	1
RNA15_1	55	5	1
RNA43	114	0	1
RNA23t_F	77	17	7
RNA7	138	0	1
RNA18	63	2	1
RNA31_1	48	11	1
RNA28	142	0	1
SSUF_2	47	0	906
SSUF_2	47	1	99
SSUF_2	47	2	8
RNA17	52	0	4771
SSUF_2	47	3	69
RNA17	52	1	1209
SSUF_2	47	4	26
RNA17	52	2	397
SSUF_2	47	5	3
RNA28	142	6	1
RNA17	52	3	481
SSUF_2	47	6	8
RNA17	52	4	412
SSUF_2	47	7	9
RNA17	52	5	301
RNA33_2	47	12	2
SSUF_2	47	8	10
RNA17	52	6	405
SSUF_2	47	9	1
RNA1	91	0	50
RNA17	52	7	267
RNA33_2	47	14	1
RNA23t_1	58	14	1
RNA1	91	1	64
RNA18	54	22	2
RNA17	52	8	15
RNA1	91	2	1
RNA18	54	23	3
RNA17	52	9	124
RNA1	91	3	3
RNA23t_1	58	17	1
RNA1	91	4	2
RNA18	54	25	2
RNA16	41	0	537
RNA1	91	5	1
RNA16	41	1	134
RNA1	91	6	2
SSUD	108	24	1
RNA43	108	15	1
RNA16	41	2	40
RNA30	111	1	1
RNA16	41	3	43
RNA1	91	8	9
RNA16	41	4	51
RNA30	111	3	1
RNA1	91	9	2
RNA43	108	18	1
RNA16	41	5	39
SSUD	108	28	1
RNA34_F	109	10	1
RNA16	41	6	29
RNA16	41	7	34
RNA16	41	8	36
RNA16	41	9	27
LSUB	75	0	1
RNA34_F	109	15	1
RNA14	32	0	260
RNA14	32	1	1849
SSUF_1	30	0	160
RNA14	32	3	18
SSUF_1	30	1	41
SSUF_1	30	2	1
RNA30	72	0	3
SSUF_1	30	3	8
SSUF_1	30	4	22
RNA13	75	13	2
SSUF_1	30	5	19
SSUF_1	30	6	35
RNA30	72	4	1
RNA15_1	58	1	2
RNA35	57	14	1
RNA15_1	58	5	1
RNA40	120	0	1
RNA42	62	11	1
RNA18	66	0	2
RNA42	62	14	1
SSUE_2	22	0	31
RNA31_1	60	8	1
RNA18	66	3	1
SSUE_2	22	1	153
SSUE_2	22	2	1
SSUE_2	22	3	11
SSUE_2	22	4	25
SSUA	103	10	2
SSUE_2	22	5	6
RNA28	145	0	1
RNA5_F	140	0	26
SSUE_2	22	6	1
SSUA	103	12	3
RNA5_F	140	1	5
RNA5_F	140	2	3
RNA17	146	105	1
RNA5_F	140	3	3
RNA17	55	0	2899
RNA5_F	140	4	2
RNA17	55	1	622
RNA5_F	140	5	1
RNA17	55	2	263
RNA28	84	14	1
RNA5_F	140	6	1
RNA17	55	3	312
RNA5_F	140	7	1
RNA17	55	4	257
RNA5_F	140	8	1
RNA17	55	5	233
RNA1	94	0	1040
RNA17	55	6	291
RNA1	94	1	132
RNA17	55	7	204
RNA1	94	2	13
RNA17	55	8	216
RNA1	94	3	1
RNA17	55	9	300
RNA1	94	4	20
RNA10_1	96	10	1
RNA1	94	5	12
RNA16	44	0	191
RNA10_1	96	11	2
RNA1	94	6	6
RNA16	44	1	38
RNA1	94	7	71
RNA16	44	2	17
RNA1	94	8	18
RNA17	94	53	3
RNA7	122	0	46
RNA16	44	3	15
RNA10_1	96	14	1
RNA7	122	1	1
RNA16	44	4	17
RNA7	122	2	1
RNA16	44	5	14
RNA23t_1	58	20	1
RNA7	122	3	1
RNA16	44	6	21
RNA7	122	4	3
RNA16	44	7	15
RNA7	122	5	2
RNA16	44	8	12
RNA7	122	6	3
RNA16	44	9	11
RNA7	122	7	1
LSUB	78	0	1
RNA7	122	8	1
RNA33_F	114	12	1
RNA14	35	0	4352
RNA14	35	1	109
SSUD	108	36	13
RNA14	35	2	1
SSUF_1	33	0	93
SSUF_1	33	1	54
RNA14	35	4	9
SSUF_1	33	2	22
RNA14	35	5	3
SSUF_1	33	3	440
RNA14	35	6	5
SSUF_1	33	4	60
RNA34_F	109	23	1
SSUF_1	33	5	23
SSUF_1	33	6	25
SSUF_1	33	7	150
SSUF_1	33	8	125
SSUF_1	33	9	71
RNA15_F	34	10	24
RNA40	123	0	1
LSUB	94	11	2
SSUE_2	25	0	34
SSUE_2	25	1	101
SSUE_2	25	2	2
RNA9	91	10	1
SSUE_2	25	3	1
LSUB	94	19	1
SSUB	134	10	13
SSUE_2	25	4	4
SSUB	134	11	1
SSUE_2	25	5	2
RNA5_F	143	0	8
RNA9	91	13	2
SSUB	134	12	2
SSUE_1	53	14	2
SSUE_2	25	6	18
RNA5_F	143	1	1
SSUB	134	13	76
SSUE_2	25	7	226
SSUE_1	53	16	4
SSUE_2	25	8	32
RNA17	58	0	565
RNA9	91	16	68
SSUB	134	15	11
SSUE_2	25	9	12
RNA17	58	1	71
SSUE_1	53	18	1
RNA34_F	140	11	1
RNA17	58	2	31
RNA34_F	140	12	1
RNA15_1	42	0	231
RNA23t_1	90	44	1
RNA17	58	3	47
RNA34_F	140	13	12
RNA15_1	42	1	39
RNA17	58	4	39
RNA34_F	140	14	5
RNA15_1	42	2	11
RNA5_F	143	8	2
RNA19	61	0	1
RNA17	58	5	50
RNA15_1	42	3	21
RNA1	97	0	256753
RNA5_F	143	9	1
RNA17	58	6	105
RNA34_F	140	16	1
RNA15_1	42	4	15
RNA1	97	1	50338
RNA17	58	7	31
RNA15_1	42	5	14
RNA1	97	2	1
RNA17	58	8	46
RNA15_1	42	6	20
RNA1	97	3	2972
LSUC	54	19	1
RNA17	58	9	62
RNA15_1	42	7	15
RNA1	97	4	15
RNA15_1	42	8	18
RNA1	97	5	2
RNA16	47	0	42
RNA15_1	42	9	16
RNA16	47	1	7
RNA1	97	7	7
RNA16	47	2	1
RNA1	97	8	5
RNA7	125	0	14
RNA16	47	3	7
RNA1	97	9	1
RNA7	125	1	2
RNA16	47	4	2
RNA7	82	10	19
RNA18	50	0	18
RNA16	47	5	2
RNA7	82	11	9
RNA18	50	1	1
RNA16	47	6	4
RNA7	82	12	2
RNA18	50	2	3
RNA16	47	7	2
RNA7	82	13	6
RNA7	125	5	1
RNA18	50	3	1
RNA16	47	8	2
RNA7	82	14	3
RNA16	47	9	5
RNA30	117	9	1
RNA7	82	15	1
RNA7	82	16	1
RNA18	50	6	1
SSUD	107	10	2
RNA18	50	7	1
SSUF_2	34	0	46218
RNA18	50	8	4
SSUF_2	34	1	14793
RNA18	50	9	1
SSUF_2	34	2	219
RNA14	38	0	81
SSUD	107	14	3
SSUF_2	34	3	1151
RNA14	38	1	4
RNA18	53	18	2
SSUF_2	34	4	8
SSUF_1	36	0	225
RNA18	53	19	1
SSUF_2	34	5	1462
RNA14	38	3	892
RNA23t_1	58	30	2
SSUF_1	36	1	30
SSUD	107	17	1
SSUF_2	34	6	891
RNA14	38	4	9
SSUF_2	89	16	1
SSUF_1	36	2	18
SSUD	107	18	1
RNA30	78	0	1
SSUF_2	34	7	14
RNA14	38	5	2
SSUF_2	89	17	2
SSUF_1	36	3	15
SSUD	107	19	2
RNA14	38	6	3
SSUF_1	36	4	63
RNA30	78	2	1
RNA14	38	7	20
SSUF_1	36	5	112
RNA14	38	8	5
SSUF_1	36	6	1709
RNA14	38	9	11
SSUF_1	36	7	269
RNA23t_1	75	0	1
SSUF_1	36	8	139
RNA17	150	83	1
SSUF_1	36	9	96
RNA16	44	10	11
RNA16	44	11	20
RNA16	44	12	21
RNA16	44	13	6
RNA40	126	1	1
RNA16	44	14	22
RNA31_1	66	0	2
RNA16	44	15	19
RNA16	44	16	3
LSUB	62	0	2
RNA16	44	17	30
LSUB	62	1	1
RNA16	44	18	19
RNA31_1	66	4	1
RNA16	44	19	1892
SSUE_2	28	0	84
LSUB	62	6	1
SSUE_2	28	1	84
RNA31_F	66	10	1
SSUE_2	28	2	7
SSUE_2	28	3	2
SSUE_2	28	4	10
SSUE_2	28	5	6
RNA5_F	146	0	1
SSUE_2	28	6	4
RNA5_F	146	1	1
SSUE_2	28	7	17
SSUE_2	28	8	12
SSUE_2	28	9	90
RNA5_F	146	5	1
RNA15_1	45	0	61
RNA5_F	146	6	1
RNA15_1	45	1	5
RNA15_1	45	2	7
RNA15_1	45	3	4
RNA5_F	146	9	1
RNA23t_F	76	13	1
RNA15_1	45	4	7
RNA15_1	45	5	6
SSUE_1	53	22	1
RNA15_1	45	6	8
RNA23t_F	76	16	12
RNA15_1	45	7	10
RNA15_1	45	8	8
RNA15_1	45	9	3
RNA9	91	25	1
RNA7	128	0	2
RNA18	53	0	22
RNA18	53	1	2
RNA34_1	90	0	11
RNA34_1	90	2	4
RNA34_1	90	3	3
RNA18	53	6	1
RNA34_1	90	4	38
RNA17	93	24	1
RNA34_1	90	5	22
RNA28	132	0	2
RNA8	99	11	22
RNA34_1	90	6	7
SSUF_2	37	0	11755
RNA28	132	1	1
RNA8	99	12	2
RNA34_1	90	7	2
SSUF_2	37	1	1289
SSUF_2	37	2	3
RNA17	42	0	7266
SSUF_2	37	3	1472
SSUF_1	39	0	447
RNA17	42	1	16506
SSUF_2	37	4	702
SSUF_1	39	1	129
RNA17	42	2	1
SSUF_2	37	5	52
SSUF_1	39	2	64
RNA17	42	3	490
SSUF_2	37	6	45
SSUF_1	39	3	33
RNA17	42	4	19
SSUF_2	37	7	2
SSUF_1	39	4	29
RNA17	42	5	87
SSUF_2	37	8	90
RNA23t_1	57	13	3
SSUF_1	39	5	67
RNA1	81	0	49
RNA17	42	6	197
SSUF_2	37	9	74
RNA23t_1	57	14	1
SSUF_1	39	6	190
RNA1	81	1	3
RNA18	53	21	3
RNA17	42	7	5
SSUF_1	39	7	319
RNA18	53	22	13
RNA17	42	8	1
SSUD	107	20	1
RNA23t_1	57	16	2
SSUF_1	39	8	647
RNA23t_1	78	0	1
RNA14	112	14	17
SSUF_1	39	9	6618
RNA5_F	103	10	36
RNA18	53	24	1
RNA5_F	103	11	15
RNA23t_1	57	19	1
RNA5_F	103	12	24
RNA23t_1	78	3	1
RNA14	112	17	1
RNA5_F	103	13	18
RNA5_F	103	14	17
RNA5_F	103	15	29
RNA43	107	17	1
RNA5_F	103	16	22
RNA43	107	18	3
RNA5_F	103	17	2
SSUF_2	31	0	44180
RNA5_F	103	18	14
SSUF_2	31	1	369
RNA5_F	103	19	7
SSUF_2	31	2	122
RNA31_1	69	0	4
SSUF_2	31	3	84
RNA30	101	8	1
SSUF_2	31	4	45
RNA17	150	94	1
RNA17	150	95	1
LSUB	65	6	1
RNA16	44	20	23
RNA16	44	21	4
LSUB	65	8	1
RNA30	62	0	12
RNA16	44	24	1
RNA30	62	1	1
RNA13	74	12	1
RNA5_F	149	0	7
RNA5_F	149	1	3
RNA34_F	109	45	1
RNA5_F	149	2	9
RNA30	62	4	2
RNA34_F	109	46	3
RNA5_F	149	3	3
RNA5_F	149	4	2
RNA30	62	6	1
RNA30	62	7	28
RNA15_1	48	0	23
RNA15_1	48	1	9
RNA15_1	48	2	6
RNA15_1	48	3	7
RNA15_1	48	4	1
RNA15_1	48	5	4
RNA40	110	0	1
RNA15_1	48	6	6
RNA15_1	48	7	2
RNA31_1	50	0	3
RNA15_1	48	8	2
RNA31_1	50	1	2
RNA15_1	48	9	4
RNA42	61	13	2
RNA34_1	93	0	53
RNA34_1	93	1	1
RNA18	56	4	1
RNA34_1	93	2	2
RNA34_1	93	4	2
RNA34_1	93	5	2
RNA28	135	0	1
RNA5_F	130	0	22
RNA18	56	9	1
RNA5_F	130	1	94
RNA28	135	3	1
RNA17	45	0	162
RNA5_F	130	4	11
RNA17	45	1	40
RNA17	45	2	5
RNA5_F	130	6	1
RNA17	45	3	519
RNA43	101	0	1
RNA5_F	130	7	4
RNA17	45	4	40591
RNA5_F	130	8	1
RNA17	45	5	852
RNA1	84	0	49
RNA17	45	6	207
RNA1	84	1	61
RNA17	45	7	280
RNA1	84	2	1
RNA17	45	8	80
RNA1	84	3	1
RNA17	45	9	54
RNA10_1	95	10	1
RNA1	84	5	1
RNA30	104	0	2
RNA7	112	0	39
RNA7	112	2	13
RNA7	112	3	9
RNA7	112	4	21
RNA33_2	46	23	1
RNA7	112	5	12
RNA7	112	6	3
LSUB	68	0	3
RNA7	112	7	1
RNA5_F	103	20	1901
RNA7	112	9	2
RNA5_F	103	21	18
RNA23t_1	57	29	8
SSUD	107	35	18
SSUF_2	89	34	1
RNA1	146	0	2
SSUD	107	36	1
RNA1	146	1	4
RNA30	65	0	5
RNA30	65	1	6
RNA34_F	108	22	1
RNA30	65	2	2
SSUE_F	71	15	1
RNA30	65	4	2
RNA23t_1	62	0	2
RNA10_F	141	1	3
RNA30	65	6	1
RNA23t_1	62	1	4
RNA23t_1	62	2	5
RNA23t_1	62	3	2
RNA11_F	131	14	1
RNA40	113	0	5
RNA31_1	53	0	1
RNA7	124	10	1
RNA31_1	53	1	1
RNA34_1	96	0	16
RNA34_1	96	1	2
RNA31_1	53	9	1
RNA18	59	5	1
SSUB	133	10	5
RNA34_1	96	4	1
SSUB	133	11	2
RNA34_1	96	5	1
SSUE_1	52	13	2
RNA28	138	0	4
RNA5_F	133	0	11
SSUB	133	12	60
SSUB	133	14	12
RNA5_F	133	3	1
RNA17	48	0	76258
RNA5_F	133	4	79
RNA17	48	1	7046
RNA17	48	2	4415
SSUE_1	52	19	1
RNA14	149	114	1
RNA15_1	32	0	1301
RNA17	48	3	3810
RNA15_1	32	1	157
RNA5_F	133	7	5
RNA43	78	19	1
RNA17	48	4	61
RNA15_1	32	2	115
RNA19	51	0	7
RNA17	48	5	2573
RNA15_1	32	3	160
RNA1	87	0	83
RNA19	51	1	3
RNA17	48	6	7137
RNA15_1	32	4	195
RNA1	87	1	5
LSUC	53	17	1
RNA17	92	11	1
RNA17	48	7	1427794
RNA15_1	32	5	69955
RNA1	87	2	1
RNA17	48	8	8113
RNA15_1	32	6	457
RNA19	51	4	2
RNA17	48	9	261
RNA15_1	32	7	57
RNA1	87	4	4
RNA15_1	32	8	135
RNA3	90	0	49
RNA1	87	5	1
RNA28	83	20	1
RNA30	107	0	1
RNA15_1	32	9	12239
RNA3	90	1	31
RNA1	87	6	2
RNA3	90	2	8
RNA19	51	8	1
RNA1	87	8	3
RNA7	115	0	64
RNA3	90	4	6
RNA1	87	9	2
RNA7	115	1	3
RNA18	40	0	1168
RNA3	90	5	7
RNA7	81	10	19
RNA7	115	2	8
RNA18	40	1	325
RNA3	90	6	5
RNA7	81	11	9
RNA7	115	3	16
RNA18	40	2	60
RNA3	90	7	3
RNA7	81	12	15
RNA7	115	4	13
RNA18	40	3	38
RNA3	90	8	26
RNA7	81	13	3
RNA7	115	5	25
RNA18	40	4	17
RNA3	90	9	100
RNA18	52	10	1
RNA7	81	14	1
RNA7	115	6	7
RNA18	40	5	47
RNA7	81	15	2
RNA18	40	6	30
RNA7	81	16	1
SSUD	106	10	1
RNA18	40	7	34
SSUD	106	11	1
RNA18	40	8	1936
RNA18	40	9	6192
RNA18	52	16	1
SSUD	106	14	1
RNA18	52	17	2
SSUF_2	88	13	2
SSUD	106	15	2
SSUF_1	26	0	25
RNA18	52	18	1
RNA1	149	1	4
SSUD	106	16	2
SSUF_1	26	1	2
SSUF_1	26	2	3
SSUD	106	18	1
RNA30	68	0	3
RNA16	31	0	402
SSUD	106	19	1
RNA30	68	1	4
RNA16	31	1	715
RNA16	31	2	20
SSUF_2	88	19	1
RNA16	31	3	3
RNA30	68	4	1
RNA16	31	4	32
RNA23t_1	65	0	11
RNA16	31	5	19
RNA16	31	6	4548
RNA23t_1	65	2	1
RNA16	31	7	8
RNA23t_1	65	3	1
RNA30	68	9	1
RNA16	31	9	5
RNA16	43	10	27
RNA16	43	11	29
RNA34_F	108	30	1
RNA16	43	12	21
RNA16	43	13	14
RNA23t_1	65	9	1
RNA16	43	14	30
RNA16	43	15	2
RNA16	43	16	47
LSUB	52	0	4
RNA16	43	17	55
LSUB	52	1	2
RNA16	43	18	3662
RNA31_1	56	4	1
RNA16	43	19	27
LSUB	52	3	2
RNA34_1	99	0	1
LSUB	52	5	1
SSUE_2	18	0	19
RNA1	130	0	23
LSUB	52	6	1
SSUE_2	18	1	40
RNA1	130	1	12
SSUE_2	18	2	2
RNA1	130	3	3
RNA35	56	12	1
RNA5_F	136	0	7
SSUF_1	39	10	482
RNA5_F	136	1	1
SSUF_1	39	11	90
SSUF_1	39	12	76
RNA5_F	136	3	1
SSUF_1	39	13	35
LSUB	93	22	1
SSUF_1	39	14	20
RNA23t_1	150	0	1
RNA43	107	0	1
SSUF_1	39	15	33
RNA15_1	35	0	3921
RNA15_1	35	1	872
RNA5_F	136	7	114
RNA15_1	35	2	370
RNA19	54	0	6
RNA23t_F	75	12	2
RNA15_1	35	3	377
RNA5_F	136	9	4
SSUE_1	52	20	1
RNA23t_F	75	13	1
RNA15_1	35	4	397
RNA23t_1	150	5	1
SSUE_1	52	21	1
RNA15_1	35	5	563
RNA23t_F	75	15	7
RNA15_1	35	6	55
RNA15_1	35	7	47
RNA15_1	35	8	105802
RNA3	93	0	31
RNA15_1	35	9	4633
RNA3	93	1	2
RNA3	93	2	149
RNA7	118	0	94
RNA3	93	3	53
RNA7	118	1	3
RNA3	93	4	21
RNA7	118	2	1
RNA18	43	0	128
RNA3	93	5	56
RNA7	118	3	2
RNA18	43	1	19
RNA3	93	6	3
RNA7	118	4	6
RNA18	43	2	11
RNA3	93	7	5
RNA34_1	80	0	19
RNA7	118	5	24
RNA18	43	3	7
RNA3	93	8	2
RNA34_1	80	1	9
RNA7	118	6	7
RNA18	43	4	12
RNA3	93	9	1
RNA34_1	80	2	3
RNA7	118	7	1
RNA18	43	5	7
RNA34_1	80	3	4
RNA18	43	6	13
RNA2	82	0	1
RNA8	98	10	28
RNA18	43	7	1
RNA34_1	80	5	5
RNA18	43	8	13
RNA34_1	80	6	6
RNA18	43	9	6
RNA8	98	12	1
RNA34_1	80	7	5
RNA34_1	80	8	6
RNA34_1	80	9	2
SSUF_1	29	0	43
SSUF_1	29	1	5
RNA23t_1	56	10	2
SSUF_1	29	2	31
SSUF_1	29	3	18
RNA16	34	0	202
RNA23t_1	56	12	1
SSUF_1	29	4	9
RNA16	34	1	159
SSUF_1	29	5	22
RNA18	52	20	4
RNA17	93	52	2
RNA16	34	2	16
RNA18	52	21	19
RNA16	34	3	18
RNA23t_1	56	15	1
RNA16	34	4	6
SSUD	106	20	2
RNA14	111	13	30
RNA18	52	23	2
RNA23t_1	68	0	2
RNA16	34	5	11
RNA5_F	102	10	29
SSUD	106	21	1
RNA33_2	45	17	2
RNA16	34	6	3
RNA23t_1	56	18	3
RNA5_F	102	11	47
RNA18	52	25	1
RNA23t_1	68	2	1
RNA16	34	7	26
RNA5_F	102	12	34
SSUF_1	71	12	1
RNA16	34	8	18
SSUD	106	24	2
RNA5_F	102	13	24
SSUF_1	71	13	1
RNA16	34	9	3166
RNA5_F	102	14	57
RNA5_F	102	15	50
RNA43	106	17	1
RNA5_F	102	16	5
RNA23t_1	68	7	1
SSUF_1	71	16	1
RNA5_F	102	17	18
RNA40	119	0	1
RNA5_F	102	18	22
RNA6	89	11	2
RNA5_F	102	19	4394
RNA31_1	59	0	1
RNA34_F	107	12	1
RNA34_F	107	13	1
LSUB	55	0	3
RNA34_F	107	14	4
RNA6	89	14	1
LSUB	55	4	1
RNA23t_2	60	0	19
RNA6	89	17	1
RNA23t_2	60	1	1
RNA2	115	10	1
RNA31_1	59	8	1
RNA1	133	0	1
RNA33_1	74	6	1
RNA2	115	11	1
LSUB	55	7	4
RNA16	43	20	6
RNA2	115	12	1
RNA30	52	0	155
RNA13	73	11	5
RNA30	52	1	41
RNA5_F	139	0	19
RNA23t_2	60	8	1
RNA30	52	2	16
RNA34_F	108	44	4
RNA5_F	139	1	2
RNA23t_2	60	9	2
RNA30	52	3	19
RNA13	73	14	1
RNA5_F	139	2	1
RNA30	52	4	16
RNA5_F	139	3	1
RNA30	52	5	11
RNA30	52	6	11
RNA5_F	139	5	2
RNA30	52	7	11
RNA15_1	38	0	4319
RNA5_F	139	6	3
RNA30	52	8	7
RNA15_1	38	1	182
RNA19	57	0	2
RNA30	52	9	5
RNA15_1	38	2	82
RNA5_F	139	8	1
RNA15_1	38	3	95
RNA5_F	139	9	2
RNA15_1	38	4	79
RNA15_1	38	5	74
RNA40	100	0	3
RNA15_1	38	6	66
RNA15_1	38	7	102
RNA31_1	40	0	179
RNA15_1	38	8	147
RNA3	96	0	1068
RNA31_1	40	1	565
RNA15_1	38	9	106
RNA3	96	1	75
RNA3	96	2	7
RNA31_1	40	3	5
RNA3	96	3	44
RNA3	96	4	73
RNA9	90	11	2
RNA42	60	11	1
RNA18	46	0	69
RNA3	96	5	11526
RNA9	90	12	2
RNA42	60	12	1
RNA18	46	1	16
RNA23t_F	75	20	2
RNA3	96	6	447
RNA9	90	13	4
RNA18	46	2	3
RNA3	96	7	334
RNA34_1	83	0	8
RNA18	46	3	4
RNA3	96	8	32
RNA9	90	15	77
RNA34_1	83	1	3
RNA42	60	15	1
RNA18	46	4	5
RNA9	90	16	2
RNA34_1	83	2	1
RNA18	46	5	1
RNA9	90	17	1
RNA34_1	83	3	1
RNA2	85	0	4
RNA18	46	6	1
RNA9	90	18	2
RNA2	85	1	1
RNA18	46	7	6
RNA18	46	8	2
RNA5_F	120	0	38
RNA18	46	9	4
RNA5_F	120	1	3
RNA5_F	120	2	6
RNA17	35	0	6289
RNA5_F	120	4	1
RNA17	35	1	8
RNA5_F	120	5	2
RNA16	37	0	424
RNA5_F	120	7	1
RNA16	37	1	94
RNA5_F	120	8	1
RNA16	37	2	39
RNA16	37	3	32
RNA16	37	4	18
RNA16	37	5	23
RNA16	37	6	26
RNA16	37	7	34
RNA16	37	8	39
RNA16	37	9	7
RNA7	102	0	51
RNA7	102	1	14
RNA7	102	2	20
RNA7	102	3	24
RNA33_2	45	22	1
RNA7	102	4	16
RNA23t_1	56	23	1
RNA33_2	88	9	1
RNA7	102	5	16
RNA7	102	6	9
LSUB	58	0	3
RNA7	102	7	13
LSUB	58	1	1
RNA7	102	8	6
RNA5_F	102	20	34
RNA7	102	9	4
RNA23t_1	56	28	7
SSUD	106	33	1
RNA23t_2	63	0	8
RNA29	107	13	1
RNA23t_2	63	1	2
SSUD	106	34	17
SSUF_2	88	33	2
RNA1	136	0	2
RNA1	136	1	3
LSUB	58	8	2
RNA23t_2	63	4	1
RNA23t_2	63	5	1
RNA30	55	0	58
RNA23t_2	63	7	2
RNA30	55	1	10
RNA23t_2	63	8	1
RNA30	55	2	5
SSUE_F	70	14	1
RNA30	55	3	3
RNA30	55	4	4
RNA30	55	5	1
RNA30	55	6	2
RNA30	55	7	13
RNA30	55	8	6
RNA40	103	0	1
RNA31_1	43	0	4
RNA3	99	0	108
RNA40	103	3	1
RNA3	99	1	20
RNA3	99	2	10
RNA31_1	43	3	4
RNA3	99	3	6
RNA31_1	43	4	24
RNA3	99	4	9
RNA18	49	0	20
RNA3	99	5	1
RNA18	49	1	8
RNA3	99	6	264
RNA34_1	86	0	2
RNA40	103	9	2
RNA18	49	2	1
RNA3	99	7	20
RNA18	49	3	2
RNA3	99	8	982
RNA34_1	86	2	7
RNA18	49	4	1
RNA3	99	9	35
RNA34_1	86	3	2
SSUB	132	10	1
RNA34_1	86	4	4
RNA2	88	0	1
RNA18	49	6	2
SSUE_1	51	12	1
SSUB	132	11	100
RNA28	128	0	1
SSUB	132	12	1
RNA18	49	8	1
RNA5_F	123	0	23
SSUB	132	13	12
RNA34_1	86	7	1
RNA2	88	3	1
SSUE_1	51	15	2
SSUB	132	14	1
RNA5_F	123	3	2
RNA17	38	0	857
SSUE_1	51	17	1
RNA17	38	1	1724
RNA5_F	123	5	4
RNA17	38	2	54
SSUE_1	51	19	2
RNA5_F	123	6	1
RNA17	38	3	20
RNA5_F	123	8	6
RNA19	41	0	51
RNA17	38	5	2
RNA19	41	1	7
RNA19	41	2	7
RNA19	41	3	42
RNA29	99	13	1
RNA19	41	4	3
RNA29	99	14	2
RNA19	41	5	2
RNA3	80	0	52
RNA19	41	6	35
RNA3	80	1	19
RNA19	41	7	693
RNA3	80	2	4
RNA19	41	8	12
RNA7	105	0	54
RNA3	80	3	5
RNA7	105	1	10
RNA3	80	4	35
RNA7	105	2	28
RNA18	30	0	479
RNA3	80	5	117
RNA7	105	3	18
RNA18	30	1	1802
RNA3	80	6	35
SSUF_2	27	0	3230
RNA7	105	4	23
RNA18	30	2	18
RNA3	80	7	15
SSUF_2	27	1	27
RNA7	105	5	12
RNA18	30	3	80
RNA7	105	6	9
RNA18	30	4	14
RNA7	105	7	7
RNA18	30	5	18
RNA7	105	8	7
RNA18	51	12	1
RNA7	105	9	8
RNA18	51	13	2
RNA18	51	14	2
SSUF_2	87	10	1
RNA23t_2	66	0	1
RNA18	51	15	1
SSUD	105	13	2
RNA18	51	16	1
SSUD	105	14	1
SSUF_2	87	14	1
RNA18	51	19	7
RNA23t_1	56	31	1
RNA23t_2	66	5	1
SSUD	105	17	3
RNA30	58	0	16
RNA16	21	0	93
SSUD	105	19	1
RNA30	58	1	4
RNA16	21	1	2
SSUF_2	87	18	2
RNA30	58	2	2
SSUF_2	87	19	4
RNA30	58	3	20
RNA30	58	4	2
RNA30	58	5	2
RNA33_2	72	0	1
LSUC	53	0	1
RNA30	58	7	1
RNA30	58	8	1
RNA16	42	10	26
RNA16	42	11	13
RNA16	42	12	26
RNA40	106	0	1
RNA16	42	13	38
RNA16	42	14	5
RNA16	42	15	48
LSUB	42	0	239
RNA6	89	34	1
RNA16	42	16	67
LSUB	42	1	76
RNA16	42	17	5558
LSUB	42	2	22
RNA16	42	18	76
LSUB	42	3	10
RNA16	42	19	7
LSUB	42	4	15
RNA31_1	46	6	4
LSUB	42	5	14
RNA34_1	89	0	1
RNA31_1	46	7	14
LSUB	42	6	17
RNA34_1	89	1	1
RNA1	120	0	6
LSUB	42	7	7
RNA34_1	89	2	8
RNA1	120	1	5
LSUB	42	8	17
RNA34_1	89	3	10
RNA33_1	61	8	1
LSUB	42	9	17
RNA34_1	89	4	27
RNA34_1	89	5	14
RNA34_1	89	6	2
RNA1	120	5	2
RNA5_F	126	0	35
SSUF_1	38	10	100
RNA1	120	6	1
RNA5_F	126	1	4
SSUF_1	38	11	134
SSUF_1	38	12	87
RNA1	120	8	1
RNA5_F	126	3	1
SSUF_1	38	13	32
RNA35	55	18	2
SSUF_1	38	14	49
RNA13	73	39	1
RNA5_F	126	6	3
RNA23t_F	74	10	1
RNA19	44	0	86
RNA23t_F	74	11	3
RNA5_F	126	8	10
RNA19	44	1	8
RNA23t_F	74	12	1
SSUE_1	51	20	3
RNA19	44	2	1
SSUE_1	51	21	1
RNA19	44	3	5
RNA23t_F	74	14	14
SSUE_1	51	22	1
RNA19	44	4	4
RNA23t_F	74	15	1
RNA19	44	5	3
RNA19	44	6	27
RNA3	83	0	22
RNA19	44	7	6
RNA3	83	1	10
RNA3	83	2	3
RNA19	44	9	115
RNA7	108	0	30
RNA3	83	3	6
RNA7	108	1	4
RNA3	83	4	14
RNA7	108	2	11
RNA18	33	0	124
RNA3	83	5	150
RNA7	108	3	6
RNA18	33	1	1089
RNA3	83	6	59
RNA7	108	4	16
RNA18	33	2	7079
RNA3	83	7	14
RNA7	108	5	14
RNA18	33	3	94
RNA3	83	8	8
RNA7	108	6	3
RNA18	33	4	4561
RNA3	83	9	2
RNA7	108	7	3
RNA18	33	5	23
RNA7	108	8	2
RNA18	33	6	194
RNA8	97	10	3
RNA18	33	7	29
RNA2	72	2	1
RNA18	33	8	81
RNA23t_2	69	0	4
RNA23t_2	69	3	1
RNA23t_2	69	4	1
RNA23t_1	55	10	1
RNA16	24	0	49
RNA2	72	9	7
RNA23t_1	55	11	1
RNA33_2	44	11	2
RNA16	24	1	5
RNA10_1	94	12	1
RNA16	24	2	3
RNA18	51	20	62
SSUD	69	10	66
RNA16	24	3	4
RNA23t_1	55	14	2
RNA18	51	21	2
SSUD	69	11	2379
RNA16	24	4	4
RNA14	110	12	23
RNA18	51	22	6
RNA23t_1	55	16	1
SSUF_1	70	10	1
RNA23t_1	55	17	6
RNA5_F	101	10	103
LSUC	56	0	3
RNA33_2	44	17	1
RNA14	110	15	3
RNA23t_1	55	18	1
RNA5_F	101	11	76
LSUC	56	1	1
SSUD	105	23	1
RNA5_F	101	12	58
RNA5_F	101	13	114
RNA30	139	10	1
RNA5_F	101	14	90
RNA5_F	101	15	13
RNA5_F	101	16	36
RNA34_F	106	10	1
RNA5_F	101	17	66
RNA34_F	106	11	1
RNA5_F	101	18	9924
RNA40	109	1	1
RNA34_F	106	12	1
RNA5_F	101	19	43
RNA31_1	49	0	2
RNA34_F	106	13	4
LSUB	45	0	46
LSUB	45	1	10
RNA17	59	10	32
LSUB	45	2	2
RNA17	59	11	37
LSUB	45	3	4
RNA17	59	12	33
LSUB	45	4	2
RNA23t_2	50	0	16
RNA17	59	13	30
LSUB	45	5	3
RNA23t_2	50	1	2
RNA17	59	14	12
LSUB	45	6	8
RNA23t_2	50	2	1
RNA1	123	0	1
RNA2	114	11	1
LSUB	45	7	1
RNA17	59	16	8
RNA16	42	20	3
RNA31_1	49	9	3
LSUB	45	8	9
RNA23t_2	50	4	5
RNA17	59	17	35
RNA16	42	21	1
RNA23t_1	52	0	53
RNA1	123	2	1
LSUB	45	9	12
RNA23t_2	50	5	3
RNA17	59	18	1713
RNA23t_1	52	1	13
RNA23t_2	50	6	104
RNA17	59	19	34
RNA30	42	0	1591
RNA23t_1	52	2	2
RNA5_F	129	0	216
RNA23t_2	50	7	3
RNA30	42	1	374
RNA23t_1	52	3	3
RNA34_F	107	43	5
RNA23t_2	50	8	3
RNA30	42	2	143
RNA23t_1	52	4	4
RNA34_F	107	44	2
RNA30	42	3	152
RNA23t_1	52	5	3
RNA5_F	129	3	8
RNA30	42	4	124
RNA23t_1	52	6	3
RNA5_F	129	4	2
RNA30	42	5	98
RNA30	42	6	81
RNA23t_1	52	8	6
RNA11_F	130	18	1
RNA30	42	7	138
RNA30	42	8	86
RNA5_F	129	8	1
RNA19	47	0	27
RNA30	42	9	67
RNA5_F	129	9	24
RNA19	47	1	7
RNA19	47	2	3
RNA19	47	4	2
RNA19	47	5	1
RNA19	47	6	3
RNA3	86	0	60
RNA3	86	1	7
RNA19	47	8	4
RNA19	47	9	6
RNA3	86	3	3
RNA3	86	4	54
RNA18	36	0	2784
RNA3	86	5	400
RNA18	36	1	524
RNA3	86	6	31
RNA18	36	2	54
RNA3	86	7	83
RNA18	36	3	90
RNA3	86	8	19
RNA18	36	4	2125
RNA3	86	9	4
RNA18	36	5	35962
LSUB	92	39	1
RNA2	75	0	1
RNA18	36	6	117
RNA15_1	22	0	513
RNA18	36	7	12067
RNA15_1	22	1	216
RNA18	36	8	33
RNA5_F	110	0	195
RNA15_1	22	2	36
RNA18	36	9	370
RNA5_F	110	1	17
RNA15_1	22	3	16
RNA5_F	110	2	148
RNA15_1	22	4	3
RNA5_F	110	3	168
RNA15_1	22	5	4
RNA5_F	110	4	264
RNA5_F	110	5	169
RNA5_F	110	6	9
RNA16	27	0	1176
RNA16	27	1	6
RNA40	101	14	1
RNA30	76	11	2
RNA16	27	2	7084
RNA16	27	3	226
RNA16	27	4	8
RNA16	27	5	5
RNA7	80	10	5
RNA7	80	11	17
RNA30	76	17	1
RNA7	80	12	5
RNA7	80	14	1
RNA33_2	44	21	5
LSUB	48	0	13
LSUB	48	1	2
RNA23t_1	55	27	21
RNA5_F	101	20	1
SSUD	105	32	1
LSUB	48	3	4
LSUB	48	4	1
RNA23t_2	53	0	13
SSUD	105	33	31
SSUF_2	87	32	5
RNA23t_2	53	1	1
RNA1	126	0	1
LSUB	48	6	4
RNA1	126	1	1
LSUB	48	7	2
LSUB	48	8	3
RNA23t_2	53	4	73
RNA23t_1	55	0	15
LSUB	48	9	1
RNA23t_2	53	5	12
RNA23t_1	55	1	7
RNA34_F	106	20	1
RNA23t_2	53	6	1
RNA30	45	0	1690
RNA23t_1	55	2	12
RNA1	126	5	1
RNA23t_2	53	7	4
RNA30	45	1	311
RNA23t_1	55	3	6
RNA34_F	106	22	1
RNA23t_2	53	8	2
RNA30	45	2	89
RNA23t_1	55	4	4
RNA34_F	106	23	1
RNA23t_2	53	9	216
RNA30	45	3	102
RNA23t_1	55	5	1
RNA17	59	20	1
RNA30	45	4	92
RNA30	45	5	102
RNA17	59	22	1
RNA14	89	10	15
LSUC	40	0	12
RNA30	45	6	125
RNA23t_1	55	8	1
RNA14	89	11	1
LSUC	40	1	3
RNA30	45	7	74
RNA23t_1	55	9	4
RNA10_F	121	4	1
LSUC	40	2	1
RNA30	45	8	66
RNA14	89	13	63
RNA30	45	9	52
RNA14	89	14	1
LSUC	40	4	2
RNA10_F	121	7	1
LSUC	40	5	1
RNA10_F	121	8	2
LSUC	40	6	3
RNA10_F	121	9	1
LSUC	40	7	3
RNA3	89	0	67
LSUC	40	9	5
RNA3	89	1	4
RNA3	89	2	1
RNA31_F	64	10	2
RNA6	90	1	8
RNA6	90	2	1
RNA3	89	4	4
RNA6	90	3	1
RNA3	89	5	13
RNA6	90	4	2
RNA18	39	0	1712
RNA3	89	6	3
RNA6	90	5	1
RNA18	39	1	1039
RNA3	89	7	28
RNA18	39	2	153
RNA3	89	8	250
RNA18	39	3	82
RNA3	89	9	11
RNA18	39	4	93
RNA6	90	9	1
RNA18	39	5	31
LSUB	91	19	1
SSUB	131	10	93
RNA18	39	6	85
SSUE_1	50	12	1
SSUB	131	11	1
RNA15_1	25	0	25
RNA18	39	7	4461
SSUE_1	50	13	5
SSUB	131	12	15
RNA15_1	25	1	297
RNA18	39	8	21510
RNA7	123	27	1
RNA5_F	113	0	327
SSUB	131	13	1
RNA15_1	25	2	1025
RNA18	39	9	31
RNA5_F	113	1	20
SSUE_1	50	15	1
RNA43	76	14	1
RNA15_1	25	3	319
RNA5_F	113	2	49
RNA15_1	25	4	80
RNA5_F	113	3	38
SSUE_1	50	17	4
RNA15_1	25	5	105
RNA5_F	113	4	94
SSUE_1	50	18	2
RNA15_1	25	6	178
RNA5_F	113	5	145
SSUE_1	50	19	5
RNA15_1	25	7	23
RNA5_F	113	6	7
RNA15_1	25	8	2
RNA5_F	113	7	2
RNA19	31	0	4838
RNA5_F	113	8	1
RNA19	31	1	46
LSUC	51	16	3
RNA19	31	2	3
RNA19	31	3	217
RNA35	71	0	4
RNA34_1	70	0	16
RNA34_1	70	2	1
RNA34_1	70	3	1
RNA28	112	0	2
RNA34_1	70	7	1
RNA35	71	9	1
RNA18	50	10	1
RNA34_1	70	9	1
RNA18	50	11	2
RNA18	50	12	3
RNA18	50	13	1
SSUD	104	11	1
RNA18	50	14	2
RNA23t_2	56	0	20
RNA18	50	15	2
SSUD	104	12	1
SSUD	104	13	3
RNA23t_2	56	1	1
RNA1	129	0	2
RNA23t_2	56	3	2
RNA18	50	18	14
RNA1	129	2	3
RNA23t_2	56	4	1
RNA18	50	19	131
RNA23t_1	58	0	13
RNA23t_2	56	5	1
RNA23t_1	58	1	1
RNA23t_2	56	6	2
RNA30	48	0	754
RNA23t_1	58	2	4
RNA23t_2	56	7	31
RNA30	48	1	158
RNA23t_1	58	3	2
RNA30	48	2	71
RNA23t_1	58	4	6
RNA30	48	3	65
RNA23t_1	58	5	3
SSUD	105	40	1
RNA30	48	4	54
RNA23t_1	58	6	3
RNA10_F	124	1	1
RNA30	48	5	36
RNA23t_1	58	7	1
RNA23t_1	149	0	2
RNA33_2	62	0	2
LSUC	43	0	6
RNA30	48	6	48
RNA30	48	7	48
RNA30	48	8	40
RNA30	48	9	49
LSUC	43	4	1
RNA28	49	10	13
RNA10_F	124	7	2
RNA16	41	10	19
RNA28	49	11	6
RNA33_2	62	6	2
RNA16	41	11	45
LSUC	43	6	1
RNA28	49	12	6
RNA16	41	12	36
RNA28	49	13	2
RNA33_2	62	8	2
RNA16	41	13	10
LSUC	43	8	2
RNA28	49	14	1
RNA6	88	32	2
RNA33_2	62	9	2
RNA16	41	14	59
RNA31_1	36	0	1
RNA28	49	15	1
RNA16	41	15	67
RNA6	93	0	4
RNA34_F	106	34	1
LSUB	32	0	23223
RNA16	41	16	7165
LSUB	32	1	1755
RNA16	41	17	102
LSUB	32	2	1237
RNA13	72	10	5
RNA16	41	18	15
LSUB	32	3	3081
RNA16	41	19	3
RNA6	93	4	8
LSUB	32	4	1722
RNA6	93	5	2
LSUB	32	5	1134
RNA6	93	6	1
LSUB	32	6	336554
RNA1	110	0	1
LSUB	32	7	630
RNA6	93	8	1
LSUB	32	8	29
LSUB	32	9	41
RNA35	54	11	1
RNA1	110	3	1
RNA1	110	4	1
RNA15_1	28	0	3015
RNA5_F	116	0	109
RNA1	110	5	2
RNA15_1	28	1	278514
RNA5_F	116	1	18
RNA15_1	28	2	21438
RNA5_F	116	2	7
RNA35	54	15	1
RNA15_1	28	3	339
RNA5_F	116	3	8
RNA15_1	28	4	140
RNA5_F	116	4	21
RNA35	54	17	1
RNA15_1	28	5	26591
RNA5_F	116	5	17
RNA15_1	28	6	3408
RNA5_F	116	6	6
RNA15_1	28	7	420
RNA5_F	116	7	3
RNA23t_F	73	10	3
RNA15_1	28	8	176
RNA5_F	116	8	12
RNA19	34	0	65334
RNA15_1	28	9	165
RNA5_F	116	9	32
RNA19	34	1	1506
SSUE_1	50	20	1
RNA23t_F	73	13	8
RNA19	34	3	173
RNA19	34	5	4
RNA34_1	73	0	9
RNA19	34	6	33
RNA3	73	0	6
RNA34_1	73	1	4
RNA3	73	1	1
RNA34_1	73	2	1
RNA34_1	73	4	1
RNA34_1	73	5	1
RNA5_1	83	0	1
RNA34_1	73	9	1
RNA5_1	83	1	1
RNA10_F	103	18	2
RNA2	62	0	4
RNA2	62	1	1
RNA2	62	3	1
RNA23t_2	59	0	20
RNA23t_2	59	1	1
RNA2	62	5	1
RNA23t_2	59	3	1
RNA23t_2	59	4	3
RNA23t_1	54	10	3
LSUB	59	11	11
RNA23t_2	59	5	1
RNA33_2	43	11	1
RNA2	62	9	5
RNA10_1	93	11	3
RNA23t_1	54	11	1
RNA23t_2	59	6	1
RNA33_2	43	12	1
RNA23t_1	54	12	4
RNA23t_2	59	8	1
RNA18	50	20	7
SSUD	68	10	2246
RNA32_F	122	0	1
RNA18	50	21	20
RNA23t_1	54	15	3
RNA10_F	127	0	1
SSUD	104	20	1
RNA23t_1	54	16	5
LSUB	59	17	2
RNA18	50	23	1
LSUC	46	0	1
RNA33_2	43	17	1
RNA23t_1	54	17	7
RNA5_F	100	10	151
RNA33_2	65	0	1
RNA33_2	43	18	1
LSUB	59	19	1
RNA5_F	100	11	134
SSUD	104	23	1
LSUC	46	2	2
RNA5_F	100	12	207
LSUC	46	3	1
RNA5_F	100	13	166
SSUD	104	25	1
RNA5_F	100	14	24
RNA5_F	100	15	90
RNA5_F	100	16	115
RNA33_2	65	6	1
RNA5_F	100	17	19954
RNA5_F	100	18	97
LSUC	46	9	1
RNA31_1	39	0	80
RNA5_F	100	19	9
RNA31_1	39	1	11
RNA6	96	0	5
RNA31_1	39	2	11
LSUB	35	0	5828
LSUB	35	1	916
RNA17	58	10	59
LSUB	35	2	158
RNA17	58	11	54
RNA6	96	4	1
LSUB	35	3	260
RNA17	58	12	62
RNA6	96	5	3
LSUB	35	4	212
RNA17	58	13	29
RNA6	96	6	1
LSUB	35	5	229
RNA17	58	14	5
RNA6	96	7	6
RNA1	113	0	2
LSUB	35	6	364
RNA17	58	15	18
LSUB	35	7	239
RNA17	58	16	80
RNA16	41	20	1
RNA6	96	9	2
RNA1	113	2	1
LSUB	35	8	190
RNA17	58	17	3487
RNA23t_1	42	0	83
LSUB	35	9	49048
RNA17	58	18	83
RNA23t_1	42	1	20
RNA1	113	4	1
RNA17	58	19	5
RNA30	32	0	55
RNA23t_1	42	2	12
RNA34_F	106	42	8
RNA5_F	119	0	63
RNA30	32	1	254
RNA23t_1	42	3	5
RNA34_F	106	43	2
RNA5_F	119	1	34
RNA30	32	2	4
RNA23t_1	42	4	7
RNA5_F	119	2	3
RNA2	113	17	1
RNA30	32	3	4
RNA23t_1	42	5	4
RNA1	113	8	6
RNA30	32	4	3
RNA23t_1	42	6	10
RNA29	107	62	1
RNA1	113	9	1
RNA14	111	76	1
RNA5_F	119	4	7
RNA30	32	5	14
RNA23t_1	42	7	4
RNA5_F	119	5	1
RNA30	32	6	13
RNA23t_1	42	8	8
RNA5_F	119	6	4
RNA30	32	7	160
RNA23t_1	42	9	5
RNA5_F	119	7	2
RNA19	37	0	355
RNA19	37	1	4
RNA19	37	2	18
RNA19	37	3	2769
RNA19	37	4	24
RNA38	91	5	3
RNA19	37	5	3
RNA38	91	6	2
RNA11_F	99	12	1
RNA3	76	0	19
RNA34_1	76	0	11
RNA19	37	6	95
RNA3	76	1	2
RNA34_1	76	1	4
RNA19	37	7	2
RNA3	76	2	13
RNA34_1	76	2	3
RNA19	37	8	6
RNA7	122	19	2
RNA3	76	3	8
RNA19	37	9	53
RNA11_F	99	16	21
RNA34_1	76	4	7
RNA34_1	76	5	3
RNA28	118	0	1
RNA34_1	76	6	2
RNA28	118	1	1
RNA34_1	76	7	1
RNA34_1	76	8	1
RNA2	65	0	1
RNA2	65	1	1
RNA2	65	3	1
RNA2	69	10	1
RNA2	65	8	1
RNA2	65	9	3
RNA30	75	12	1
RNA2	69	19	2
LSUC	49	3	1
RNA30	75	19	1
RNA33_2	43	20	10
SSUF_2	86	11	1
LSUC	49	8	1
RNA23t_1	54	22	1
RNA6	99	0	7
SSUF_2	86	14	1
RNA30	76	45	1
LSUB	38	0	1670
RNA23t_1	54	26	24
LSUB	38	1	510
SSUF_2	86	16	2
RNA29	105	11	1
LSUB	38	2	60
RNA5_F	100	20	3
SSUF_2	86	17	3
LSUB	38	3	72
SSUD	104	32	20
SSUF_2	86	18	2
RNA23t_1	54	29	1
LSUB	38	4	73
LSUB	38	5	98
RNA1	116	0	3
LSUB	38	6	81
RNA1	116	1	2
LSUB	38	7	53
LSUB	38	8	70
RNA23t_1	45	0	526
SSUD	104	38	1
LSUB	38	9	109
RNA23t_1	45	1	116
RNA10_F	91	0	124
RNA6	87	20	1
RNA30	35	0	90
RNA23t_1	45	2	54
RNA10_F	91	1	17
RNA30	35	1	6
RNA23t_1	45	3	63
RNA10_F	91	2	2
RNA30	35	2	5
RNA23t_1	45	4	50
RNA1	116	7	1
RNA10_F	91	3	5
RNA30	35	3	4
RNA23t_1	45	5	44
RNA10_F	91	4	12
RNA30	35	4	634
RNA23t_1	45	6	34
RNA10_F	91	5	13
RNA7	91	0	1105
RNA6	87	25	2
RNA30	35	5	19
RNA23t_1	45	7	44
RNA10_F	91	6	849
RNA7	91	1	223
RNA17	58	22	1
LSUC	30	0	71
RNA30	35	6	36
RNA23t_1	45	8	23
RNA10_F	91	7	205
RNA7	91	2	86
LSUC	30	1	5
RNA30	35	7	174
RNA23t_1	45	9	32
RNA10_F	91	8	42
RNA7	91	3	104
RNA14	88	12	64
LSUC	30	2	6
RNA30	35	8	109
RNA10_F	91	9	24
RNA7	91	4	92
RNA14	88	13	1
RNA30	35	9	19
RNA7	91	5	101
RNA7	91	6	111
LSUC	30	5	2
RNA33_1	51	1	1
RNA7	91	7	68
RNA33_1	51	2	1
RNA7	91	8	37
RNA33_1	51	3	1
RNA7	91	9	18
RNA14	88	18	1
LSUC	30	8	3
RNA3	79	0	45
RNA34_1	79	0	41
LSUC	30	9	590
RNA3	79	1	7
RNA34_1	79	1	8
RNA6	80	0	7
RNA38	94	8	1
RNA3	79	2	2
RNA34_1	79	2	3
RNA3	79	3	10
RNA34_1	79	3	2
RNA3	79	4	41
RNA34_1	79	4	3
RNA6	80	3	2
RNA3	79	5	126
RNA34_1	79	5	5
RNA6	80	4	2
RNA3	79	6	50
RNA34_1	79	6	5
RNA6	80	5	2
RNA34_1	79	7	2
SSUF_1	37	10	127
SSUF_1	37	11	127
RNA37	83	5	5
RNA34_1	79	9	2
SSUF_1	37	12	48
RNA6	80	8	3
SSUF_1	37	13	83
RNA6	80	9	1
RNA2	68	0	1
RNA2	68	1	2
RNA11_F	99	26	1
RNA9	150	0	72
RNA9	150	1	2
RNA9	150	2	6
RNA9	150	3	1
RNA9	150	5	1
RNA9	150	6	1
RNA9	150	7	1
RNA9	150	8	1
RNA35	61	0	1
RNA34_1	60	0	3
RNA9	150	9	1
RNA13	39	10	30
RNA35	61	1	6
RNA34_1	60	1	1
RNA13	39	11	28
RNA35	61	2	1
RNA34_1	60	3	7
RNA34_1	60	4	14
RNA34_1	60	5	2
RNA35	61	6	2
RNA28	102	0	1
RNA30	75	20	1
RNA28	102	1	1
RNA34_1	60	8	4
RNA5_1	70	0	1
RNA34_1	60	9	4
RNA5_1	70	1	1
RNA5_1	70	3	1
RNA5_1	70	7	1
RNA1	119	0	2
RNA1	119	1	1
RNA23t_1	48	0	1704
RNA1	119	2	3
RNA43	104	11	1
RNA23t_1	48	1	213
RNA30	38	0	34078
RNA23t_1	48	2	109
RNA1	119	4	1
RNA10_F	94	0	27
LSUB	59	33	1
LSUC	106	4	1
RNA30	38	1	2158
RNA23t_1	48	3	108
RNA10_F	94	1	7
RNA30	38	2	1655
RNA23t_1	48	4	77
RNA10_F	94	2	1
RNA30	38	3	1615
RNA23t_1	48	5	123
RNA10_F	94	3	3
RNA43	104	16	1
RNA30	38	4	1926
RNA23t_1	48	6	96
RNA1	119	8	1
RNA30	38	5	1639
RNA23t_1	48	7	76
RNA10_F	94	5	2
RNA7	94	0	506
RNA30	38	6	2266
RNA23t_1	48	8	91
RNA10_F	94	6	1
RNA7	94	1	76
LSUC	33	0	24
RNA30	38	7	625842
RNA23t_1	48	9	76
RNA10_F	94	7	2
RNA7	94	2	51
LSUC	33	1	6
RNA30	38	8	3992
RNA34_F	105	12	1
RNA10_F	94	8	1
RNA7	94	3	34
LSUC	33	2	2
RNA30	38	9	62
RNA34_F	105	13	2
RNA10_F	94	9	113
RNA7	94	4	39
RNA33_1	54	0	1
RNA7	94	5	30
RNA33_1	54	1	1
RNA7	94	6	56
RNA16	40	10	27
RNA34_F	105	16	1
RNA7	94	7	42
RNA16	40	11	55
LSUC	33	6	6
RNA7	94	8	43
RNA16	40	12	4
LSUC	33	7	7
RNA33_1	54	4	1
RNA34_F	105	18	2
RNA23t_2	40	0	539
RNA7	94	9	28
RNA6	87	31	2
RNA16	40	13	71
LSUC	33	8	2
RNA23t_2	40	1	12
RNA16	40	14	75
RNA33_1	54	6	1
RNA23t_2	40	2	1
RNA16	40	15	8360
RNA6	83	1	2
RNA16	40	16	134
RNA34_F	89	10	141
RNA16	40	17	18
RNA6	83	3	1
RNA5_1	89	16	1
RNA34_F	89	11	108
RNA16	40	18	4
RNA6	83	4	1
RNA14	88	21	1
RNA34_F	89	12	94
RNA16	40	19	6
RNA6	83	5	2
RNA34_F	89	13	84
RNA34_F	89	14	94
RNA6	83	7	1
RNA1	100	0	588
RNA34_F	89	15	93
RNA1	100	1	94
RNA34_F	89	16	75
RNA34_F	89	17	80
RNA1	100	3	766
RNA34_F	89	18	93
RNA1	100	4	315
RNA15_1	18	0	62
RNA34_F	89	19	83
RNA1	100	5	5
RNA15_1	18	1	3
RNA1	100	6	28
RNA1	100	7	1
RNA35	53	16	2
RNA14	89	54	4
RNA18	26	0	586
RNA35	64	0	2
RNA18	26	1	19
RNA34_1	63	0	6
RNA34_1	63	1	3
RNA34_1	63	2	1
RNA10_F	102	12	1
RNA28	105	0	3
RNA34_1	63	6	10
RNA5_F	100	0	2604
RNA34_1	63	7	4
RNA5_F	100	1	260
RNA34_1	63	8	1
RNA10_F	102	15	1
RNA5_F	100	2	123
RNA5_1	73	0	2
RNA5_F	100	3	120
RNA10_F	102	17	2
RNA5_F	100	4	100
RNA10_F	102	18	1
RNA2	52	0	1
RNA5_F	100	5	106
RNA10_F	102	19	1
RNA5_F	100	6	118
RNA5_F	100	7	118
RNA2	52	3	1
RNA5_F	100	8	119
RNA2	52	4	2
RNA5_F	100	9	167
RNA2	52	7	3
LSUB	58	10	2
RNA2	52	8	2
RNA10_1	92	10	3
RNA2	52	9	12
RNA10_1	92	11	1
RNA10_F	97	0	11
RNA10_F	97	1	1
LSUB	58	13	1
LSUB	58	16	1
RNA10_F	97	5	1
RNA7	97	0	140
LSUC	36	0	34
RNA7	97	1	20
LSUB	58	18	1
LSUC	36	1	5
RNA10_F	97	7	3
RNA7	97	2	19
LSUC	36	2	2
RNA10_F	97	8	1
RNA7	97	3	14
LSUC	36	3	3
RNA10_F	97	9	1
RNA7	97	4	7
LSUC	36	4	1
RNA7	97	5	12
LSUC	36	5	2
RNA7	97	6	16
LSUC	36	6	2
RNA7	97	7	5
SSUF_2	86	31	4
LSUC	36	7	3
RNA7	97	8	10
LSUC	36	8	5
RNA23t_2	43	0	1925
RNA7	97	9	10
LSUC	36	9	3
RNA33_1	57	5	1
RNA23t_2	43	1	3019
RNA6	86	0	1
RNA23t_2	43	2	23
RNA6	86	12	1
RNA6	86	1	1
RNA6	86	2	1
RNA17	57	10	84
RNA17	57	11	124
RNA6	86	15	1
RNA6	86	4	1
RNA17	57	12	66
RNA17	57	13	1
RNA34_F	105	23	1
RNA17	57	14	32
RNA1	103	0	11
RNA17	57	15	175
RNA6	86	8	1
RNA1	103	1	1
RNA17	57	16	8003
RNA16	40	20	4
RNA17	57	17	163
RNA23t_1	32	0	16
RNA1	103	3	17
RNA2	112	13	1
RNA17	57	18	12
RNA23t_1	32	1	21
RNA1	103	4	4
RNA17	57	19	2
RNA23t_1	32	3	1
RNA1	103	6	46
RNA2	112	16	1
RNA39	39	15	2
RNA23t_1	32	4	84
RNA1	103	7	33
RNA10_F	111	6	1
RNA39	39	16	1
RNA23t_1	32	5	1
RNA1	103	8	2
RNA34_F	89	20	46
RNA23t_1	32	6	2
RNA1	103	9	2
RNA34_F	89	21	80
RNA23t_1	32	7	7
RNA10_F	111	9	1
RNA34_F	89	22	43
RNA23t_1	32	8	1
RNA34_F	89	23	193
RNA23t_1	32	9	1
RNA34_F	89	24	930
RNA38	81	0	1
RNA34_F	89	25	6035
RNA34_F	89	26	1036
RNA34_F	89	27	19
RNA11_F	98	10	1
RNA18	29	0	540
RNA11_F	98	11	2
RNA35	67	0	1
RNA18	29	1	19
RNA34_1	66	0	5
RNA18	29	2	48
RNA7	121	18	1
RNA34_1	66	1	2
RNA18	29	3	30
RNA34_1	66	2	2
RNA18	29	4	17
RNA11_F	98	15	35
RNA34_1	66	3	1
RNA11_F	98	17	1
RNA37	70	0	1
SSUB	130	11	10
RNA11_F	98	18	1
RNA5_F	103	0	376
RNA34_1	66	6	1
RNA28	108	1	2
RNA5_F	103	1	117
RNA35	67	8	1
RNA5_F	103	2	1623
RNA34_1	66	8	1
RNA5_F	103	3	289
RNA5_1	76	1	1
RNA34_1	66	9	24
RNA11_F	99	40	1
RNA5_F	103	4	123
RNA11_F	99	41	1
RNA5_F	103	5	28
RNA2	55	0	9
RNA5_F	103	6	13
LSUC	50	13	1
RNA2	55	1	3
RNA5_F	103	7	10
RNA5_F	103	8	16
LSUC	50	15	5
RNA5_F	103	9	18
LSUC	50	16	1
RNA5_1	76	8	1
RNA2	68	10	2
RNA2	68	11	2
RNA2	55	6	1
RNA2	68	12	1
RNA33_2	99	17	1
RNA2	55	8	5
RNA2	55	9	22
RNA28	80	20	1
RNA33_F	69	10	2
RNA29	97	19	1
LSUC	39	0	12
RNA39	71	16	1
LSUC	39	1	1
LSUC	39	3	3
RNA11_1	79	16	2
RNA32_1	32	5	4
SSUD	103	10	1
LSUC	39	6	3
LSUB	58	21	1
SSUD	103	12	1
SSUF_2	85	11	2
LSUC	39	8	2
RNA23t_2	46	0	2236
LSUC	39	9	3
RNA23t_2	46	1	4
RNA6	89	0	90
RNA23t_2	46	2	597
SSUD	103	15	1
RNA6	89	1	10
RNA23t_2	46	3	1
SSUF_2	85	15	3
RNA23t_2	46	4	12
SSUD	103	17	1
SSUF_2	85	16	5
RNA6	89	3	4
SSUD	103	18	1
SSUF_2	85	17	1
RNA23t_2	46	6	1
RNA8	92	0	2423
SSUF_2	85	18	2
RNA6	89	5	3
RNA8	92	1	19
RNA6	89	6	1
RNA23t_2	46	8	1
RNA1	106	0	13
RNA8	92	3	1
RNA1	106	1	2
RNA10_F	114	0	4
RNA8	92	4	3
RNA23t_1	35	0	13
RNA10_F	114	1	3
RNA33_2	52	0	1
RNA8	92	6	2
RNA1	106	4	2
RNA10_F	81	0	5
RNA23t_1	35	3	3
RNA10_F	81	1	13
RNA23t_1	35	4	5
RNA1	106	6	6
RNA10_F	114	5	2
RNA10_F	81	2	1
RNA6	86	22	1
RNA1	106	7	3
RNA10_F	81	3	5
RNA28	48	10	4
RNA23t_1	35	6	3
RNA10_F	81	4	4
RNA17	57	20	1
RNA6	86	24	1
RNA28	48	11	4
RNA23t_1	35	7	154
RNA1	106	9	19
RNA10_F	81	5	2
RNA7	81	0	205
RNA17	57	21	2
RNA28	48	12	5
RNA23t_1	35	8	1
RNA10_F	114	9	5
RNA10_F	81	6	1
RNA7	81	1	86
LSUC	20	0	3
RNA28	48	13	1
RNA7	81	2	1308
RNA28	48	14	1
RNA38	84	0	2
RNA10_F	81	8	1
RNA7	81	3	23
RNA38	84	1	1
RNA7	81	4	14
RNA33_1	41	0	26
LSUB	22	0	403
RNA7	81	5	7
RNA33_1	41	1	7
LSUB	22	1	2
RNA39	39	21	6
RNA33_1	41	2	2
RNA7	81	7	7
RNA33_1	41	3	2
RNA7	81	8	12
RNA7	81	9	21
RNA33_1	41	5	1
RNA34_1	69	0	12
RNA33_1	41	6	4
RNA34_1	69	1	6
RNA34_1	69	2	1
RNA34_F	89	30	4
RNA33_1	41	8	1
RNA34_1	69	3	1
RNA34_F	89	31	1
RNA33_1	41	9	1
RNA37	73	0	4
RNA34_1	69	4	1
RNA34_1	69	5	1
RNA5_F	106	0	81
RNA34_1	69	6	1
RNA5_F	106	1	17
RNA34_1	69	7	2
SSUF_1	36	10	205
RNA5_F	106	2	349
SSUF_1	36	11	53
RNA5_F	106	3	403
RNA37	73	5	1
RNA34_1	69	9	3
SSUF_1	36	12	87
RNA5_F	106	4	703
RNA5_F	106	5	584
RNA2	58	0	5
RNA5_F	106	6	11
RNA23t_F	72	10	1
RNA5_F	106	7	3
RNA5_1	79	5	2
RNA23t_F	72	11	1
RNA5_F	106	8	2
RNA23t_F	72	12	20
RNA5_F	106	9	1
RNA2	58	4	1
RNA43	74	16	1
RNA11_F	90	0	579
RNA2	58	6	1
RNA9	140	0	7
RNA11_F	90	1	64
RNA11_F	98	28	1
RNA9	140	1	1
RNA11_F	90	2	81
RNA2	58	8	1
RNA11_F	90	3	74
RNA2	58	9	5
RNA11_F	90	4	248
RNA23t_F	72	19	1
RNA11_F	90	5	368
RNA9	140	5	1
RNA11_F	90	6	47
RNA9	140	6	2
RNA11_F	90	7	43
RNA11_F	90	8	1
RNA11_F	90	9	1
RNA34_1	50	0	195
RNA9	140	9	69
RNA34_1	50	1	16
RNA34_1	50	3	4
RNA34_1	50	4	5
RNA34_1	50	5	11
RNA34_1	50	6	3
RNA23t_2	49	0	672
RNA23t_2	49	1	54
RNA5_1	60	0	201
RNA23t_2	49	2	6
RNA23t_2	49	3	29
RNA5_1	60	2	2
RNA23t_2	49	4	5
RNA23t_1	53	10	1
RNA23t_2	49	5	84
RNA33_2	42	11	3
RNA23t_1	53	11	4
RNA33_2	42	12	1
RNA8	95	0	79
RNA23t_1	53	12	2
RNA23t_2	49	7	5
RNA8	95	1	1415
RNA23t_1	53	13	1
RNA23t_2	49	8	2
RNA5_1	60	7	5
RNA8	95	2	1
RNA1	109	0	31
RNA23t_1	53	14	4
RNA23t_2	49	9	1
RNA43	103	10	2
RNA8	95	3	17
RNA1	109	1	6
RNA23t_1	53	15	7
RNA10_F	117	0	1
RNA39	98	0	1
RNA5_1	60	9	1
SSUD	103	20	1
RNA23t_1	38	0	71
RNA8	95	4	5
RNA23t_1	53	16	9
RNA23t_1	38	1	9
RNA8	95	5	5
RNA23t_1	53	17	2
LSUB	58	32	1
SSUD	103	22	1
RNA8	95	6	1
RNA23t_1	38	2	5
RNA1	109	4	8
RNA23t_1	53	18	1
RNA10_F	84	0	107
RNA8	95	7	6
RNA33_2	42	19	14
RNA23t_1	38	3	6
RNA10_F	84	1	158
SSUD	103	24	1
RNA23t_1	38	4	3
RNA1	109	6	1
RNA10_F	117	5	2
RNA10_F	84	2	19
RNA23t_1	38	5	2
RNA10_F	84	3	7
RNA23t_1	38	6	12
RNA1	109	8	1
RNA10_F	117	7	1
RNA10_F	84	4	9
SSUD	103	27	1
RNA23t_1	38	7	20
RNA1	109	9	11
RNA10_F	84	5	1
RNA7	84	0	255
RNA23t_1	38	8	3
RNA10_F	84	6	7
RNA7	84	1	22
RNA23t_1	38	9	6
RNA34_F	104	11	1
RNA10_F	84	7	2
RNA7	84	2	1
RNA33_2	55	8	1
RNA38	87	0	1
RNA34_F	104	12	1
RNA10_F	84	8	2
RNA7	84	3	8
RNA38	87	1	1
RNA34_F	104	13	2
RNA7	84	4	638
RNA33_1	44	0	8
LSUB	25	0	123
RNA7	84	5	2790
RNA33_1	44	1	3
LSUB	25	1	3
RNA7	84	6	39
RNA33_1	44	2	2
LSUB	25	2	1
RNA7	84	7	44
RNA33_1	44	3	1
RNA7	84	8	2
RNA33_1	44	4	2
LSUB	25	4	1
RNA7	84	9	30
RNA34_F	104	19	1
RNA33_1	44	6	1
RNA33_1	44	7	1
RNA34_F	105	40	2
RNA34_F	88	10	286
RNA34_F	105	41	10
RNA33_1	44	9	1
RNA34_F	88	11	249
RNA34_F	105	42	2
RNA37	76	1	1
RNA34_F	88	12	227
RNA5_F	109	0	228
RNA34_F	88	13	224
RNA5_F	109	1	35
RNA34_F	88	14	181
RNA5_F	109	2	222
RNA34_F	88	15	195
RNA5_F	109	3	212
RNA34_F	88	16	208
RNA13	70	15	1
RNA32_F	49	13	2
RNA5_F	109	4	166
RNA34_F	88	17	199
RNA5_F	109	5	202
RNA34_F	88	18	200
RNA32_F	49	15	4
RNA5_F	109	6	11
RNA34_F	88	19	158
RNA32_F	49	16	1
RNA5_F	109	7	1
RNA13	70	19	1
RNA35	52	14	1
RNA35	52	15	1
RNA11_F	93	0	803
RNA9	143	0	8
RNA11_F	93	1	49
RNA9	143	1	2
RNA14	88	53	2
RNA11_F	93	2	33
RNA11_F	93	3	29
RNA11_F	93	4	40
RNA11_F	93	5	69
RNA11_F	93	6	19
RNA11_F	93	7	7
RNA11_F	93	8	3
RNA9	143	8	1
RNA11_F	93	9	1
RNA34_1	53	0	109
RNA34_1	53	1	227
RNA34_1	53	2	26
RNA34_1	53	3	3
RNA34_1	69	11	1
RNA34_1	69	12	78
RNA34_1	69	13	110
RNA34_1	53	6	1
RNA34_1	69	14	2
RNA34_1	53	7	1
RNA34_1	69	15	1
RNA5_1	63	0	195
RNA34_1	53	8	2
RNA34_1	69	16	4
RNA5_1	63	1	3
RNA34_1	53	9	1
RNA34_1	69	17	23
RNA10_F	101	16	8
RNA17	150	0	38
RNA34_1	69	18	3
RNA10_F	101	17	3
RNA17	150	1	2
RNA34_1	69	19	2
RNA10_F	101	18	1
RNA30	74	10	1
RNA17	150	4	1
RNA30	74	11	1
RNA8	98	0	42
RNA30	74	12	2
RNA8	98	1	624
RNA5_1	63	8	1
RNA8	98	2	2
RNA8	98	3	6
RNA8	98	4	7
RNA8	98	5	11
LSUB	57	12	2
RNA8	98	6	60
RNA10_F	87	0	105
RNA8	98	7	11
RNA10_F	87	1	9
RNA42	144	1	2
LSUB	57	14	2
RNA30	74	19	5
RNA8	98	8	8
RNA10_F	87	2	117
LSUB	57	15	2
RNA10_F	87	3	589
RNA10_F	87	4	112
RNA7	87	0	512
RNA35	113	8	1
RNA10_F	87	5	61
RNA7	87	1	94
LSUC	26	0	5
RNA23t_1	53	21	2
RNA10_F	87	6	12
RNA7	87	2	56
LSUC	26	1	1
RNA23t_1	53	22	2
RNA10_F	87	7	3
RNA7	87	3	115
RNA33_2	58	9	1
RNA23t_1	53	23	2
RNA10_F	87	8	4
RNA7	87	4	38
RNA10_F	87	9	3
RNA7	87	5	8
LSUC	26	4	1
RNA33_1	47	0	8
RNA23t_1	53	25	36
LSUB	28	0	33
RNA9	90	0	15
RNA7	87	6	44
LSUC	26	5	60
LSUB	28	1	1
RNA7	87	7	1259
SSUD	103	31	34
SSUF_2	85	30	2
LSUB	28	2	227
RNA9	90	2	3
RNA7	87	8	12028
LSUC	26	7	4
RNA23t_1	53	28	3
LSUB	28	3	6
RNA9	90	3	3
RNA7	87	9	212
LSUB	28	4	5
RNA9	90	4	3
LSUB	28	5	8
RNA9	90	5	1
LSUB	28	6	33
RNA9	90	6	4
LSUB	28	7	17
RNA9	90	7	1
RNA17	56	10	205
RNA34_F	104	20	1
RNA17	56	11	120
RNA17	56	12	8
RNA30	25	0	429
RNA17	56	13	62
RNA30	25	1	6
RNA34_F	104	23	1
RNA17	56	14	329
RNA17	56	15	18003
RNA10_F	101	0	2
RNA17	56	16	368
RNA10_F	101	1	1
RNA39	82	1	1
RNA17	56	17	29
RNA10_F	101	2	1
RNA17	56	18	2
RNA10_F	101	3	1
RNA14	87	11	58
RNA17	56	19	1
RNA14	87	12	1
RNA14	87	15	1
RNA34_F	88	20	240
RNA11_F	96	0	279
RNA10_F	101	8	2
RNA34_F	88	21	106
RNA11_F	96	1	22
RNA9	146	0	3
RNA34_F	88	22	277
RNA11_F	96	2	1
RNA34_F	88	23	2013
RNA11_F	96	3	8
RNA7	120	10	1
RNA34_F	88	24	16312
RNA11_F	96	4	59
RNA9	146	3	1
RNA34_F	88	25	2848
RNA6	70	0	168
RNA11_F	96	5	128
RNA34_F	88	26	62
RNA6	70	1	28
RNA11_F	96	6	40
RNA34_F	88	27	7
RNA6	70	2	13
RNA11_F	96	7	6
RNA6	70	3	19
RNA11_F	96	8	1
RNA9	146	7	1
RNA34_F	88	29	6
RNA6	70	4	9
RNA6	70	5	7
RNA34_1	56	0	13094
RNA6	70	6	10
RNA7	120	18	1
RNA34_1	56	1	40
RNA6	70	7	14
RNA6	70	8	692
RNA34_1	56	3	1
RNA6	70	9	156
RNA34_1	56	4	7
RNA34_1	56	6	1
RNA5_1	66	0	11
RNA34_1	56	8	1
RNA5_1	66	1	101
RNA34_1	56	9	2
RNA11_F	98	40	4
RNA5_1	66	3	3
RNA5_1	66	6	5
RNA8	119	10	26
RNA8	119	11	12
RNA2	67	10	2
RNA29	96	11	2
RNA5_1	66	9	1
RNA8	119	12	1482
RNA2	67	11	1
RNA29	96	12	1
RNA8	119	13	38
RNA2	67	12	3
RNA35	51	0	8
RNA8	119	14	13
RNA8	119	15	2
RNA13	38	10	65
RNA2	67	15	1
RNA2	67	16	2
RNA42	147	4	1
LSUC	29	0	82
LSUC	29	1	5
LSUC	29	2	4
LSUC	29	3	4
RNA9	93	0	11
LSUC	29	4	17
SSUD	102	10	1
LSUB	57	21	1
RNA9	93	2	3
SSUD	102	11	1
RNA9	93	3	3
LSUC	29	7	6
LSUC	29	8	1397
RNA23t_2	36	0	413
SSUD	102	13	1
LSUC	29	9	1
RNA23t_2	36	1	78
SSUD	102	14	1
RNA9	93	6	1
SSUF_2	84	13	3
RNA23t_2	36	2	3
RNA9	93	7	3
SSUD	102	16	2
SSUF_2	84	15	4
SSUD	102	17	2
SSUF_2	84	16	2
RNA30	28	0	67
SSUD	102	18	1
SSUF_2	84	17	1
RNA30	28	1	3
RNA30	28	2	3
RNA30	28	3	4
RNA10_F	104	0	1
RNA43	103	32	1
RNA23t_1	25	0	27
RNA10_F	104	1	1
RNA23t_1	25	1	1
RNA10_F	104	2	1
RNA33_2	42	0	3
RNA23t_1	25	2	1
RNA10_F	71	0	33
RNA33_2	42	1	1
RNA10_F	71	1	2
RNA33_2	42	2	1
RNA10_F	104	5	1
RNA33_2	42	3	1
RNA28	47	10	3
RNA28	47	11	5
RNA33_1	49	14	1
RNA11_F	99	0	284
RNA9	149	0	5
RNA11_F	99	1	7
RNA9	149	1	2
RNA11_F	99	2	2
RNA11_F	99	3	11
RNA33_1	49	18	8
RNA6	73	0	129
RNA11_F	99	4	13
RNA33_1	49	19	1
RNA6	73	1	19
RNA33_1	31	0	11
RNA11_F	99	5	39
RNA34_F	104	35	1
RNA39	38	20	6
RNA6	73	2	12
RNA33_1	31	1	2
RNA11_F	99	6	28
RNA6	73	3	7
RNA33_1	31	2	1
RNA11_F	99	7	4
RNA34_F	104	37	1
RNA6	73	4	4
RNA33_1	31	3	1
RNA6	73	5	7
RNA34_F	104	39	2
RNA10_1	59	10	1
RNA6	73	6	15
RNA34_1	59	0	6
RNA14	87	24	1
RNA6	73	7	6
RNA33_1	31	6	1
RNA34_1	59	1	1
RNA6	73	8	6
RNA33_1	31	7	25
RNA6	73	9	7
RNA33_1	31	8	52
RNA34_1	59	3	6
RNA33_1	31	9	50
RNA34_1	59	5	3
SSUF_1	35	10	78
RNA34_1	59	7	5
SSUF_1	35	11	94
RNA5_1	69	0	8
RNA34_1	59	8	4
RNA34_1	59	9	1
RNA23t_F	71	10	1
RNA23t_F	71	11	47
RNA5_1	69	6	2
RNA23t_F	71	12	3
RNA5_1	69	8	1
RNA5_1	69	9	2
RNA11_F	80	0	1082
RNA23t_1	110	7	1
RNA11_F	80	1	248
RNA35	54	0	2
RNA11_F	80	2	101
RNA9	130	2	4
RNA11_F	80	3	117
RNA23t_F	71	18	2
RNA11_F	80	4	80
RNA11_F	80	5	106
RNA11_F	80	6	103
RNA11_F	80	7	130
RNA35	54	6	1
RNA11_F	80	8	128
RNA11_F	80	9	124
RNA35	54	9	1
RNA8	119	22	1
RNA9	96	0	24
RNA9	96	1	5
RNA2	42	0	52
RNA2	42	1	13
RNA9	96	3	1
RNA2	42	2	1
RNA23t_2	39	0	336
RNA23t_2	39	1	1
RNA5_1	50	0	459
RNA9	96	5	1
RNA23t_2	39	2	2
RNA5_1	50	1	2
RNA9	96	6	1
RNA5_1	50	2	3
RNA5_1	50	3	2
RNA5_1	50	4	1
RNA9	96	9	2
RNA23t_2	69	20	1
RNA23t_1	52	10	1
RNA33_2	41	11	1
RNA23t_1	52	11	4
RNA33_2	41	12	1
RNA23t_1	52	12	1
RNA23t_1	52	13	3
RNA30	150	119	1
RNA33_2	41	14	2
RNA23t_1	52	14	8
RNA5_1	50	9	11
RNA23t_2	69	25	2
RNA23t_1	52	15	9
RNA39	88	0	1
LSUB	57	31	1
RNA33_2	41	16	2
RNA23t_1	28	0	109
RNA23t_1	52	16	1
RNA42	128	18	1
RNA33_2	45	0	3
SSUD	102	21	5
SSUF_2	84	20	2
RNA23t_1	52	17	2
RNA10_F	107	2	1
SSUD	102	22	1
RNA33_2	41	18	21
RNA23t_1	52	18	1
RNA10_F	74	0	52
RNA43	102	14	1
RNA23t_1	28	3	5
RNA10_F	74	1	1
RNA33_2	45	3	1
RNA43	102	15	1
LSUB	144	17	1
RNA10_F	107	5	1
SSUD	102	25	1
LSUB	144	19	1
RNA34_F	103	10	6
RNA10_F	107	9	1
RNA34_F	103	11	1
SSUF_2	84	29	3
RNA34_F	103	12	2
RNA6	76	0	42
RNA6	76	1	7
RNA33_1	34	0	49
RNA6	85	13	2
RNA6	76	2	9
RNA33_1	34	1	13
RNA34_F	103	15	1
RNA6	76	3	1
RNA33_1	34	2	5
RNA34_F	103	16	1
RNA6	85	15	1
RNA33_1	34	3	3
RNA6	76	5	1
RNA33_1	34	4	7
RNA6	76	6	8
RNA33_1	34	5	1
RNA34_F	103	19	2
RNA6	76	7	1
RNA6	76	8	8
RNA33_1	34	7	4
RNA34_F	87	10	505
RNA34_F	104	40	8
RNA6	76	9	1
RNA34_F	87	11	590
RNA34_F	104	41	3
RNA33_1	34	9	19
RNA34_F	87	12	484
RNA33_1	49	26	1
RNA34_F	87	13	435
RNA34_F	87	14	404
RNA34_F	87	15	477
RNA34_F	87	16	452
RNA34_F	87	17	415
RNA34_F	87	18	335
RNA35	51	12	1
RNA34_F	87	19	561
RNA35	51	14	2
RNA11_F	97	10	3
RNA11_F	83	0	452
RNA11_F	83	1	135
RNA11_F	83	2	172
RNA11_F	97	13	1
RNA11_F	83	3	134
RNA9	133	2	7
RNA11_F	97	14	34
RNA11_F	83	4	74
RNA11_F	83	5	78
RNA11_F	83	6	61
RNA9	133	5	1
RNA11_F	97	17	1
RNA11_F	83	7	39
RNA11_F	83	8	61
RNA32_1	28	0	1
RNA11_F	97	19	1
RNA11_F	83	9	77
RNA34_1	68	10	1
RNA34_1	68	11	57
RNA9	99	1	2
RNA34_1	68	12	100
RNA2	45	0	41
RNA34_1	68	13	1
RNA2	45	1	12
RNA9	99	3	4
RNA34_1	68	14	1
RNA9	99	4	1
RNA34_1	68	15	5
RNA2	45	3	1
RNA5_1	53	0	414
RNA34_1	68	16	25
RNA10_F	100	15	8
RNA5_1	53	1	5
RNA34_1	68	17	4
RNA10_F	100	16	5
RNA5_1	53	2	44
RNA34_1	68	18	2
RNA5_1	53	3	4
RNA9	99	9	3
RNA8	88	0	170
RNA5_1	53	6	2
RNA8	88	1	3
RNA30	73	12	1
RNA8	88	2	2
RNA5_1	53	9	1
LSUB	56	11	1
RNA33_2	48	0	2
RNA10_F	77	0	19
RNA33_2	48	1	1
RNA30	150	120	1
RNA10_F	77	1	2
LSUB	56	13	2
RNA30	73	18	2
LSUB	56	14	4
RNA33_2	48	3	1
RNA10_F	77	3	1
RNA11_1	78	17	2
RNA23t_1	52	20	3
RNA23t_1	52	21	4
RNA10_F	77	7	1
LSUB	56	19	1
RNA23t_1	52	22	1
RNA6	79	0	16
RNA23t_1	52	24	85
RNA9	80	0	1
RNA6	79	1	5
RNA33_1	37	0	78
RNA9	80	1	4
SSUD	102	30	38
RNA6	79	2	1
RNA33_1	37	1	26
RNA9	80	2	2
RNA33_1	37	2	2
RNA23t_1	52	27	10
RNA6	79	4	1
RNA33_1	37	3	8
RNA6	79	5	1
RNA33_1	37	4	8
RNA9	80	5	22
RNA6	79	6	2
RNA33_1	37	5	7
RNA33_1	37	6	29
SSUD	102	36	1
RNA6	79	8	3
RNA33_1	37	7	5
RNA17	55	10	156
RNA9	80	8	3
RNA6	79	9	1
RNA33_1	37	8	3
RNA17	55	11	7
RNA33_1	37	9	5
RNA17	55	12	92
RNA34_F	103	21	1
RNA37	69	1	2
RNA17	55	13	525
RNA17	55	14	35589
RNA17	55	15	661
RNA34_F	103	24	1
RNA6	85	23	1
RNA17	55	16	70
RNA34_F	103	25	1
RNA17	55	17	4
RNA34_F	103	26	1
RNA7	71	0	25
RNA14	86	10	58
RNA17	55	18	2
RNA7	71	1	10
RNA17	55	19	1
RNA7	71	2	12
RNA34_F	103	29	1
RNA7	71	3	6
RNA14	86	13	1
RNA7	71	4	2
RNA6	85	29	1
RNA34_F	87	20	214
RNA7	71	6	5
RNA34_F	87	21	376
RNA11_F	86	0	174
RNA34_F	87	22	2898
RNA11_F	86	1	51
RNA9	136	0	9
RNA34_F	87	23	37186
RNA11_F	86	2	260
RNA9	136	1	5
RNA34_F	87	24	7179
RNA11_F	86	3	262
RNA34_F	87	25	138
RNA6	60	0	228811
RNA11_F	86	4	195
RNA34_F	87	26	14
RNA6	60	1	5146
RNA11_F	86	5	137
RNA9	136	4	1
RNA34_F	87	27	5
RNA6	60	2	4960
RNA11_F	86	6	23
RNA9	136	5	69
RNA34_F	87	28	16
RNA6	60	3	4966
RNA11_F	86	7	13
RNA9	136	6	1
RNA34_F	87	29	3
RNA6	60	4	2125084
RNA11_F	86	8	12
RNA6	60	5	15263
RNA11_F	86	9	10
RNA6	60	6	179
RNA34_1	46	0	99
RNA6	60	7	27
RNA34_1	46	1	221
RNA6	60	8	11
RNA34_1	46	2	1
RNA6	60	9	17
RNA2	48	0	47
RNA2	48	1	11
RNA2	48	2	2
RNA2	48	3	2
RNA5_1	56	0	1268
RNA36	52	0	1
RNA5_1	56	1	14
RNA5_1	56	3	2
RNA5_1	56	6	1
RNA8	118	10	19
RNA8	118	11	3011
RNA2	66	10	8
RNA5_1	56	9	1
RNA8	118	12	46
RNA34_1	68	22	1
RNA33_2	97	15	1
RNA2	66	11	3
RNA8	118	13	12
RNA2	66	12	1
RNA8	118	14	7
RNA35	41	0	10
RNA2	66	13	1
RNA35	41	1	3
RNA8	118	15	1
RNA2	66	14	3
RNA35	41	2	2
RNA35	41	3	2
RNA35	41	5	1
RNA35	41	6	2
RNA35	41	7	2
RNA35	41	8	1
RNA35	41	9	2
RNA9	83	1	1
SSUD	101	10	3
SSUD	101	11	2
SSUF_2	83	10	1
SSUD	101	12	2
LSUB	56	23	1
RNA9	83	4	1
SSUF_2	83	11	2
SSUD	101	13	3
RNA9	83	5	2
RNA9	83	6	3
SSUF_2	83	13	1
SSUF_2	83	14	5
SSUD	101	16	6
RNA9	83	8	68
SSUD	101	17	1
RNA9	83	9	6
SSUD	101	18	1
SSUD	101	19	1
RNA39	75	0	3
RNA7	74	0	15
RNA33_2	32	0	1
RNA7	74	1	5
RNA33_2	32	1	2
RNA7	74	2	9
SSUD	102	44	1
RNA33_1	48	10	1
RNA31_F	144	14	2
RNA7	74	3	1
RNA7	74	4	3
RNA33_1	48	12	2
RNA7	74	5	5
RNA28	46	10	3
RNA7	74	6	1
RNA11_F	89	0	540
RNA7	74	7	2
RNA9	139	0	5
RNA11_F	89	1	47
RNA7	74	8	4
RNA8	150	10	1
RNA9	139	1	2
RNA11_F	89	2	105
RNA7	74	9	19
RNA33_2	32	9	11
RNA8	150	11	1
RNA33_1	48	17	16
RNA11_F	89	3	133
RNA9	139	3	1
RNA33_1	48	18	2
RNA6	63	0	1667
RNA11_F	89	4	302
RNA6	63	1	5595
RNA33_1	21	0	5
RNA11_F	89	5	349
RNA8	150	14	1
RNA9	139	5	1
RNA6	63	2	201
RNA11_F	89	6	75
RNA6	63	3	41
RNA11_F	89	7	11
RNA14	86	21	1
RNA6	63	4	9
RNA11_F	89	8	3
RNA9	139	8	112
RNA6	63	5	20
RNA11_F	89	9	4
RNA34_F	103	39	14
RNA9	139	9	1
RNA6	63	6	24
RNA34_1	49	0	196
RNA6	63	7	3912
RNA34_1	49	1	10
RNA6	63	8	246
RNA34_1	49	2	2
RNA32_F	48	14	3
RNA6	63	9	22
RNA34_1	49	3	5
RNA32_F	48	15	3
RNA34_1	49	4	12
RNA32_F	48	16	1
RNA10_1	58	15	1
RNA34_1	49	5	7
RNA32_F	48	17	3
SSUF_1	34	10	93
RNA36	55	0	1
RNA5_1	59	0	17
RNA5_1	59	1	115
RNA36	55	2	1
LSUB	150	0	3
RNA5_1	59	3	2
LSUB	150	1	2
RNA5_1	59	4	1
RNA23t_F	70	10	64
RNA23t_F	70	11	3
RNA5_1	59	6	1
RNA17	146	5	1
RNA23t_F	70	12	1
RNA11_F	97	30	1
RNA5_1	59	8	1
LSUB	150	6	1
RNA17	146	7	1
RNA11_F	70	0	1123
RNA11_F	70	1	183
RNA23t_F	70	15	1
RNA11_F	70	2	110
RNA35	44	0	15
RNA11_F	70	3	111
RNA23t_F	70	17	1
RNA35	44	1	1
RNA11_F	70	4	81
RNA23t_F	70	18	1
RNA11_F	70	5	74
RNA9	149	18	7
RNA11_F	70	6	74
RNA11_F	70	7	54
RNA11_F	70	8	357
RNA11_F	70	9	391
RNA35	44	7	1
RNA9	120	9	8
RNA9	86	0	28
RNA9	86	1	4
RNA9	86	2	1
RNA9	86	4	1
RNA9	86	5	1
RNA9	86	6	1
SSUB	150	0	491
RNA9	86	8	3
SSUB	150	1	9
RNA9	86	9	1
RNA33_2	40	10	4
SSUB	150	2	32
RNA23t_1	51	10	5
RNA33_2	40	11	1
SSUB	150	3	8
RNA23t_1	51	11	2
RNA33_2	40	12	2
SSUB	150	4	4
RNA23t_1	51	12	5
SSUB	150	5	7
RNA23t_1	51	13	15
SSUB	150	6	2
RNA23t_1	51	14	12
RNA39	78	0	2
LSUB	56	30	3
SSUB	150	7	2
RNA23t_1	51	15	2
SSUD	101	20	2
RNA39	78	1	1
RNA7	77	0	437
RNA23t_1	51	16	1
RNA7	77	1	24
RNA33_2	35	0	10
RNA33_2	40	17	26
RNA23t_1	51	17	7
SSUD	101	22	1
LSUB	56	33	1
RNA33_2	35	1	3
RNA43	101	13	1
RNA23t_1	51	18	2
RNA23t_1	51	19	11
SSUD	101	25	1
RNA7	77	5	1
RNA7	77	6	5
RNA7	77	7	1
RNA7	77	8	6
SSUD	101	29	29
RNA7	77	9	7
SSUF_2	83	28	2
RNA34_F	102	11	1
RNA34_F	102	12	2
RNA6	84	12	1
RNA6	66	0	199
RNA34_F	102	13	3
RNA6	84	13	1
RNA6	66	1	10
RNA33_1	24	0	5
RNA6	84	14	3
RNA6	66	2	23
RNA33_1	24	1	2
RNA6	84	15	1
SSUF_2	84	51	1
RNA6	66	3	17
RNA34_F	102	16	2
RNA6	66	4	545
RNA34_F	102	17	2
RNA6	66	5	150
RNA34_F	102	18	1
RNA6	84	18	1
RNA33_1	48	21	1
RNA6	66	6	15
RNA34_F	102	19	1
RNA6	66	7	18
RNA2	110	10	3
RNA39	37	10	1
RNA6	66	8	5
RNA34_F	86	10	886
RNA33_1	48	24	1
RNA34_F	103	40	2
RNA6	66	9	9
RNA39	37	12	1
RNA34_F	86	11	747
RNA8	150	20	1
RNA34_F	86	12	646
RNA2	110	14	1
RNA34_F	86	13	567
RNA34_F	86	14	664
RNA34_F	86	15	561
RNA39	37	17	1
RNA8	150	24	1
RNA34_F	86	16	701
RNA17	149	0	4
RNA34_F	86	17	520
RNA39	37	19	27
RNA17	149	1	1
RNA34_F	86	18	756
RNA34_F	86	19	321
RNA11_F	73	0	3384
RNA11_F	73	1	722
RNA9	123	0	1
SSUE_2	63	12	1
RNA11_F	96	12	2
RNA11_F	73	2	460
RNA35	47	0	10
RNA11_F	96	13	73
RNA11_F	73	3	385
RNA11_F	73	4	232
RNA11_F	73	5	240
RNA11_F	73	6	321
RNA11_F	73	7	228
RNA11_F	73	8	207
RNA11_F	73	9	310
RNA3	109	16	2
RNA34_1	67	10	30
RNA9	89	0	14
RNA34_1	67	11	67
RNA3	109	18	5
RNA9	89	1	4
RNA34_1	67	12	4
RNA9	89	2	2
RNA34_1	67	14	10
RNA34_1	67	15	44
RNA34_1	67	16	8
RNA9	89	6	1
RNA34_1	67	17	2
RNA34_1	67	18	3
RNA34_1	67	19	1
RNA9	89	9	1
RNA30	72	14	1
RNA33_2	38	0	6
LSUC	19	0	8
RNA30	72	16	1
RNA23t_2	68	10	1
RNA33_2	38	1	2
RNA30	72	17	6
RNA33_2	38	2	2
RNA23t_2	68	15	1
RNA23t_1	51	20	10
RNA23t_1	51	21	4
RNA23t_1	51	22	4
RNA23t_2	68	19	4
RNA23t_1	51	23	227
RNA6	69	0	165
RNA9	70	0	388
RNA6	69	1	30
RNA33_1	27	0	6
SSUD	101	30	1
RNA9	70	1	14
RNA6	69	2	13
SSUF_2	122	0	3
RNA23t_1	51	26	11
RNA9	70	2	5
RNA6	69	3	19
RNA29	102	12	1
RNA6	69	4	9
RNA33_1	27	3	3
RNA9	70	4	2
RNA6	69	5	13
RNA33_1	27	4	2
RNA9	70	5	2
RNA6	69	6	12
RNA6	69	7	613
RNA6	69	8	142
RNA33_1	27	7	3
RNA17	54	10	11
RNA6	69	9	20
RNA17	54	11	119
RNA9	70	9	4
RNA34_F	102	20	1
RNA6	84	20	1
RNA17	54	12	665
RNA17	54	13	56415
RNA6	84	22	6
RNA17	54	14	1149
RNA17	54	15	88
RNA17	54	16	18
RNA39	62	0	3
RNA17	54	17	11
RNA17	54	18	8
RNA39	62	3	3
RNA6	84	28	2
SSUE_F	91	1	1
RNA14	85	15	1
RNA34_F	86	20	503
RNA34_F	86	21	2694
RNA11_F	76	0	6936
RNA8	150	30	1
RNA14	85	17	1
RNA34_F	86	22	63547
RNA11_F	76	1	2061
RNA34_F	86	23	18056
RNA11_F	76	2	984
RNA34_F	86	24	406
RNA11_F	76	3	1142
RNA34_F	86	25	30
RNA6	50	0	139
RNA11_F	76	4	617
RNA34_F	86	26	13
RNA6	50	1	26
RNA11_F	76	5	582
RNA34_F	86	27	33
RNA6	50	2	14
RNA11_F	76	6	746
RNA34_F	86	28	13
RNA11_F	76	7	818
RNA11_F	76	8	529
RNA11_F	76	9	925
RNA11_F	96	20	1
RNA36	42	0	1
RNA36	42	3	1
RNA29	94	10	1
RNA34_1	67	20	1
RNA2	65	10	7
RNA2	65	11	5
RNA2	65	12	1
RNA35	31	0	493
RNA2	65	13	5
RNA35	31	1	79
RNA35	31	2	17
RNA2	65	15	1
RNA35	31	3	51
RNA35	31	4	162
RNA35	31	5	144
RNA35	31	6	28
RNA35	31	7	22
RNA35	31	8	45
RNA5_1	40	0	1475
RNA35	31	9	9091
RNA5_1	40	1	12549
RNA5_1	40	2	11
RNA9	73	0	13
RNA9	73	1	21
SSUD	100	10	3
RNA5_1	40	4	11
RNA23t_2	68	20	1
SSUD	100	11	4
SSUF_2	82	10	3
SSUD	100	12	1
RNA5_1	40	6	2
SSUF_2	82	11	1
RNA3	141	3	1
SSUD	100	13	1
SSUF_2	82	12	2
SSUD	100	14	7
RNA5_1	40	8	4
SSUF_2	82	13	5
RNA23t_2	68	24	1
SSUD	100	15	3
SSUF_2	82	14	3
SSUD	100	16	1
RNA9	73	8	1
SSUF_2	82	15	2
RNA9	73	9	2
SSUD	100	17	3
SSUD	100	18	1
SSUF_2	82	17	2
RNA33_2	98	75	1
SSUD	100	19	5
SSUF_2	82	18	4
RNA29	102	20	1
RNA7	64	0	105
RNA7	64	1	5
RNA31_F	143	13	3
RNA33_1	47	10	2
RNA31_F	143	14	1
RNA33_1	47	11	1
RNA33_1	47	12	1
RNA11_F	79	0	1757
RNA9	129	0	2
RNA11_F	79	1	354
RNA9	129	1	1
RNA33_1	47	16	25
RNA11_F	79	2	145
RNA9	129	2	1
RNA33_1	47	17	3
RNA11_F	79	3	144
RNA6	53	0	631
RNA11_F	79	4	133
RNA34_F	102	34	1
RNA6	53	1	54
RNA11_F	79	5	136
RNA6	53	2	59
RNA11_F	79	6	122
RNA6	53	3	957
RNA11_F	79	7	151
RNA6	53	4	684
RNA11_F	79	8	194
RNA34_F	102	38	12
RNA6	53	5	90
RNA11_F	79	9	140
RNA34_F	102	39	5
RNA32_F	47	13	8
RNA14	85	26	1
RNA32_F	47	14	3
RNA10_1	57	13	1
RNA10_1	57	14	2
RNA8	150	41	1
RNA15_1	65	10	1
RNA35	50	13	1
RNA8	150	43	22
RNA8	150	44	1
RNA8	150	45	2
RNA36	45	1	2
RNA35	50	17	1
RNA14	86	51	1
RNA17	111	72	1
RNA35	34	0	179
RNA35	34	1	37
RNA9	148	17	5
RNA35	34	2	4
RNA35	34	3	7
RNA35	34	4	8
RNA11_F	96	38	3
RNA35	34	5	9
RNA35	34	6	7
RNA35	34	7	14
RNA35	34	8	6
RNA5_1	43	0	101
RNA35	34	9	4
RNA5_1	43	2	14
RNA9	76	0	248
SSUF_2	128	0	1
RNA9	76	1	2972
RNA5_1	43	4	11
RNA9	76	2	15
RNA5_1	43	5	3
RNA9	76	3	1
RNA9	76	4	16
RNA5_1	43	7	3
SSUB	140	0	11
RNA5_1	43	9	2
SSUB	140	1	5
LSUB	55	10	3
RNA19	63	12	1
RNA9	76	8	1
SSUB	140	2	4
RNA23t_1	50	10	8
RNA9	76	9	3
SSUB	140	3	1
RNA23t_1	50	11	9
LSUB	55	12	1
RNA23t_1	50	12	14
LSUB	55	13	6
SSUB	140	5	1
RNA23t_1	50	13	18
RNA23t_1	50	14	8
LSUB	55	15	1
SSUB	140	7	1
RNA23t_1	50	15	9
RNA39	68	0	1
LSUB	55	16	1
SSUD	100	20	1
SSUB	140	8	2
RNA23t_1	50	16	11
RNA7	67	0	46
RNA43	100	11	1
SSUB	140	9	4
RNA23t_1	50	17	3
RNA7	67	1	26
SSUD	100	21	1
RNA23t_1	50	18	26
RNA7	67	2	3
LSUB	55	19	1
RNA23t_1	50	19	20
RNA7	67	3	7
SSUD	100	27	2
SSUD	100	28	57
SSUF_2	82	27	12
RNA34_F	101	10	4
SSUD	100	29	1
RNA34_F	101	11	3
RNA6	83	12	2
RNA6	56	0	8193
RNA34_F	101	13	1
RNA6	56	1	470
RNA34_F	101	14	1
RNA6	56	2	201
RNA34_F	101	15	2
RNA6	56	3	1861
RNA34_F	101	16	2
RNA6	56	4	1445
RNA33_1	47	20	1
RNA6	56	5	472
RNA6	56	6	27
RNA6	56	7	5
RNA39	36	10	1
RNA6	56	8	3
RNA39	36	11	1
RNA34_F	85	10	666
RNA34_F	85	11	565
RNA39	36	13	2
RNA34_F	85	12	566
RNA39	36	14	1
RNA34_F	85	13	548
RNA34_F	85	14	487
RNA39	36	16	1
RNA34_F	85	15	589
RNA34_F	85	16	492
LSUB	143	0	1
RNA39	36	18	63
RNA34_F	85	17	581
RNA39	36	19	1
RNA34_F	85	18	300
RNA34_F	85	19	392
RNA36	48	6	2
RNA11_F	95	10	1
RNA11_F	95	11	1
RNA11_F	95	12	86
RNA35	37	0	66
RNA35	37	1	6
RNA11_F	95	14	2
RNA35	37	2	3
RNA11_F	95	15	1
RNA35	37	3	8
RNA11_F	95	16	3
RNA35	37	4	8
RNA11_F	95	17	1
RNA35	37	5	5
RNA35	37	6	3
RNA35	37	8	5
RNA3	108	15	5
RNA5_1	46	0	36
RNA35	37	9	2
RNA34_1	66	10	40
RNA5_1	46	1	9
RNA34_1	66	11	5
RNA3	108	17	17
RNA9	79	0	2
RNA17	133	0	1
RNA34_1	66	12	1
RNA5_1	46	3	5
RNA9	79	1	2
RNA34_1	66	13	2
RNA34_1	66	14	50
RNA5_1	46	5	1
RNA34_1	66	15	14
RNA5_1	46	6	1
RNA9	79	4	24
RNA34_1	66	16	5
RNA5_1	46	7	4
RNA8	117	10	8410
RNA9	79	5	2
RNA34_1	66	17	2
RNA5_1	46	8	5
RNA8	117	11	100
SSUB	143	0	5
RNA8	117	12	18
RNA34_1	66	19	2
SSUB	143	1	1
RNA8	117	13	11
SSUB	143	2	1
RNA8	117	14	2
RNA8	117	15	5
RNA30	71	12	1
SSUB	143	5	2
RNA8	117	18	3
SSUB	143	8	1
RNA11_1	76	13	1
RNA30	71	16	9
SSUB	143	9	1
RNA23t_2	67	14	1
LSUB	55	20	1
RNA33_2	28	5	1
RNA23t_1	50	20	6
RNA23t_1	50	21	8
LSUB	55	22	1
RNA30	72	41	1
RNA23t_2	67	18	5
RNA23t_1	50	22	772
RNA28	127	13	1
RNA23t_2	67	19	1
RNA6	59	0	285679
RNA23t_1	50	25	35
RNA6	59	1	7087
SSUF_2	112	0	3
RNA6	59	2	5975
SSUD	100	31	1
RNA29	101	11	1
RNA6	59	3	2484331
LSUB	55	29	1
RNA29	101	12	1
RNA6	59	4	45093
RNA6	59	5	1369
RNA6	59	6	72
SSUF_2	112	5	1
RNA6	59	7	11
RNA6	59	8	14
RNA6	59	9	19
SSUF_2	112	9	2
RNA6	83	21	11
RNA34_F	101	22	1
RNA34_F	101	23	2
RNA39	52	2	1
RNA6	83	27	1
RNA34_F	85	20	1760
RNA14	84	16	1
RNA34_F	85	21	56191
RNA9	116	0	2
RNA34_F	85	22	27657
RNA34_F	85	23	953
RNA9	116	2	1
RNA34_F	85	24	85
RNA34_F	85	25	21
RNA34_F	85	26	95
RNA9	116	5	1
RNA34_F	85	27	36
RNA9	116	7	2
RNA9	116	9	1
RNA5_1	49	0	16
RNA5_1	49	1	41
RNA11_F	95	20	2
RNA5_1	49	2	1
RNA5_1	49	3	1
RNA11_F	95	22	1
RNA5_1	49	4	2
RNA5_1	49	6	3
RNA36	32	0	143
RNA36	32	1	31
RNA5_1	49	8	3
RNA11_F	60	0	85
SSUB	146	0	1
RNA43	71	16	1
RNA36	32	3	22
RNA11_F	60	1	94
RNA9	110	0	20
RNA36	32	4	1
RNA11_F	60	2	515
SSUB	146	2	1
RNA9	110	1	6
RNA11_F	60	3	27
SSUB	146	3	1
RNA11_F	60	4	1
RNA11_F	60	5	16
RNA11_F	60	6	6
RNA29	93	11	2
RNA9	110	5	3
RNA34_1	66	21	3
RNA9	110	6	9
RNA9	110	7	12
RNA11_F	60	9	3
SSUB	146	9	1
RNA9	110	8	1
RNA9	110	9	2
RNA42	117	1	1
RNA35	21	3	2
SSUF_2	115	0	4
SSUF_2	81	10	1
SSUF_2	115	3	2
RNA23t_2	67	23	5
SSUF_2	81	12	6
RNA29	94	49	1
SSUF_2	81	13	1
SSUF_2	115	6	1
SSUF_2	81	14	3
SSUF_2	81	16	2
SSUF_2	81	18	1
LSUB	149	0	1
SSUD	100	42	1
RNA31_F	142	12	1
RNA28	44	10	1
RNA6	122	0	1
RNA14	148	8	1
RNA30	39	10	44
RNA30	39	11	62
RNA30	39	12	158
RNA34_F	101	36	1
RNA30	39	13	67
RNA34_F	101	37	12
RNA30	39	14	26
RNA34_F	101	38	6
RNA14	84	22	1
RNA32_F	46	12	4
RNA32_F	46	13	8
RNA32_F	46	14	2
RNA10_1	56	13	4
RNA32_F	46	15	1
RNA32_F	46	16	1
RNA36	35	0	16
RNA14	85	50	4
RNA36	35	1	11
RNA11_F	63	0	94
SSUB	149	0	15
RNA9	113	0	4
RNA11_F	63	1	32
SSUB	149	1	1
RNA9	113	1	3
RNA36	35	4	8
RNA11_F	63	2	13
SSUB	149	2	7
RNA9	113	2	10
RNA36	35	5	16
RNA11_F	63	3	4
SSUB	149	3	13
RNA9	113	3	1
RNA36	35	6	4
RNA11_F	63	4	9
RNA9	147	10	2
SSUB	149	4	3
RNA36	35	7	1
RNA11_F	63	5	900
SSUB	149	5	2
RNA9	113	5	2
RNA36	35	8	1
RNA11_F	63	6	58
RNA9	113	6	1
RNA11_F	63	7	10
RNA11_F	63	8	22
RNA11_F	95	33	1
RNA11_F	63	9	9
RNA9	113	9	4
RNA9	147	16	16
RNA35	24	1	1
RNA35	24	2	1
RNA11_F	95	37	3
RNA5_1	33	0	22
RNA5_1	33	1	185
RNA17	120	0	2
SSUF_2	118	0	1
SSUF_2	118	5	1
SSUB	130	0	7
SSUB	130	1	3
LSUB	54	10	1
LSUB	54	11	2
SSUB	130	3	3
LSUB	54	12	4
SSUB	130	4	328
LSUB	54	13	1
LSUB	54	14	1
SSUB	130	6	10
LSUB	54	15	1
SSUB	130	7	2
RNA39	58	0	5
LSUB	54	16	3
SSUB	130	8	3
SSUB	130	9	104
LSUB	54	18	2
RNA43	39	10	1
RNA42	101	1	2
SSUE_F	87	0	1
RNA43	39	12	1
RNA39	58	5	1
SSUE_F	87	1	1
RNA9	60	0	126
RNA9	60	1	1
SSUF_2	81	26	18
RNA43	39	16	46
RNA43	39	17	2
RNA6	82	11	3
RNA6	82	12	2
RNA6	125	4	1
RNA17	53	10	162
RNA6	82	14	1
RNA17	53	11	693
RNA6	82	15	1
RNA14	129	12	2
RNA17	53	12	75893
RNA6	82	16	1
RNA17	53	13	1720
SSUF_2	145	112	1
RNA17	53	14	161
RNA6	82	18	2
RNA17	53	15	24
RNA39	35	10	1
RNA17	53	16	11
RNA39	35	11	1
RNA17	53	17	7
RNA39	35	12	4
RNA17	53	18	2
RNA39	35	13	1
RNA34_F	145	4	1
RNA36	38	0	3
RNA39	35	17	188
RNA16	94	69	1
RNA36	38	1	5
RNA34_F	145	8	1
LSUB	133	0	1
RNA11_F	66	0	280
RNA11_F	66	1	26
RNA36	38	4	1
RNA11_F	66	2	27
RNA11_F	66	3	23
SSUF_2	49	10	15
RNA36	38	6	1
RNA11_F	66	4	65
SSUF_2	49	11	10
RNA36	38	7	7
RNA11_F	66	5	45
SSUF_2	49	12	12
RNA36	38	8	2
RNA11_F	66	6	16
SSUF_2	49	13	13
RNA11_F	94	10	3
RNA11_F	66	7	36
SSUF_2	49	14	5
RNA11_F	94	11	75
RNA11_F	66	8	5625
SSUF_2	49	15	505
RNA11_F	66	9	323
RNA35	27	0	30
SSUF_2	49	16	208
RNA35	27	1	1
SSUF_2	49	17	15
SSUF_2	49	18	7
RNA35	27	3	2
SSUE_2	62	20	1
SSUF_2	49	19	1
RNA11_F	94	16	1
RNA35	27	5	38
RNA35	27	6	8
RNA35	27	7	1
RNA3	107	14	3
RNA35	27	8	9
RNA5_1	36	0	1698
RNA35	27	9	2
RNA34_1	65	10	4
RNA3	107	16	25
RNA5_1	36	1	2
RNA17	123	0	1
RNA3	107	17	1
RNA5_1	36	2	37
RNA34_1	65	12	2
RNA34_1	65	13	55
RNA34_1	65	14	13
RNA34_1	65	15	13
RNA34_1	65	16	4
RNA8	116	10	260
RNA2	64	10	13
RNA34_1	65	17	1
RNA3	137	5	1
RNA8	116	11	25
RNA2	64	11	4
RNA34_1	65	18	1
SSUB	133	0	29
RNA8	116	12	21
RNA8	116	13	3
RNA2	64	12	15
SSUB	133	1	3
RNA8	116	14	4
RNA2	64	13	2
SSUB	133	2	7
RNA2	64	14	2
SSUB	133	3	2
RNA8	116	16	1
RNA2	64	15	1
RNA30	70	11	1
SSUB	133	4	1
SSUB	133	6	9
SSUB	133	7	544
RNA8	116	19	1
RNA30	70	15	13
SSUB	133	8	7
RNA11_1	75	13	1
SSUB	133	9	21
RNA9	63	0	25
RNA9	63	1	15
RNA9	63	2	83
RNA23t_2	66	17	4
RNA9	63	3	20
RNA23t_2	66	18	1
LSUB	54	25	1
RNA6	49	0	48
RNA6	49	1	45
SSUF_2	102	0	6
RNA6	49	2	5
SSUF_2	102	1	1
LSUB	54	28	1
LSUB	54	29	2
RNA29	100	12	1
SSUF_2	102	3	1
RNA7	99	10	8
RNA7	99	11	5
RNA7	99	12	6
RNA34_F	148	0	2
RNA7	99	13	9
RNA13	136	103	1
RNA7	99	14	3
RNA7	99	15	5
RNA34_F	148	3	1
RNA6	82	20	30
RNA7	99	17	3
RNA6	82	21	4
RNA7	99	18	6
RNA33_1	46	11	1
RNA34_F	148	6	1
RNA7	99	19	223
RNA33_1	46	13	2
RNA14	135	0	2
RNA39	42	1	1
RNA33_1	46	14	1
RNA11_F	69	0	826
RNA6	82	26	3
RNA33_1	46	15	42
RNA11_F	69	1	157
RNA14	83	11	1
RNA33_1	46	16	3
RNA11_F	69	2	72
RNA11_F	69	3	80
RNA33_1	46	18	2
RNA11_F	69	4	54
RNA33_1	46	19	2
RNA11_F	69	5	67
RNA11_F	69	6	57
RNA14	83	16	1
RNA11_F	69	7	187
RNA11_F	69	8	263
RNA11_F	69	9	79
SSUF_2	49	20	3
RNA5_1	39	0	7904
RNA5_1	39	1	91
RNA11_F	94	20	1
RNA5_1	39	3	21
RNA17	126	2	1
RNA5_1	39	5	4
RNA5_1	39	7	1
RNA11_F	50	0	49
RNA11_F	94	27	1
SSUB	136	0	40
RNA9	100	0	11
RNA11_F	50	1	4
SSUB	136	1	4
RNA9	100	2	1
RNA11_F	50	3	1
SSUB	136	3	7
RNA43	70	19	1
SSUB	136	4	5
SSUB	136	5	2
RNA29	92	11	1
SSUB	136	6	1
SSUB	136	7	1
RNA9	100	7	1
SSUB	136	8	2
SSUB	136	9	3
RNA9	66	0	8
RNA9	66	1	32
RNA9	66	2	15
RNA30	70	21	1
RNA9	66	5	1
RNA9	66	6	2
RNA30	70	24	1
SSUE_2	29	10	120
SSUE_2	29	11	1164
RNA23t_2	66	22	7
SSUE_2	29	12	180
SSUF_2	105	4	1
SSUE_2	29	13	91
SSUF_2	105	5	1
RNA34_F	100	10	2
RNA7	99	20	485
RNA34_F	100	11	2
RNA7	99	21	3
RNA34_F	100	12	2
RNA34_F	100	13	5
RNA34_F	100	14	5
RNA7	99	24	1
RNA6	112	0	1
RNA34_F	100	16	1
SSUF_2	81	48	1
RNA34_F	100	17	1
RNA33_1	46	20	1
LSUB	139	9	1
RNA33_1	46	22	3
RNA30	38	10	48
RNA30	38	11	141
RNA34_F	84	10	362
RNA30	38	12	50
RNA34_F	84	11	301
RNA30	38	13	50
RNA34_F	84	12	313
RNA34_F	84	13	303
RNA34_F	84	14	310
RNA32_F	45	11	4
RNA34_F	84	15	294
RNA32_F	45	12	13
RNA10_1	55	11	1
RNA34_F	84	16	343
RNA32_F	45	13	7
RNA10_1	55	12	6
RNA34_F	84	17	203
RNA32_F	45	14	3
RNA34_F	84	18	253
RNA10_1	55	14	2
RNA34_F	84	19	911
RNA32_F	45	17	1
LSUB	120	0	1
RNA11_F	53	0	70
SSUB	139	0	9
RNA9	103	0	7
RNA11_F	53	1	1
SSUB	139	1	4
RNA9	103	1	2
RNA11_F	53	2	1
SSUB	139	2	1
RNA9	103	2	1
SSUB	139	3	2
RNA9	103	3	2
SSUB	139	4	1
RNA9	103	4	1
RNA9	146	11	1
SSUB	139	5	2
RNA11_F	53	6	1
SSUB	139	6	3
RNA9	103	7	8
RNA9	103	8	2
RNA9	146	15	32
RNA9	103	9	2
RNA11_F	94	36	9
RNA9	69	0	33
RNA9	69	1	4
RNA11_F	94	39	1
RNA9	69	2	3
RNA17	110	0	2
SSUF_2	108	0	5
RNA9	69	8	2
RNA9	69	9	9
RNA17	110	5	1
SSUF_2	108	4	1
SSUF_2	108	5	2
SSUB	120	0	101
SSUB	120	1	770
LSUB	53	10	4
LSUB	53	11	7
SSUB	120	3	1
SSUA	119	10	4
LSUB	53	13	4
SSUB	120	5	1
LSUB	53	14	3
LSUB	53	15	1
LSUB	53	16	2
SSUB	120	8	3
LSUB	53	17	1
SSUA	119	15	1
SSUA	119	17	1
RNA43	38	11	1
RNA39	48	7	2
RNA43	38	15	50
RNA6	115	0	2
RNA6	81	10	3
RNA6	81	11	1
RNA43	38	19	1
RNA6	81	12	2
RNA6	81	13	1
RNA17	52	10	609
RNA6	81	14	4
RNA17	52	11	66313
RNA17	52	12	2154
RNA17	52	13	216
RNA6	81	17	3
RNA5_F	119	10	2
RNA17	52	14	59
RNA6	81	18	1
RNA5_F	119	11	7
RNA17	52	15	13
RNA6	81	19	43
RNA34_F	100	24	2
RNA5_F	119	12	12
RNA39	34	10	4
RNA17	52	16	7
RNA5_F	119	13	1
RNA39	34	11	2
RNA17	52	17	1
RNA5_F	119	14	1
RNA39	34	12	3
RNA39	34	13	5
RNA39	34	15	4
RNA39	34	16	544
RNA36	28	0	3
RNA34_F	84	20	31050
RNA36	28	1	2
RNA14	122	0	2
RNA39	34	18	3
RNA34_F	84	21	19520
RNA11_F	56	0	64
LSUB	123	1	1
RNA9	106	0	28
RNA34_F	84	22	1175
RNA11_F	56	1	217
RNA9	106	1	3
RNA34_F	84	23	194
RNA11_F	56	2	13
RNA14	122	3	1
RNA9	106	2	2
RNA34_F	84	24	43
RNA9	106	3	4
RNA34_F	84	25	105
SSUF_2	48	10	7
RNA14	122	5	1
RNA34_F	84	26	55
SSUF_2	48	11	14
RNA11_F	56	5	2
LSUB	109	10	1
RNA9	106	5	1
SSUF_2	48	12	24
LSUB	123	7	1
RNA9	106	6	17
SSUF_2	48	13	4
RNA11_F	93	10	98
SSUF_2	48	14	688
RNA11_F	93	11	1
RNA11_F	56	8	2
RNA35	17	0	12
RNA9	106	8	2
SSUF_2	48	15	289
RNA11_F	56	9	4
RNA9	106	9	1
SSUF_2	48	16	27
RNA11_F	93	13	1
LSUB	109	15	1
SSUF_2	48	17	11
SSUF_2	48	18	2
RNA11_F	93	15	1
SSUF_2	48	19	4
RNA11_F	93	18	1
RNA3	106	13	2
RNA31_F	109	11	1
RNA3	106	15	48
RNA3	106	16	2
RNA3	127	1	1
RNA8	115	10	54
RNA8	115	11	47
RNA2	63	10	13
RNA17	113	6	1
RNA8	115	12	2
RNA33_2	94	15	1
RNA2	63	11	35
SSUB	123	0	80
RNA8	115	13	10
RNA2	63	12	8
SSUB	123	1	19
RNA2	63	13	2
SSUB	123	2	827
RNA8	115	16	1
SSUB	123	4	62
SSUA	92	0	6
SSUB	123	5	1
RNA2	63	17	2
SSUB	123	6	1
RNA11_1	74	11	1
SSUB	123	8	1
RNA31_F	141	0	5
RNA6	118	0	1
RNA23t_2	65	16	4
LSUB	53	21	1
SSUF_2	80	10	1
SSUF_2	80	11	11
SSUF_2	80	12	3
SSUF_2	80	13	1
SSUF_2	80	14	2
LSUB	53	26	1
SSUF_2	80	15	1
LSUB	53	27	2
SSUF_2	80	16	3
RNA40	119	16	1
SSUF_2	80	18	1
RNA7	98	10	3
SSUF_2	80	19	3
RNA7	98	11	12
RNA7	98	12	4
RNA7	98	13	7
RNA7	98	14	3
RNA7	98	15	5
RNA7	98	16	4
RNA6	81	20	2
RNA7	98	17	4
RNA33_1	45	10	1
RNA7	98	18	318
RNA33_1	45	11	3
RNA7	98	19	699
RNA33_1	45	13	2
RNA14	125	0	1
LSUB	126	0	1
RNA6	81	25	4
RNA33_1	45	14	54
RNA11_F	59	0	3381
RNA9	109	0	1481
RNA33_1	45	15	4
RNA11_F	59	1	16056
RNA9	109	1	8
RNA11_F	59	2	16
RNA33_1	45	17	1
RNA11_F	59	3	4
RNA33_1	45	18	6
RNA11_F	59	4	17
RNA9	109	4	2
RNA33_1	45	19	1
RNA11_F	59	5	4
RNA34_F	100	35	2
RNA9	109	5	7
RNA34_F	100	36	13
RNA9	109	6	14
RNA37/38_F	105	5	1
RNA34_F	100	37	8
RNA14	125	8	4
RNA9	109	7	3
RNA37/38_F	105	6	4
RNA11_F	59	8	2
RNA11_F	59	9	1
RNA9	109	9	54
RNA34_F	132	0	10
RNA34_F	132	1	1
RNA34_F	132	4	1
RNA34_F	132	5	41
RNA34_F	132	6	14
RNA34_F	132	7	1
RNA14	83	48	2
RNA11_F	93	26	1
SSUB	126	0	72
SSUB	126	1	2
SSUB	126	2	2
SSUB	126	3	1
SSUA	95	0	19
SSUB	126	5	59
SSUB	126	6	1
SSUB	126	7	11
SSUA	95	4	1
RNA31_F	144	1	1
RNA31_F	144	3	2
RNA8	115	23	1
RNA23t_2	65	20	2
RNA23t_2	65	21	10
SSUF_2	80	20	1
SSUF_2	80	25	21
SSUF_2	80	26	1
RNA7	98	20	10
RNA14	128	8	1
RNA7	98	25	1
RNA6	102	0	2
RNA33_1	45	20	1
RNA33_1	45	21	9
RNA33_1	45	22	2
RNA34_F	135	0	1
RNA30	37	10	76
RNA6	102	5	2
RNA34_F	135	1	1
RNA30	37	11	64
RNA5_1	83	15	2
RNA34_F	83	10	165
RNA30	37	12	54
RNA34_F	83	11	174
RNA34_F	83	12	183
RNA34_F	83	13	186
RNA32_F	44	10	5
RNA6	102	9	1
RNA34_F	83	14	159
RNA32_F	44	11	8
RNA34_F	135	6	1
RNA34_F	83	15	205
RNA32_F	44	12	3
RNA34_F	135	7	2
RNA34_F	83	16	125
RNA32_F	44	13	2
RNA34_F	135	8	41
RNA17	119	0	3
RNA34_F	83	17	136
RNA34_F	135	9	13
RNA34_F	83	18	661
RNA34_F	83	19	17143
RNA32_F	44	16	2
RNA16	59	13	2
RNA16	59	15	1
RNA17	119	7	1
SSUB	129	0	7
RNA16	59	16	3
SSUB	129	1	6
RNA16	59	17	1
SSUB	129	3	439
SSUA	98	0	69
SSUB	129	4	4
SSUA	98	1	2
SSUB	129	5	9
SSUB	129	6	1
RNA9	145	13	1
RNA9	145	14	39
SSUB	129	8	66
RNA31_F	147	0	1
SSUB	129	9	1
RNA11_F	93	35	9
RNA34_1	64	11	3
RNA34_1	64	12	36
RNA34_1	64	13	12
RNA31_F	147	6	2
RNA34_1	64	14	8
RNA34_1	64	15	7
RNA34_1	64	16	1
RNA31_F	147	9	1
RNA34_1	64	17	1
RNA17	100	0	2
RNA34_1	64	18	1
RNA34_1	64	19	1
SSUB	110	0	269
SSUB	110	1	79
LSUB	52	10	3
SSUB	110	2	3
LSUB	52	11	1
SSUB	110	3	22
LSUB	52	12	1
RNA19	60	14	2
SSUA	118	10	2
SSUB	110	4	2
LSUB	52	13	1
SSUB	110	5	12
LSUB	52	14	1
SSUB	110	6	2
LSUB	52	15	1
SSUA	118	13	1
SSUB	110	7	46
LSUB	52	16	1
SSUB	110	8	5
SSUB	110	9	2
SSUA	118	17	1
SSUA	118	18	1
RNA43	37	14	63
RNA6	105	0	1
RNA6	105	1	3
RNA43	37	17	1
RNA6	80	10	2
RNA43	37	18	1
RNA6	80	11	1
RNA34_F	138	0	4
RNA6	80	12	3
RNA6	80	13	7
RNA6	105	6	1
RNA29	59	10	29
RNA17	51	10	57412
RNA6	80	14	1
RNA29	59	11	12
RNA17	51	11	2301
RNA6	105	8	1
RNA29	59	12	19
RNA17	51	12	287
RNA6	80	16	2
RNA6	105	9	1
RNA29	59	13	65
RNA17	51	13	83
RNA6	80	17	2
RNA29	59	14	4033
RNA5_F	118	10	8
RNA17	51	14	8
RNA6	80	18	79
RNA29	59	15	5
RNA5_F	118	11	24
RNA17	51	15	16
RNA6	80	19	5
RNA29	59	16	5
RNA39	32	0	40
RNA5_F	118	12	3
RNA39	33	10	2
RNA29	59	17	64
RNA39	32	1	7
RNA5_F	118	13	3
RNA39	33	11	5
RNA29	59	18	3
RNA39	32	2	7
RNA39	33	12	4
RNA29	59	19	1
RNA39	32	3	5
RNA39	33	13	3
RNA39	32	4	2
RNA39	33	14	2
SSUE_F	61	0	3
RNA39	32	5	6
RNA39	33	15	1106
SSUE_F	61	1	3
RNA39	32	6	7
RNA39	33	16	1
RNA39	32	7	7
RNA39	33	17	2
RNA34_F	83	20	11011
RNA39	32	8	3
RNA34_F	83	21	848
RNA34_F	83	22	302
RNA34_F	83	23	111
RNA34_F	83	24	135
RNA34_F	83	25	91
SSUF_2	47	10	15
SSUF_2	47	11	22
SSUF_2	47	12	6
SSUF_2	47	13	910
LSUB	108	12	1
SSUF_2	47	14	343
LSUB	108	13	2
SSUF_2	47	15	45
SSUF_2	47	16	21
SSUF_2	47	17	2
SSUF_2	47	18	11
RNA3	105	10	1
SSUF_2	47	19	6
RNA16	59	26	1
RNA3	105	11	1
RNA3	105	12	2
RNA31_F	108	10	1
RNA3	105	13	2
RNA3	105	14	52
RNA3	105	15	7
RNA17	103	0	1
RNA3	105	17	1
RNA17	103	4	1
RNA8	114	10	85
RNA34_1	64	20	1
RNA8	114	11	14
RNA2	62	10	48
RNA8	114	12	21
RNA2	62	11	26
SSUB	113	0	9
RNA2	62	12	6
SSUB	113	1	33
RNA5_F	150	10	1
RNA8	114	15	4
RNA2	62	14	3
SSUB	113	3	2
RNA5_F	150	11	2
RNA2	62	15	3
RNA5_F	150	12	2
RNA2	62	16	1
RNA5_F	150	13	1
SSUB	113	6	1
RNA5_F	150	14	1
SSUB	113	7	2
SSUB	113	8	13
RNA31_F	131	0	2
SSUB	113	9	1
RNA31_F	131	1	2
RNA23t_2	64	11	1
RNA5_F	150	18	1
RNA31_F	131	2	2
RNA23t_2	64	15	8
RNA6	108	0	2
RNA3	111	1	1
SSUE_2	28	10	855
RNA6	108	1	1
SSUE_2	28	11	100
RNA19	60	25	1
SSUE_2	28	12	54
RNA23t_2	64	19	2
LSUB	52	26	3
RNA7	97	10	9
RNA7	97	11	6
RNA7	97	12	8
RNA31_F	140	10	1
RNA39	35	0	31
RNA7	97	13	12
RNA39	35	1	1
RNA7	97	14	7
RNA7	97	15	2
RNA39	35	3	2
RNA7	97	16	4
RNA6	80	20	1
RNA39	35	4	1
RNA7	97	17	499
RNA6	80	21	1
RNA33_1	44	10	1
SSUE_F	64	0	1
RNA39	35	5	2
RNA7	97	18	1086
RNA6	80	22	1
RNA39	35	6	6
RNA7	97	19	2
RNA33_1	44	12	5
RNA29	59	20	2
RNA39	35	7	1
RNA6	80	24	7
RNA33_1	44	13	79
RNA11_F	49	0	11
RNA29	59	21	1
RNA33_1	44	14	6
RNA29	59	22	1
RNA39	35	9	4
RNA6	80	26	1
RNA11_F	49	2	1
RNA29	59	23	29
RNA33_1	44	16	3
RNA33_1	44	17	8
RNA33_1	44	18	4
SSUE_F	64	8	1
RNA33_1	44	19	6
RNA10_1	54	10	2
RNA34_F	122	0	21
RNA10_1	54	11	3
RNA34_F	122	1	2
RNA34_F	122	3	1
RNA10_1	54	14	1
RNA36	64	22	1
RNA34_F	122	4	3
RNA34_F	122	7	1
RNA17	106	0	1
RNA17	106	6	1
RNA15_F	49	21	1
RNA3	105	20	1
SSUB	116	0	6
SSUB	116	1	4
SSUA	150	28	1
SSUB	116	3	1
SSUB	116	6	1
RNA31_F	134	0	1
SSUB	116	9	1
RNA8	114	20	1
RNA8	114	22	2
RNA3	114	1	1
RNA5_F	150	21	32
RNA3	114	3	1
RNA6	109	16	1
RNA23t_2	64	20	20
RNA23t_2	64	21	1
RNA42	123	14	1
RNA39	38	0	6
RNA11_1	73	29	1
RNA28	99	31	1
RNA14	118	0	2
RNA39	38	7	2
RNA14	118	1	1
RNA7	97	20	1
RNA14	118	6	2
RNA33_1	44	20	16
LSUB	119	9	1
RNA33_1	44	21	6
RNA34_F	125	0	18
RNA30	36	10	31
RNA33_1	44	22	1
RNA30	36	11	52
RNA34_F	125	2	1
RNA34_F	82	10	141
RNA34_F	82	11	131
RNA34_F	125	4	4
RNA34_F	82	12	122
RNA34_F	82	13	103
RNA32_F	43	10	9
RNA34_F	82	14	149
RNA32_F	43	11	4
RNA34_F	82	15	97
RNA32_F	43	12	3
RNA34_F	125	8	1
RNA34_F	82	16	96
RNA14	112	0	3
RNA32_F	43	13	1
SSUB	99	0	207
RNA17	109	0	2
RNA34_F	82	17	613
SSUB	99	1	416
RNA5_F	118	35	1
RNA34_F	82	18	12543
RNA32_F	43	15	4
SSUB	99	2	2
RNA34_F	82	19	6359
RNA14	112	4	1
SSUB	119	0	170
RNA11_F	92	10	2
SSUB	119	1	4
RNA11_F	92	12	1
RNA11_F	92	13	2
SSUB	119	4	1
RNA15_1	62	23	1
RNA11_F	92	14	1
SSUB	119	5	1
LSUB	100	5	1
RNA11_F	92	17	1
SSUB	119	8	2
RNA11_F	92	19	1
RNA28	91	0	2
RNA34_1	63	10	1
RNA34_1	63	11	36
RNA34_1	63	12	23
SSUA	150	37	15
RNA34_1	63	13	5
RNA34_1	63	14	10
RNA3	117	2	2
RNA14	49	10	977
RNA34_1	63	15	1
RNA14	49	11	604
RNA34_1	63	16	5
RNA31_F	137	9	1
RNA14	49	12	751
RNA34_1	63	17	1
RNA14	49	13	666
RNA34_1	63	18	4
RNA14	49	14	221427
RNA34_1	63	19	1
RNA14	49	15	999
RNA14	49	16	93
RNA14	49	17	6
RNA14	49	18	39
RNA14	49	19	20
LSUB	51	11	1
LSUB	51	12	1
LSUB	51	13	1
LSUB	51	14	1
LSUB	51	15	6
RNA11_F	149	91	1
LSUB	51	16	1
SSUA	117	14	1
SSUA	117	15	1
LSUB	51	18	1
RNA43	36	10	1
LSUB	51	19	1
RNA43	36	13	89
RNA43	36	14	6
RNA43	36	17	1
RNA34_F	128	0	11
RNA13	150	116	1
RNA34_F	128	1	9
RNA34_F	128	2	1
RNA29	58	10	15
RNA17	50	10	2436
RNA34_F	128	3	1
RNA29	58	11	32
RNA17	50	11	366
RNA34_F	128	4	1
RNA29	58	12	248
RNA17	50	12	127
RNA29	58	13	13653
RNA17	50	13	23
RNA29	58	14	14
RNA17	50	14	18
RNA29	58	15	16
RNA17	50	15	4
RNA34_F	128	8	2
RNA29	58	16	182
RNA39	32	10	5
RNA17	50	16	1
RNA29	58	17	6
RNA39	32	11	3
RNA29	58	18	2
RNA39	32	12	2
RNA14	115	3	1
RNA29	58	19	4
RNA39	32	13	5
RNA14	115	4	1
RNA39	32	14	865
SSUE_F	51	0	8
RNA39	32	15	5
SSUE_F	51	1	12
RNA39	32	16	1
SSUE_F	51	2	1
RNA34_F	82	20	486
SSUE_F	51	3	12
LSUB	103	0	1
RNA34_F	82	21	254
SSUE_F	51	4	2
LSUB	103	1	1
RNA34_F	82	22	151
SSUE_F	51	5	1
RNA34_F	82	23	162
RNA34_F	82	24	121
SSUE_F	51	8	29
SSUD	92	0	1278
SSUE_F	51	9	2
SSUD	92	1	483
SSUD	92	2	248
SSUD	92	3	270
LSUB	107	12	7
LSUB	103	8	1
SSUD	92	4	156
SSUD	92	5	186
SSUD	92	6	284
RNA14	82	45	1
SSUD	92	7	128
LSUB	107	16	1
RNA15_F	48	10	1
SSUD	92	8	81
RNA14	82	47	1
RNA15_F	48	11	1
RNA11_F	92	20	1
SSUD	92	9	90
RNA15_F	48	12	2
RNA15_F	48	14	1
RNA11_F	92	27	1
RNA8	113	10	14
RNA8	113	11	27
RNA2	61	10	27
RNA2	61	11	10
RNA29	90	12	1
RNA2	61	12	4
RNA8	113	14	5
RNA2	61	13	2
RNA14	49	20	12
RNA2	61	14	3
RNA8	113	16	1
RNA2	61	16	1
RNA10_1	92	7	1
RNA2	61	17	1
RNA8	113	19	2
RNA31_F	121	0	1
RNA15_1	29	10	282
RNA15_1	29	11	26
RNA15_1	29	12	4
RNA23t_2	63	14	9
RNA3	101	0	32
LSUB	51	20	1
RNA3	101	1	8
RNA23t_2	63	16	1
SSUE_2	27	10	78
RNA3	101	2	3
RNA29	91	46	1
SSUE_2	27	11	42
RNA3	101	3	5
RNA23t_2	63	18	2
RNA23t_2	63	19	32
RNA3	101	5	9
LSUB	51	25	21
RNA31_F	90	0	14
RNA3	101	6	2
RNA3	101	7	2
RNA31_F	90	2	4
RNA3	101	8	33
RNA31_F	90	3	3
RNA3	101	9	10
RNA31_F	90	4	1
RNA7	96	10	23
RNA7	96	11	12
RNA7	96	12	16
RNA7	96	13	6
RNA7	96	14	6
RNA7	96	15	19
RNA7	96	16	830
RNA33_1	43	10	1
RNA7	96	17	1586
SSUE_F	54	0	9
RNA33_1	43	11	3
RNA7	96	18	17
SSUE_F	54	1	2
RNA33_1	43	12	81
SSUE_F	54	2	1
RNA33_1	43	13	6
RNA29	58	20	1
RNA39	25	7	2
SSUE_F	54	3	1
RNA33_1	43	14	3
RNA29	58	21	3
RNA33_1	43	15	5
RNA29	58	22	67
SSUE_F	54	5	1
RNA33_1	43	16	3
SSUE_F	54	6	21
RNA33_1	43	17	5
SSUE_F	54	7	26
RNA33_1	43	18	9
SSUE_F	54	8	3
RNA33_1	43	19	33
SSUD	95	0	268
SSUE_F	54	9	7
SSUD	95	1	82
SSUD	95	2	67
SSUD	95	3	107
SSUD	95	4	95
RNA10_1	53	10	8
SSUD	95	5	50
RNA14	81	23	1
RNA34_F	112	0	97
SSUD	95	6	57
RNA28	97	0	2
RNA34_F	112	1	2
SSUD	95	7	38
RNA34_F	112	2	1
SSUD	95	8	36
RNA34_F	112	3	2
SSUD	95	9	42
RNA34_F	112	4	10
RNA16	58	10	1
RNA34_F	112	5	20
RNA34_F	112	6	16
RNA34_F	112	7	7
RNA16	58	15	9
RNA9	144	10	1
RNA15_F	48	20	3
RNA10_1	95	0	2
RNA9	144	13	41
RNA11_F	92	31	1
RNA15_F	48	23	1
RNA9	144	16	2
RNA11_F	92	34	15
RNA7	139	20	1
RNA29	90	20	1
RNA8	113	21	8
RNA3	104	0	4
RNA6	108	12	1
RNA3	104	1	1
RNA3	104	2	2
RNA31_F	93	0	1
RNA3	104	6	1
SSUB	100	0	301
RNA31_F	93	1	1
RNA3	104	7	2
SSUB	100	1	456
RNA31_F	93	2	3
RNA3	104	8	4
SSUB	100	2	2
RNA11_F	59	11	1
RNA11_F	59	12	2
RNA39	28	0	3
RNA39	28	1	2
RNA5_F	150	53	1
RNA5_F	150	54	1
SSUE_F	57	0	13
RNA5_F	150	55	2
SSUE_F	57	1	26
LSUB	109	1	1
RNA7	96	22	1
SSUE_F	57	8	3
SSUD	98	0	96
SSUE_F	57	9	8
SSUD	98	1	19
SSUD	98	2	191
SSUD	98	3	195
RNA33_1	43	20	10
SSUD	98	4	42
RNA14	126	13	1
SSUD	98	5	49
RNA5_F	117	10	29
RNA34_F	115	0	67
RNA30	35	10	29
SSUD	98	6	13
RNA5_F	117	11	2
RNA34_F	115	1	1
SSUD	98	7	8
SSUD	98	8	6
RNA34_F	115	2	1
RNA34_F	81	10	100
SSUD	98	9	4
RNA5_F	117	14	1
RNA34_F	81	11	134
RNA34_F	115	4	1
RNA34_F	81	12	122
RNA34_F	115	5	11
RNA34_F	81	13	176
RNA34_F	115	6	12
RNA34_F	81	14	117
RNA34_F	115	7	3
RNA34_F	81	15	153
RNA14	102	0	2
RNA34_F	81	16	633
RNA34_F	81	17	12643
RNA14	102	2	2
RNA34_F	81	18	4901
RNA34_F	81	19	244
RNA14	102	4	29
SSUF_2	46	10	22
RNA14	102	6	1
SSUF_2	46	11	10
RNA10_1	98	0	1
SSUF_2	46	12	961
SSUF_2	46	13	519
RNA11_F	91	10	2
SSUF_2	46	14	64
SSUF_2	46	15	33
RNA11_F	91	12	1
SSUF_2	46	16	3
SSUF_2	46	17	14
RNA11_F	91	14	1
SSUF_2	46	18	8
RNA11_F	91	15	1
RNA11_F	91	16	1
RNA3	104	11	4
RNA11_F	91	17	1
RNA16	58	27	1
RNA3	104	12	3
RNA11_F	91	18	1
RNA11_F	91	19	1
RNA3	104	13	52
RNA31_F	127	1	1
RNA3	104	14	5
RNA3	104	15	2
RNA34_1	62	10	28
RNA3	104	16	1
RNA34_1	62	11	18
RNA34_1	62	12	6
RNA3	107	0	6
RNA34_1	62	13	8
RNA3	107	1	2
RNA3	107	2	1
RNA34_1	62	15	4
RNA34_1	62	16	3
RNA34_1	62	17	4
RNA3	107	5	2
RNA34_1	62	18	1
RNA31_F	96	0	2
SSUB	103	0	353
RNA31_F	96	1	1
SSUB	103	1	824
SSUB	103	2	6
SSUB	103	3	20
SSUB	103	4	1
SSUB	103	5	2
RNA31_F	96	6	1
LSUB	50	10	1
RNA31_F	96	8	1
LSUB	50	11	1
RNA31_F	96	9	2
LSUB	50	12	3
RNA8	150	0	50
RNA10_F	119	11	2
LSUB	50	13	3
RNA8	150	1	97
RNA8	150	2	163
RNA8	150	3	6
RNA28	97	10	1
LSUB	50	16	1
RNA8	150	4	3
LSUB	50	17	4
RNA8	150	5	4
RNA8	150	6	6
RNA28	97	13	1
LSUB	50	19	1
RNA8	150	7	1
RNA43	35	10	1
RNA43	35	12	59
RNA40	117	14	1
RNA43	35	13	7
RNA43	35	15	1
RNA43	35	16	1
RNA34_F	118	0	38
RNA34_F	118	1	1
RNA5_F	150	67	21
RNA34_F	118	5	4
RNA34_F	118	6	5
RNA34_F	118	7	1
RNA14	105	0	46
RNA40	90	0	2
RNA14	105	4	1
SSUE_F	41	0	78
SSUE_F	41	1	112
SSUE_F	41	2	8
RNA14	105	7	15
RNA34_F	81	20	144
RNA34_F	81	21	144
RNA29	95	0	2
RNA34_F	81	22	209
RNA34_F	81	23	195
RNA14	80	19	1
RNA29	95	5	1
LSUB	106	11	2
LSUB	106	12	1
RNA14	81	46	2
RNA11_F	91	20	1
RNA11_F	145	14	1
RNA11_F	91	23	1
SSUB	106	0	67
RNA31_F	99	0	1
RNA11_F	91	27	1
SSUB	106	1	185
SSUB	106	2	2
RNA31_F	99	2	2
SSUB	106	3	28
RNA33_2	91	11	1
SSUB	106	4	16
RNA31_F	99	4	1
RNA5_1	49	10	15
RNA8	112	10	32
RNA5_1	49	11	9
SSUB	106	6	2
RNA8	112	11	1
RNA2	60	10	19
RNA5_1	49	12	1
RNA2	60	11	13
RNA5_1	49	13	45
RNA8	112	13	4
SSUB	106	8	6
RNA2	60	12	3
RNA2	60	13	5
RNA31_F	99	9	1
RNA5_1	49	15	4
RNA8	112	15	1
RNA5_1	49	16	1
SSUB	147	11	1
RNA5_1	49	17	14
RNA2	60	16	1
SSUB	147	14	1
RNA8	112	19	1
LSUB	50	20	1
SSUE_2	26	10	25
LSUB	50	22	2
LSUB	50	24	26
LSUB	50	25	1
RNA11_1	72	27	1
RNA7	95	10	25
RNA7	95	11	33
RNA7	95	12	7
RNA7	95	13	11
RNA14	108	0	1
RNA7	95	14	16
RNA14	108	1	1
RNA7	95	15	1366
RNA7	95	16	2609
RNA7	95	17	28
RNA33_1	42	10	5
RNA14	108	4	1
SSUE_F	44	0	321
RNA7	95	18	1
RNA33_1	42	11	51
RNA14	108	5	1
RNA15_F	72	0	2
SSUE_F	44	1	1534
RNA33_1	42	12	5
SSUE_F	44	2	8
RNA33_1	42	13	2
SSUE_F	44	3	1
RNA33_1	42	14	4
RNA15_F	72	3	1
SSUE_F	44	4	11
RNA33_1	42	15	3
RNA14	108	9	1
RNA29	98	0	2
RNA18	66	18	1
RNA33_1	42	16	6
RNA33_1	42	17	9
RNA33_1	42	18	72
RNA29	98	3	1
RNA33_1	42	19	13
RNA11_1	150	108	1
RNA32_F	42	10	4
RNA32_F	42	11	3
RNA34_F	102	0	3546
RNA34_F	102	1	304
RNA32_F	42	14	1
RNA34_F	102	2	28
RNA34_F	102	3	30
RNA34_F	102	4	163
RNA34_F	102	5	327
RNA34_F	102	6	135
RNA34_F	102	7	53
RNA34_F	102	8	5
RNA10_1	52	19	1
RNA16	57	14	5
RNA34_F	102	9	1
SSUB	109	0	22
SSUB	109	1	25
RNA16	57	17	1
SSUB	109	3	6
SSUB	109	4	7
RNA16	57	19	1
SSUB	109	5	8
RNA9	143	12	79
SSUB	109	6	32
SSUB	109	7	5
SSUB	109	8	1
RNA31_F	79	10	3
SSUB	109	9	8
RNA31_F	79	11	1
RNA11_F	91	33	29
RNA31_F	79	12	1
RNA31_F	79	13	4
RNA11_F	91	35	1
RNA28	81	0	1
RNA31_F	79	14	368
RNA31_F	79	15	3
RNA14	48	10	530
RNA31_F	79	19	1
RNA8	112	20	3
RNA14	48	11	587
RNA28	81	7	1
RNA14	48	12	492
RNA14	48	13	162738
RNA23t_F	89	11	1
RNA6	107	11	1
RNA14	48	14	1117
RNA14	48	15	113
RNA14	48	16	35
RNA23t_F	89	14	1
SSUB	147	21	3
RNA6	107	14	1
RNA14	48	17	52
RNA14	48	18	24
RNA14	48	19	18
RNA23t_F	89	18	1
RNA23t_F	89	19	1
RNA11_F	58	10	2
SSUA	116	10	2
RNA11_F	58	11	1
SSUA	116	16	2
SSUE_F	47	0	130
SSUA	116	18	1
SSUE_F	47	1	49
SSUE_F	47	2	3
SSUE_F	47	3	2
SSUE_F	47	4	17
SSUE_F	47	5	2
RNA7	95	20	1
SSUE_F	47	6	4
RNA33_2	59	10	1
SSUE_F	47	7	4
RNA33_2	59	11	1
RNA29	57	10	59
RNA33_2	59	14	2
RNA29	57	11	695
RNA14	125	11	1
RNA29	57	12	49029
RNA33_1	42	20	2
RNA29	57	13	42
RNA33_2	59	17	1
RNA1	130	15	1
RNA33_1	42	21	1
RNA29	57	14	31
RNA5_F	116	10	1
RNA33_2	59	18	1
RNA34_F	105	0	1387
RNA29	57	15	558
RNA5_F	116	11	1
RNA34_F	105	1	30
RNA29	57	16	9
RNA5_F	116	12	1
RNA34_F	80	10	148
RNA34_F	105	2	11
RNA29	57	17	4
RNA11_1	150	110	1
RNA39	31	11	2
RNA34_F	80	11	145
RNA34_F	105	3	16
RNA29	57	18	19
RNA5_1	105	8	1
RNA39	31	12	1
RNA34_F	80	12	209
RNA34_F	105	4	31
RNA29	57	19	5
RNA5_1	80	17	1
RNA39	31	13	525
RNA34_F	80	13	126
RNA34_F	105	5	97
RNA39	31	14	2
RNA34_F	80	14	153
RNA34_F	105	6	50
RNA5_F	116	17	1
RNA39	31	15	3
RNA34_F	80	15	849
RNA34_F	105	7	13
RNA5_F	116	18	1
RNA34_F	80	16	14305
RNA34_F	105	8	2
RNA34_F	80	17	4903
RNA34_F	80	18	153
RNA34_F	80	19	79
SSUF_2	45	10	5
SSUF_2	45	11	836
SSUD	82	0	4145
SSUF_2	45	12	592
SSUD	82	1	871
SSUF_2	45	13	83
RNA11_F	90	10	1
SSUD	82	2	371
SSUF_2	45	14	50
SSUD	82	3	288
SSUF_2	45	15	2
RNA11_F	90	12	1
SSUD	82	4	285
SSUF_2	45	16	17
SSUD	82	5	415
SSUF_2	45	17	12
SSUD	82	6	621
SSUF_2	45	18	2
RNA11_F	90	15	2
SSUD	82	7	27
RNA11_F	90	16	2
SSUD	82	8	88
RNA15_F	47	11	2
RNA3	103	10	8
SSUD	82	9	555
RNA3	103	12	75
RNA31_F	117	0	3
RNA3	103	13	15
RNA13	87	17	2
RNA3	103	14	4
RNA34_1	61	10	15
RNA34_1	61	11	3
RNA15_F	47	18	2
RNA34_1	61	12	5
RNA34_1	61	13	1
RNA34_1	61	14	7
RNA34_1	61	15	4
RNA34_1	61	16	8
RNA34_1	61	17	2
RNA23t_F	89	20	1
RNA40	99	0	1
RNA11_1	71	11	1
RNA10_F	118	10	1
RNA23t_2	62	10	2
RNA8	140	0	1
RNA23t_2	62	11	2
RNA15_1	28	10	36
RNA10_F	118	13	2
RNA15_1	28	11	12
RNA23t_2	62	13	6
RNA8	140	3	2
RNA10_F	118	14	1
RNA8	140	4	2
RNA8	140	5	2
RNA23t_2	62	16	2
RNA8	140	6	1
RNA23t_2	62	18	71
RNA43	34	11	52
RNA43	34	12	4
RNA31_F	80	0	29
RNA43	34	14	1
RNA31_F	80	1	6
RNA31_F	80	2	8
RNA31_F	80	4	2
RNA31_F	80	5	3
RNA31_F	80	6	3
RNA34_F	108	0	328
RNA34_F	108	1	6
RNA31_F	80	8	2
RNA34_F	108	2	5
RNA31_F	80	9	1
RNA34_F	108	3	3
RNA34_F	108	4	15
RNA11_1	91	0	2
RNA34_F	108	5	32
RNA34_F	108	6	28
RNA34_F	108	7	3
RNA29	57	20	2
RNA29	57	21	266
RNA11_1	91	6	1
SSUD	85	0	3669
RNA34_F	80	20	100
SSUD	85	1	1173
RNA34_F	80	21	154
SSUD	85	2	368
RNA34_F	80	22	305
SSUD	85	3	290
SSUD	85	4	267
SSUD	85	5	231
SSUD	85	6	295
SSUD	85	7	179
SSUD	85	8	241
LSUB	105	10	1
SSUD	85	9	335
RNA14	80	45	1
RNA11_F	90	20	1
RNA11_F	90	22	1
RNA15_F	47	20	4
RNA3	103	21	1
RNA11_F	90	28	1
RNA3	103	22	1
RNA5_1	48	10	15
RNA5_1	48	11	1
RNA5_1	48	12	27
RNA5_1	48	13	3
RNA5_1	48	14	6
RNA5_1	48	15	1
RNA5_1	48	16	11
RNA8	143	0	4
RNA23t_F	92	3	1
RNA8	143	6	1
RNA31_F	83	0	26
RNA31_F	83	1	1
RNA31_F	83	2	3
RNA11_1	71	23	1
RNA23t_2	62	20	3
RNA31_F	83	3	1
RNA31_F	83	4	1
RNA31_F	83	5	2
RNA31_F	83	8	1
RNA16	150	0	4
RNA31_F	83	9	9
SSUD	88	0	4094
SSUD	88	1	1837
SSUD	88	2	659
SSUD	88	3	528
SSUD	119	16	1
SSUD	88	4	305
SSUD	88	5	376
SSUD	88	6	385
SSUD	88	7	265
SSUD	88	8	185
SSUD	88	9	188
RNA32_F	41	10	3
RNA32_F	41	11	1
RNA10_1	51	10	1
RNA32_F	41	12	1
RNA32_F	41	13	7
RNA10_1	51	12	2
RNA10_1	51	18	2
RNA16	56	13	1
RNA16	56	14	2
RNA29	82	0	25
RNA16	56	16	1
RNA29	82	1	1
RNA9	142	11	69
RNA9	142	12	1
RNA29	82	5	1
RNA11_F	90	31	1
RNA11_F	90	32	33
RNA11_F	90	33	2
RNA8	146	0	1
RNA23t_F	95	0	2
RNA8	146	3	1
RNA28	71	2	1
RNA8	146	4	1
RNA8	146	5	2
RNA14	47	10	333
RNA14	47	11	290
RNA14	47	12	88951
RNA29	150	0	9
RNA14	47	13	813
RNA31_F	86	0	12
RNA29	150	1	1
RNA14	47	14	130
RNA14	47	15	40
RNA31_F	86	2	1
RNA29	150	3	2
SSUB	146	20	2
RNA14	47	16	81
RNA31_F	86	3	1
RNA14	47	17	30
RNA14	47	18	24
RNA31_F	86	5	1
SSUB	146	25	2
RNA31_F	86	8	8
RNA31_F	86	9	1
SSUE_1	65	28	1
RNA31_1	59	10	2
SSUA	115	14	2
SSUA	115	15	3
SSUA	115	17	2
RNA23t_1	69	11	1
RNA33_2	58	13	2
RNA29	56	10	1231
RNA29	56	11	147169
RNA29	56	12	82
SSUD	119	20	1
RNA29	56	13	58
RNA33_2	58	17	1
RNA29	56	14	1518
RNA29	56	15	43
RNA39	30	10	2
RNA29	56	16	3
RNA39	30	11	1
RNA40	80	1	1
RNA43	119	15	2
RNA29	56	17	49
RNA39	30	12	201
RNA29	56	18	6
RNA39	30	13	1
RNA43	119	17	2
RNA29	56	19	8
RNA29	85	0	4
SSUF_2	44	10	689
SSUF_2	44	11	739
RNA19	133	17	1
SSUD	72	0	34053
SSUF_2	44	12	102
SSUD	72	1	2460
SSUF_2	44	13	59
SSUD	72	2	149
SSUF_2	44	14	6
SSUD	72	3	1721
RNA2	128	11	1
SSUF_2	44	15	27
SSUD	72	4	86
SSUF_2	44	16	48
SSUD	72	5	125
RNA8	149	0	5
SSUF_2	44	17	3
SSUD	72	6	4320
RNA8	149	1	2
RNA28	74	0	18
RNA8	149	2	1
RNA15_F	46	10	4
SSUD	72	7	249
SSUD	72	8	33
RNA3	102	10	4
RNA23t_F	98	3	2
SSUD	72	9	37
RNA3	102	11	116
RNA3	102	12	8
RNA8	149	6	1
RNA3	102	13	4
RNA3	102	14	1
RNA15_F	46	17	2
RNA34_1	60	10	3
RNA31_F	89	0	3
RNA15_F	46	18	5
RNA34_1	60	11	3
RNA31_F	89	1	16
RNA15_F	46	19	2
RNA34_1	60	12	1
RNA31_F	89	2	2
RNA34_1	60	13	2
RNA31_F	105	18	2
RNA34_1	60	14	4
RNA31_F	89	4	1
RNA34_1	60	15	4
RNA8	111	10	4
RNA34_1	60	16	1
RNA10_1	72	0	7
RNA8	111	12	7
RNA10_1	72	1	1
RNA10_1	72	2	1
RNA8	111	14	3
RNA10_1	72	3	1
RNA10_1	72	4	1
RNA10_1	72	6	3
RNA8	111	18	3
RNA8	111	19	9
RNA10_1	72	8	1
RNA23t_2	61	10	1
RNA8	130	0	2
RNA23t_2	61	12	15
RNA15_1	27	10	7
RNA11_1	70	15	1
RNA42	92	0	1
RNA23t_2	61	13	3
RNA15_F	68	0	2
RNA8	130	2	3
RNA23t_2	61	14	2
RNA11_1	70	17	1
RNA23t_2	61	15	3
RNA8	130	4	2
RNA31_F	101	5	1
RNA23t_2	61	16	3
RNA8	130	5	3
RNA28	121	11	1
RNA23t_2	61	17	95
RNA8	130	7	1
RNA23t_2	61	18	2
RNA31_F	101	8	1
RNA23t_2	61	19	3
RNA8	130	9	1
RNA31_1	59	20	1
RNA31_F	70	0	9
RNA42	92	9	1
RNA7	94	10	26
RNA31_F	70	4	1
RNA7	94	11	13
RNA31_F	70	5	50
RNA7	94	12	12
RNA7	94	13	33
RNA40	83	0	1
RNA31_F	70	7	3
RNA7	94	14	2126
RNA31_F	70	8	1
RNA7	94	15	4574
RNA7	94	16	47
RNA7	94	17	1
RNA33_1	41	10	28
RNA33_1	41	11	6
RNA33_1	41	12	3
RNA33_1	41	13	9
RNA29	56	20	566
RNA33_1	41	14	7
RNA33_1	41	15	6
RNA29	88	0	1
RNA33_1	41	16	21
RNA29	88	1	1
RNA33_1	41	17	133
RNA33_1	41	18	33
RNA33_1	41	19	3
SSUD	75	0	1147
SSUD	75	1	519
SSUD	75	2	791
RNA29	88	6	1
SSUD	75	3	134858
SSUD	75	4	3440
SSUD	75	5	349
SSUD	75	6	4444
RNA28	77	0	6
SSUD	75	7	122
RNA28	77	1	1
LSUB	104	10	1
SSUD	75	8	74
SSUD	75	9	12091
RNA28	77	3	1
LSUB	104	18	2
RNA15_F	46	21	1
RNA10_1	75	0	1
RNA15_F	46	22	2
RNA31_F	78	11	2
RNA31_F	78	12	6
RNA31_F	78	13	420
RNA5_1	47	11	32
RNA31_F	78	14	2
RNA5_1	47	12	1
RNA31_F	78	15	2
RNA5_1	47	13	7
RNA31_F	104	0	2
RNA5_1	47	15	12
RNA31_F	78	18	1
RNA31_F	104	1	1
SSUB	145	10	1
RNA8	133	0	3
RNA23t_F	82	0	1
RNA42	95	0	1
RNA31_F	104	3	1
RNA8	133	2	3
RNA23t_F	82	2	5
RNA8	133	3	1
RNA8	133	5	4
